2024-10-20 03:52:54,761 INFO    StreamThr :3186673 [internal.py:wandb_internal():86] W&B internal server running at pid: 3186673, started at: 2024-10-20 03:52:54.761359
2024-10-20 03:52:54,763 DEBUG   HandlerThread:3186673 [handler.py:handle_request():146] handle_request: status
2024-10-20 03:52:54,765 INFO    WriterThread:3186673 [datastore.py:open_for_write():85] open: /data/ljc/aq/hw2/p2/wandb/run-20241020_035254-40nt4ean/run-40nt4ean.wandb
2024-10-20 03:52:54,765 DEBUG   SenderThread:3186673 [sender.py:send():382] send: header
2024-10-20 03:52:54,770 DEBUG   SenderThread:3186673 [sender.py:send():382] send: run
2024-10-20 03:52:55,008 INFO    SenderThread:3186673 [dir_watcher.py:__init__():211] watching files in: /data/ljc/aq/hw2/p2/wandb/run-20241020_035254-40nt4ean/files
2024-10-20 03:52:55,008 INFO    SenderThread:3186673 [sender.py:_start_run_threads():1136] run started: 40nt4ean with start time 1729421574.760963
2024-10-20 03:52:55,014 DEBUG   HandlerThread:3186673 [handler.py:handle_request():146] handle_request: check_version
2024-10-20 03:52:55,014 DEBUG   SenderThread:3186673 [sender.py:send_request():409] send_request: check_version
2024-10-20 03:52:55,631 DEBUG   HandlerThread:3186673 [handler.py:handle_request():146] handle_request: status_report
2024-10-20 03:53:00,014 DEBUG   HandlerThread:3186673 [handler.py:handle_request():146] handle_request: keepalive
2024-10-20 03:53:00,067 DEBUG   HandlerThread:3186673 [handler.py:handle_request():146] handle_request: status_report
2024-10-20 03:53:00,632 DEBUG   HandlerThread:3186673 [handler.py:handle_request():146] handle_request: status_report
2024-10-20 03:53:05,015 DEBUG   HandlerThread:3186673 [handler.py:handle_request():146] handle_request: keepalive
2024-10-20 03:53:05,068 DEBUG   HandlerThread:3186673 [handler.py:handle_request():146] handle_request: status_report
2024-10-20 03:53:05,632 DEBUG   HandlerThread:3186673 [handler.py:handle_request():146] handle_request: status_report
2024-10-20 03:53:10,016 DEBUG   HandlerThread:3186673 [handler.py:handle_request():146] handle_request: keepalive
2024-10-20 03:53:10,068 DEBUG   HandlerThread:3186673 [handler.py:handle_request():146] handle_request: status_report
2024-10-20 03:53:10,633 DEBUG   HandlerThread:3186673 [handler.py:handle_request():146] handle_request: status_report
2024-10-20 03:53:15,017 DEBUG   HandlerThread:3186673 [handler.py:handle_request():146] handle_request: keepalive
2024-10-20 03:53:15,069 DEBUG   HandlerThread:3186673 [handler.py:handle_request():146] handle_request: status_report
2024-10-20 03:53:15,633 DEBUG   HandlerThread:3186673 [handler.py:handle_request():146] handle_request: status_report
2024-10-20 03:53:20,017 DEBUG   HandlerThread:3186673 [handler.py:handle_request():146] handle_request: keepalive
2024-10-20 03:53:20,070 DEBUG   HandlerThread:3186673 [handler.py:handle_request():146] handle_request: status_report
2024-10-20 03:53:20,634 DEBUG   HandlerThread:3186673 [handler.py:handle_request():146] handle_request: status_report
2024-10-20 03:53:25,021 DEBUG   HandlerThread:3186673 [handler.py:handle_request():146] handle_request: run_start
2024-10-20 03:53:25,022 DEBUG   HandlerThread:3186673 [system_info.py:__init__():32] System info init
2024-10-20 03:53:25,022 DEBUG   HandlerThread:3186673 [system_info.py:__init__():47] System info init done
2024-10-20 03:53:25,022 INFO    HandlerThread:3186673 [system_monitor.py:start():194] Starting system monitor
2024-10-20 03:53:25,022 INFO    SystemMonitor:3186673 [system_monitor.py:_start():158] Starting system asset monitoring threads
2024-10-20 03:53:25,023 INFO    HandlerThread:3186673 [system_monitor.py:probe():214] Collecting system info
2024-10-20 03:53:25,023 INFO    SystemMonitor:3186673 [interfaces.py:start():190] Started cpu monitoring
2024-10-20 03:53:25,024 INFO    SystemMonitor:3186673 [interfaces.py:start():190] Started disk monitoring
2024-10-20 03:53:25,024 INFO    SystemMonitor:3186673 [interfaces.py:start():190] Started gpu monitoring
2024-10-20 03:53:25,025 INFO    SystemMonitor:3186673 [interfaces.py:start():190] Started memory monitoring
2024-10-20 03:53:25,025 INFO    SystemMonitor:3186673 [interfaces.py:start():190] Started network monitoring
2024-10-20 03:53:25,066 DEBUG   HandlerThread:3186673 [system_info.py:probe():196] Probing system
2024-10-20 03:53:25,066 DEBUG   HandlerThread:3186673 [system_info.py:_probe_git():181] Probing git
2024-10-20 03:53:25,074 DEBUG   HandlerThread:3186673 [system_info.py:_probe_git():189] Probing git done
2024-10-20 03:53:25,074 DEBUG   HandlerThread:3186673 [system_info.py:probe():244] Probing system done
2024-10-20 03:53:25,074 DEBUG   HandlerThread:3186673 [system_monitor.py:probe():223] {'os': 'Linux-5.14.0-362.24.1.el9_3.0.1.x86_64-x86_64-with-glibc2.34', 'python': '3.11.8', 'heartbeatAt': '2024-10-20T10:53:25.066417', 'startedAt': '2024-10-20T10:52:54.755491', 'docker': None, 'cuda': None, 'args': (), 'state': 'running', 'program': '<python with no main file>', 'codePathLocal': None, 'git': {'remote': 'https://github.com/yaqangela/hw2.git', 'commit': '8240e92fb1c1a2516e24e70c91c60e610b98845d'}, 'email': 'ljcpro@outlook.com', 'root': '/data/ljc/aq/hw2', 'host': 'alps1', 'username': 'ljc', 'executable': '/home/ljc/miniconda3/envs/sbit/bin/python', 'cpu_count': 32, 'cpu_count_logical': 64, 'cpu_freq': {'current': 3033.576546875, 'min': 1500.0, 'max': 3000.0}, 'cpu_freq_per_core': [{'current': 3000.0, 'min': 1500.0, 'max': 3000.0}, {'current': 3000.0, 'min': 1500.0, 'max': 3000.0}, {'current': 3000.0, 'min': 1500.0, 'max': 3000.0}, {'current': 3000.0, 'min': 1500.0, 'max': 3000.0}, {'current': 3000.0, 'min': 1500.0, 'max': 3000.0}, {'current': 3000.0, 'min': 1500.0, 'max': 3000.0}, {'current': 3000.0, 'min': 1500.0, 'max': 3000.0}, {'current': 3000.0, 'min': 1500.0, 'max': 3000.0}, {'current': 3000.0, 'min': 1500.0, 'max': 3000.0}, {'current': 3000.0, 'min': 1500.0, 'max': 3000.0}, {'current': 3000.0, 'min': 1500.0, 'max': 3000.0}, {'current': 3000.0, 'min': 1500.0, 'max': 3000.0}, {'current': 3000.0, 'min': 1500.0, 'max': 3000.0}, {'current': 3000.0, 'min': 1500.0, 'max': 3000.0}, {'current': 3000.0, 'min': 1500.0, 'max': 3000.0}, {'current': 3000.0, 'min': 1500.0, 'max': 3000.0}, {'current': 3000.0, 'min': 1500.0, 'max': 3000.0}, {'current': 3000.0, 'min': 1500.0, 'max': 3000.0}, {'current': 3000.0, 'min': 1500.0, 'max': 3000.0}, {'current': 3000.0, 'min': 1500.0, 'max': 3000.0}, {'current': 3000.0, 'min': 1500.0, 'max': 3000.0}, {'current': 3000.0, 'min': 1500.0, 'max': 3000.0}, {'current': 3000.0, 'min': 1500.0, 'max': 3000.0}, {'current': 3000.0, 'min': 1500.0, 'max': 3000.0}, {'current': 3724.136, 'min': 1500.0, 'max': 3000.0}, {'current': 3000.0, 'min': 1500.0, 'max': 3000.0}, {'current': 3000.0, 'min': 1500.0, 'max': 3000.0}, {'current': 3000.0, 'min': 1500.0, 'max': 3000.0}, {'current': 3000.0, 'min': 1500.0, 'max': 3000.0}, {'current': 3000.0, 'min': 1500.0, 'max': 3000.0}, {'current': 3000.0, 'min': 1500.0, 'max': 3000.0}, {'current': 3000.0, 'min': 1500.0, 'max': 3000.0}, {'current': 3000.0, 'min': 1500.0, 'max': 3000.0}, {'current': 3000.0, 'min': 1500.0, 'max': 3000.0}, {'current': 3000.0, 'min': 1500.0, 'max': 3000.0}, {'current': 3000.0, 'min': 1500.0, 'max': 3000.0}, {'current': 3000.0, 'min': 1500.0, 'max': 3000.0}, {'current': 3000.0, 'min': 1500.0, 'max': 3000.0}, {'current': 3000.0, 'min': 1500.0, 'max': 3000.0}, {'current': 3000.0, 'min': 1500.0, 'max': 3000.0}, {'current': 3000.0, 'min': 1500.0, 'max': 3000.0}, {'current': 3000.0, 'min': 1500.0, 'max': 3000.0}, {'current': 3000.0, 'min': 1500.0, 'max': 3000.0}, {'current': 3000.0, 'min': 1500.0, 'max': 3000.0}, {'current': 3000.0, 'min': 1500.0, 'max': 3000.0}, {'current': 3000.0, 'min': 1500.0, 'max': 3000.0}, {'current': 3000.0, 'min': 1500.0, 'max': 3000.0}, {'current': 3000.0, 'min': 1500.0, 'max': 3000.0}, {'current': 3000.0, 'min': 1500.0, 'max': 3000.0}, {'current': 3000.0, 'min': 1500.0, 'max': 3000.0}, {'current': 3000.0, 'min': 1500.0, 'max': 3000.0}, {'current': 3000.0, 'min': 1500.0, 'max': 3000.0}, {'current': 3000.0, 'min': 1500.0, 'max': 3000.0}, {'current': 3000.0, 'min': 1500.0, 'max': 3000.0}, {'current': 3000.0, 'min': 1500.0, 'max': 3000.0}, {'current': 3000.0, 'min': 1500.0, 'max': 3000.0}, {'current': 3000.0, 'min': 1500.0, 'max': 3000.0}, {'current': 3000.0, 'min': 1500.0, 'max': 3000.0}, {'current': 3000.0, 'min': 1500.0, 'max': 3000.0}, {'current': 3000.0, 'min': 1500.0, 'max': 3000.0}, {'current': 3000.0, 'min': 1500.0, 'max': 3000.0}, {'current': 3290.953, 'min': 1500.0, 'max': 3000.0}, {'current': 3000.0, 'min': 1500.0, 'max': 3000.0}, {'current': 3000.0, 'min': 1500.0, 'max': 3000.0}], 'disk': {'/': {'total': 1747.5384216308594, 'used': 1620.287670135498}}, 'gpu': 'NVIDIA RTX A6000', 'gpu_count': 4, 'gpu_devices': [{'name': 'NVIDIA RTX A6000', 'memory_total': 51527024640}, {'name': 'NVIDIA RTX A6000', 'memory_total': 51527024640}, {'name': 'NVIDIA RTX A6000', 'memory_total': 51527024640}, {'name': 'NVIDIA RTX A6000', 'memory_total': 51527024640}], 'memory': {'total': 503.23640060424805}}
2024-10-20 03:53:25,074 INFO    HandlerThread:3186673 [system_monitor.py:probe():224] Finished collecting system info
2024-10-20 03:53:25,074 INFO    HandlerThread:3186673 [system_monitor.py:probe():227] Publishing system info
2024-10-20 03:53:25,074 DEBUG   HandlerThread:3186673 [system_info.py:_save_pip():52] Saving list of pip packages installed into the current environment
2024-10-20 03:53:25,075 DEBUG   HandlerThread:3186673 [system_info.py:_save_pip():68] Saving pip packages done
2024-10-20 03:53:25,075 DEBUG   HandlerThread:3186673 [system_info.py:_save_conda():75] Saving list of conda packages installed into the current environment
2024-10-20 03:53:25,634 DEBUG   HandlerThread:3186673 [handler.py:handle_request():146] handle_request: status_report
2024-10-20 03:53:26,015 INFO    Thread-24 :3186673 [dir_watcher.py:_on_file_created():271] file/dir created: /data/ljc/aq/hw2/p2/wandb/run-20241020_035254-40nt4ean/files/requirements.txt
2024-10-20 03:53:26,016 INFO    Thread-24 :3186673 [dir_watcher.py:_on_file_created():271] file/dir created: /data/ljc/aq/hw2/p2/wandb/run-20241020_035254-40nt4ean/files/conda-environment.yaml
2024-10-20 03:53:29,440 DEBUG   HandlerThread:3186673 [system_info.py:_save_conda():87] Saving conda packages done
2024-10-20 03:53:29,441 INFO    HandlerThread:3186673 [system_monitor.py:probe():229] Finished publishing system info
2024-10-20 03:53:29,441 DEBUG   HandlerThread:3186673 [handler.py:handle_request():146] handle_request: status_report
2024-10-20 03:53:29,441 DEBUG   SenderThread:3186673 [sender.py:send():382] send: files
2024-10-20 03:53:29,442 INFO    SenderThread:3186673 [sender.py:_save_file():1392] saving file wandb-metadata.json with policy now
2024-10-20 03:53:29,450 DEBUG   HandlerThread:3186673 [handler.py:handle_request():146] handle_request: stop_status
2024-10-20 03:53:29,450 DEBUG   SenderThread:3186673 [sender.py:send_request():409] send_request: stop_status
2024-10-20 03:53:29,452 DEBUG   HandlerThread:3186673 [handler.py:handle_request():146] handle_request: internal_messages
2024-10-20 03:53:29,601 DEBUG   SenderThread:3186673 [sender.py:send():382] send: telemetry
2024-10-20 03:53:29,713 INFO    wandb-upload_0:3186673 [upload_job.py:push():131] Uploaded file /tmp/tmpymsus5jxwandb/60oxm404-wandb-metadata.json
2024-10-20 03:53:30,016 INFO    Thread-24 :3186673 [dir_watcher.py:_on_file_modified():288] file/dir modified: /data/ljc/aq/hw2/p2/wandb/run-20241020_035254-40nt4ean/files/conda-environment.yaml
2024-10-20 03:53:30,016 INFO    Thread-24 :3186673 [dir_watcher.py:_on_file_created():271] file/dir created: /data/ljc/aq/hw2/p2/wandb/run-20241020_035254-40nt4ean/files/wandb-metadata.json
2024-10-20 03:53:30,017 INFO    Thread-24 :3186673 [dir_watcher.py:_on_file_created():271] file/dir created: /data/ljc/aq/hw2/p2/wandb/run-20241020_035254-40nt4ean/files/output.log
2024-10-20 03:53:30,635 DEBUG   HandlerThread:3186673 [handler.py:handle_request():146] handle_request: status_report
2024-10-20 03:53:30,894 DEBUG   HandlerThread:3186673 [handler.py:handle_request():146] handle_request: status_report
2024-10-20 03:53:32,017 INFO    Thread-24 :3186673 [dir_watcher.py:_on_file_modified():288] file/dir modified: /data/ljc/aq/hw2/p2/wandb/run-20241020_035254-40nt4ean/files/output.log
2024-10-20 03:53:35,244 DEBUG   SystemMonitor:3186673 [system_monitor.py:_start():172] Starting system metrics aggregation loop
2024-10-20 03:53:35,246 DEBUG   SenderThread:3186673 [sender.py:send():382] send: stats
2024-10-20 03:53:35,894 DEBUG   HandlerThread:3186673 [handler.py:handle_request():146] handle_request: status_report
2024-10-20 03:53:36,246 DEBUG   HandlerThread:3186673 [handler.py:handle_request():146] handle_request: status_report
2024-10-20 03:53:40,019 INFO    Thread-24 :3186673 [dir_watcher.py:_on_file_modified():288] file/dir modified: /data/ljc/aq/hw2/p2/wandb/run-20241020_035254-40nt4ean/files/output.log
2024-10-20 03:53:41,071 DEBUG   HandlerThread:3186673 [handler.py:handle_request():146] handle_request: status_report
2024-10-20 03:53:41,247 DEBUG   HandlerThread:3186673 [handler.py:handle_request():146] handle_request: status_report
2024-10-20 03:53:44,450 DEBUG   HandlerThread:3186673 [handler.py:handle_request():146] handle_request: stop_status
2024-10-20 03:53:44,451 DEBUG   SenderThread:3186673 [sender.py:send_request():409] send_request: stop_status
2024-10-20 03:53:44,451 DEBUG   HandlerThread:3186673 [handler.py:handle_request():146] handle_request: internal_messages
2024-10-20 03:53:46,248 DEBUG   HandlerThread:3186673 [handler.py:handle_request():146] handle_request: status_report
2024-10-20 03:53:46,559 DEBUG   HandlerThread:3186673 [handler.py:handle_request():146] handle_request: status_report
2024-10-20 03:53:51,248 DEBUG   HandlerThread:3186673 [handler.py:handle_request():146] handle_request: status_report
2024-10-20 03:53:51,560 DEBUG   HandlerThread:3186673 [handler.py:handle_request():146] handle_request: status_report
2024-10-20 03:53:56,249 DEBUG   HandlerThread:3186673 [handler.py:handle_request():146] handle_request: status_report
2024-10-20 03:53:56,562 DEBUG   HandlerThread:3186673 [handler.py:handle_request():146] handle_request: status_report
2024-10-20 03:53:57,025 INFO    Thread-24 :3186673 [dir_watcher.py:_on_file_modified():288] file/dir modified: /data/ljc/aq/hw2/p2/wandb/run-20241020_035254-40nt4ean/files/config.yaml
2024-10-20 03:53:59,450 DEBUG   HandlerThread:3186673 [handler.py:handle_request():146] handle_request: stop_status
2024-10-20 03:53:59,451 DEBUG   SenderThread:3186673 [sender.py:send_request():409] send_request: stop_status
2024-10-20 03:53:59,490 DEBUG   HandlerThread:3186673 [handler.py:handle_request():146] handle_request: internal_messages
2024-10-20 03:54:01,250 DEBUG   HandlerThread:3186673 [handler.py:handle_request():146] handle_request: status_report
2024-10-20 03:54:02,567 DEBUG   HandlerThread:3186673 [handler.py:handle_request():146] handle_request: status_report
2024-10-20 03:54:05,246 DEBUG   SenderThread:3186673 [sender.py:send():382] send: stats
2024-10-20 03:54:07,248 DEBUG   HandlerThread:3186673 [handler.py:handle_request():146] handle_request: status_report
2024-10-20 03:54:07,568 DEBUG   HandlerThread:3186673 [handler.py:handle_request():146] handle_request: status_report
2024-10-20 03:54:12,248 DEBUG   HandlerThread:3186673 [handler.py:handle_request():146] handle_request: status_report
2024-10-20 03:54:12,569 DEBUG   HandlerThread:3186673 [handler.py:handle_request():146] handle_request: status_report
2024-10-20 03:54:14,450 DEBUG   HandlerThread:3186673 [handler.py:handle_request():146] handle_request: stop_status
2024-10-20 03:54:14,451 DEBUG   SenderThread:3186673 [sender.py:send_request():409] send_request: stop_status
2024-10-20 03:54:14,490 DEBUG   HandlerThread:3186673 [handler.py:handle_request():146] handle_request: internal_messages
2024-10-20 03:54:17,249 DEBUG   HandlerThread:3186673 [handler.py:handle_request():146] handle_request: status_report
2024-10-20 03:54:18,522 DEBUG   HandlerThread:3186673 [handler.py:handle_request():146] handle_request: status_report
2024-10-20 03:54:22,249 DEBUG   HandlerThread:3186673 [handler.py:handle_request():146] handle_request: status_report
2024-10-20 03:54:23,523 DEBUG   HandlerThread:3186673 [handler.py:handle_request():146] handle_request: status_report
2024-10-20 03:54:25,026 DEBUG   SystemMonitor:3186673 [system_monitor.py:_start():172] Starting system metrics aggregation loop
2024-10-20 03:54:25,027 DEBUG   SenderThread:3186673 [sender.py:send():382] send: stats
2024-10-20 03:54:27,250 DEBUG   HandlerThread:3186673 [handler.py:handle_request():146] handle_request: status_report
2024-10-20 03:54:29,028 DEBUG   HandlerThread:3186673 [handler.py:handle_request():146] handle_request: status_report
2024-10-20 03:54:29,450 DEBUG   HandlerThread:3186673 [handler.py:handle_request():146] handle_request: stop_status
2024-10-20 03:54:29,451 DEBUG   SenderThread:3186673 [sender.py:send_request():409] send_request: stop_status
2024-10-20 03:54:29,491 DEBUG   HandlerThread:3186673 [handler.py:handle_request():146] handle_request: internal_messages
2024-10-20 03:54:32,251 DEBUG   HandlerThread:3186673 [handler.py:handle_request():146] handle_request: status_report
2024-10-20 03:54:34,036 INFO    Thread-24 :3186673 [dir_watcher.py:_on_file_modified():288] file/dir modified: /data/ljc/aq/hw2/p2/wandb/run-20241020_035254-40nt4ean/files/output.log
2024-10-20 03:54:34,898 DEBUG   HandlerThread:3186673 [handler.py:handle_request():146] handle_request: status_report
2024-10-20 03:54:35,247 DEBUG   SenderThread:3186673 [sender.py:send():382] send: stats
2024-10-20 03:54:38,037 INFO    Thread-24 :3186673 [dir_watcher.py:_on_file_modified():288] file/dir modified: /data/ljc/aq/hw2/p2/wandb/run-20241020_035254-40nt4ean/files/output.log
2024-10-20 03:54:38,249 DEBUG   HandlerThread:3186673 [handler.py:handle_request():146] handle_request: status_report
2024-10-20 03:54:40,689 DEBUG   HandlerThread:3186673 [handler.py:handle_request():146] handle_request: status_report
2024-10-20 03:54:43,249 DEBUG   HandlerThread:3186673 [handler.py:handle_request():146] handle_request: status_report
2024-10-20 03:54:44,451 DEBUG   HandlerThread:3186673 [handler.py:handle_request():146] handle_request: stop_status
2024-10-20 03:54:44,451 DEBUG   SenderThread:3186673 [sender.py:send_request():409] send_request: stop_status
2024-10-20 03:54:44,451 DEBUG   HandlerThread:3186673 [handler.py:handle_request():146] handle_request: internal_messages
2024-10-20 03:54:46,589 DEBUG   HandlerThread:3186673 [handler.py:handle_request():146] handle_request: status_report
2024-10-20 03:54:48,250 DEBUG   HandlerThread:3186673 [handler.py:handle_request():146] handle_request: status_report
2024-10-20 03:54:51,589 DEBUG   HandlerThread:3186673 [handler.py:handle_request():146] handle_request: status_report
2024-10-20 03:54:53,251 DEBUG   HandlerThread:3186673 [handler.py:handle_request():146] handle_request: status_report
2024-10-20 03:54:55,029 DEBUG   SenderThread:3186673 [sender.py:send():382] send: stats
2024-10-20 03:54:57,029 DEBUG   HandlerThread:3186673 [handler.py:handle_request():146] handle_request: status_report
2024-10-20 03:54:58,251 DEBUG   HandlerThread:3186673 [handler.py:handle_request():146] handle_request: status_report
2024-10-20 03:54:59,451 DEBUG   HandlerThread:3186673 [handler.py:handle_request():146] handle_request: stop_status
2024-10-20 03:54:59,451 DEBUG   SenderThread:3186673 [sender.py:send_request():409] send_request: stop_status
2024-10-20 03:54:59,492 DEBUG   HandlerThread:3186673 [handler.py:handle_request():146] handle_request: internal_messages
2024-10-20 03:55:02,607 DEBUG   HandlerThread:3186673 [handler.py:handle_request():146] handle_request: status_report
2024-10-20 03:55:03,252 DEBUG   HandlerThread:3186673 [handler.py:handle_request():146] handle_request: status_report
2024-10-20 03:55:05,249 DEBUG   SenderThread:3186673 [sender.py:send():382] send: stats
2024-10-20 03:55:07,607 DEBUG   HandlerThread:3186673 [handler.py:handle_request():146] handle_request: status_report
2024-10-20 03:55:09,250 DEBUG   HandlerThread:3186673 [handler.py:handle_request():146] handle_request: status_report
2024-10-20 03:55:12,608 DEBUG   HandlerThread:3186673 [handler.py:handle_request():146] handle_request: status_report
2024-10-20 03:55:14,251 DEBUG   HandlerThread:3186673 [handler.py:handle_request():146] handle_request: status_report
2024-10-20 03:55:14,451 DEBUG   HandlerThread:3186673 [handler.py:handle_request():146] handle_request: stop_status
2024-10-20 03:55:14,451 DEBUG   SenderThread:3186673 [sender.py:send_request():409] send_request: stop_status
2024-10-20 03:55:14,492 DEBUG   HandlerThread:3186673 [handler.py:handle_request():146] handle_request: internal_messages
2024-10-20 03:55:18,531 DEBUG   HandlerThread:3186673 [handler.py:handle_request():146] handle_request: status_report
2024-10-20 03:55:19,251 DEBUG   HandlerThread:3186673 [handler.py:handle_request():146] handle_request: status_report
2024-10-20 03:55:23,531 DEBUG   HandlerThread:3186673 [handler.py:handle_request():146] handle_request: status_report
2024-10-20 03:55:24,252 DEBUG   HandlerThread:3186673 [handler.py:handle_request():146] handle_request: status_report
2024-10-20 03:55:25,030 DEBUG   SenderThread:3186673 [sender.py:send():382] send: stats
2024-10-20 03:55:29,031 DEBUG   HandlerThread:3186673 [handler.py:handle_request():146] handle_request: status_report
2024-10-20 03:55:29,253 DEBUG   HandlerThread:3186673 [handler.py:handle_request():146] handle_request: status_report
2024-10-20 03:55:29,451 DEBUG   HandlerThread:3186673 [handler.py:handle_request():146] handle_request: stop_status
2024-10-20 03:55:29,451 DEBUG   SenderThread:3186673 [sender.py:send_request():409] send_request: stop_status
2024-10-20 03:55:29,491 DEBUG   HandlerThread:3186673 [handler.py:handle_request():146] handle_request: internal_messages
2024-10-20 03:55:34,253 DEBUG   HandlerThread:3186673 [handler.py:handle_request():146] handle_request: status_report
2024-10-20 03:55:34,537 DEBUG   HandlerThread:3186673 [handler.py:handle_request():146] handle_request: status_report
2024-10-20 03:55:35,250 DEBUG   SenderThread:3186673 [sender.py:send():382] send: stats
2024-10-20 03:55:39,538 DEBUG   HandlerThread:3186673 [handler.py:handle_request():146] handle_request: status_report
2024-10-20 03:55:40,251 DEBUG   HandlerThread:3186673 [handler.py:handle_request():146] handle_request: status_report
2024-10-20 03:55:44,451 DEBUG   HandlerThread:3186673 [handler.py:handle_request():146] handle_request: stop_status
2024-10-20 03:55:44,451 DEBUG   SenderThread:3186673 [sender.py:send_request():409] send_request: stop_status
2024-10-20 03:55:44,491 DEBUG   HandlerThread:3186673 [handler.py:handle_request():146] handle_request: internal_messages
2024-10-20 03:55:45,252 DEBUG   HandlerThread:3186673 [handler.py:handle_request():146] handle_request: status_report
2024-10-20 03:55:45,507 DEBUG   HandlerThread:3186673 [handler.py:handle_request():146] handle_request: status_report
2024-10-20 03:55:50,252 DEBUG   HandlerThread:3186673 [handler.py:handle_request():146] handle_request: status_report
2024-10-20 03:55:50,508 DEBUG   HandlerThread:3186673 [handler.py:handle_request():146] handle_request: status_report
2024-10-20 03:55:55,030 DEBUG   SenderThread:3186673 [sender.py:send():382] send: stats
2024-10-20 03:55:55,253 DEBUG   HandlerThread:3186673 [handler.py:handle_request():146] handle_request: status_report
2024-10-20 03:55:56,031 DEBUG   HandlerThread:3186673 [handler.py:handle_request():146] handle_request: status_report
2024-10-20 03:55:58,061 INFO    Thread-24 :3186673 [dir_watcher.py:_on_file_modified():288] file/dir modified: /data/ljc/aq/hw2/p2/wandb/run-20241020_035254-40nt4ean/files/output.log
2024-10-20 03:55:59,451 DEBUG   HandlerThread:3186673 [handler.py:handle_request():146] handle_request: stop_status
2024-10-20 03:55:59,452 DEBUG   SenderThread:3186673 [sender.py:send_request():409] send_request: stop_status
2024-10-20 03:55:59,452 DEBUG   HandlerThread:3186673 [handler.py:handle_request():146] handle_request: internal_messages
2024-10-20 03:56:00,062 INFO    Thread-24 :3186673 [dir_watcher.py:_on_file_modified():288] file/dir modified: /data/ljc/aq/hw2/p2/wandb/run-20241020_035254-40nt4ean/files/output.log
2024-10-20 03:56:00,253 DEBUG   HandlerThread:3186673 [handler.py:handle_request():146] handle_request: status_report
2024-10-20 03:56:01,606 DEBUG   HandlerThread:3186673 [handler.py:handle_request():146] handle_request: status_report
2024-10-20 03:56:05,250 DEBUG   SenderThread:3186673 [sender.py:send():382] send: stats
2024-10-20 03:56:06,251 DEBUG   HandlerThread:3186673 [handler.py:handle_request():146] handle_request: status_report
2024-10-20 03:56:06,607 DEBUG   HandlerThread:3186673 [handler.py:handle_request():146] handle_request: status_report
2024-10-20 03:56:11,252 DEBUG   HandlerThread:3186673 [handler.py:handle_request():146] handle_request: status_report
2024-10-20 03:56:11,607 DEBUG   HandlerThread:3186673 [handler.py:handle_request():146] handle_request: status_report
2024-10-20 03:56:14,451 DEBUG   HandlerThread:3186673 [handler.py:handle_request():146] handle_request: stop_status
2024-10-20 03:56:14,452 DEBUG   SenderThread:3186673 [sender.py:send_request():409] send_request: stop_status
2024-10-20 03:56:14,491 DEBUG   HandlerThread:3186673 [handler.py:handle_request():146] handle_request: internal_messages
2024-10-20 03:56:16,252 DEBUG   HandlerThread:3186673 [handler.py:handle_request():146] handle_request: status_report
2024-10-20 03:56:17,530 DEBUG   HandlerThread:3186673 [handler.py:handle_request():146] handle_request: status_report
2024-10-20 03:56:21,253 DEBUG   HandlerThread:3186673 [handler.py:handle_request():146] handle_request: status_report
2024-10-20 03:56:22,531 DEBUG   HandlerThread:3186673 [handler.py:handle_request():146] handle_request: status_report
2024-10-20 03:56:25,031 DEBUG   SenderThread:3186673 [sender.py:send():382] send: stats
2024-10-20 03:56:26,254 DEBUG   HandlerThread:3186673 [handler.py:handle_request():146] handle_request: status_report
2024-10-20 03:56:28,032 DEBUG   HandlerThread:3186673 [handler.py:handle_request():146] handle_request: status_report
2024-10-20 03:56:29,451 DEBUG   HandlerThread:3186673 [handler.py:handle_request():146] handle_request: stop_status
2024-10-20 03:56:29,452 DEBUG   SenderThread:3186673 [sender.py:send_request():409] send_request: stop_status
2024-10-20 03:56:29,492 DEBUG   HandlerThread:3186673 [handler.py:handle_request():146] handle_request: internal_messages
2024-10-20 03:56:31,254 DEBUG   HandlerThread:3186673 [handler.py:handle_request():146] handle_request: status_report
2024-10-20 03:56:33,572 DEBUG   HandlerThread:3186673 [handler.py:handle_request():146] handle_request: status_report
2024-10-20 03:56:35,251 DEBUG   SenderThread:3186673 [sender.py:send():382] send: stats
2024-10-20 03:56:37,252 DEBUG   HandlerThread:3186673 [handler.py:handle_request():146] handle_request: status_report
2024-10-20 03:56:38,573 DEBUG   HandlerThread:3186673 [handler.py:handle_request():146] handle_request: status_report
2024-10-20 03:56:42,252 DEBUG   HandlerThread:3186673 [handler.py:handle_request():146] handle_request: status_report
2024-10-20 03:56:43,573 DEBUG   HandlerThread:3186673 [handler.py:handle_request():146] handle_request: status_report
2024-10-20 03:56:44,451 DEBUG   HandlerThread:3186673 [handler.py:handle_request():146] handle_request: stop_status
2024-10-20 03:56:44,452 DEBUG   SenderThread:3186673 [sender.py:send_request():409] send_request: stop_status
2024-10-20 03:56:44,492 DEBUG   HandlerThread:3186673 [handler.py:handle_request():146] handle_request: internal_messages
2024-10-20 03:56:47,253 DEBUG   HandlerThread:3186673 [handler.py:handle_request():146] handle_request: status_report
2024-10-20 03:56:49,519 DEBUG   HandlerThread:3186673 [handler.py:handle_request():146] handle_request: status_report
2024-10-20 03:56:52,075 INFO    Thread-24 :3186673 [dir_watcher.py:_on_file_modified():288] file/dir modified: /data/ljc/aq/hw2/p2/wandb/run-20241020_035254-40nt4ean/files/output.log
2024-10-20 03:56:52,254 DEBUG   HandlerThread:3186673 [handler.py:handle_request():146] handle_request: status_report
2024-10-20 03:56:54,732 DEBUG   HandlerThread:3186673 [handler.py:handle_request():146] handle_request: status_report
2024-10-20 03:56:55,032 DEBUG   SenderThread:3186673 [sender.py:send():382] send: stats
2024-10-20 03:56:57,254 DEBUG   HandlerThread:3186673 [handler.py:handle_request():146] handle_request: status_report
2024-10-20 03:56:59,452 DEBUG   HandlerThread:3186673 [handler.py:handle_request():146] handle_request: stop_status
2024-10-20 03:56:59,452 DEBUG   SenderThread:3186673 [sender.py:send_request():409] send_request: stop_status
2024-10-20 03:56:59,453 DEBUG   HandlerThread:3186673 [handler.py:handle_request():146] handle_request: internal_messages
2024-10-20 03:57:00,559 DEBUG   HandlerThread:3186673 [handler.py:handle_request():146] handle_request: status_report
2024-10-20 03:57:02,255 DEBUG   HandlerThread:3186673 [handler.py:handle_request():146] handle_request: status_report
2024-10-20 03:57:05,252 DEBUG   SenderThread:3186673 [sender.py:send():382] send: stats
2024-10-20 03:57:05,560 DEBUG   HandlerThread:3186673 [handler.py:handle_request():146] handle_request: status_report
2024-10-20 03:57:08,253 DEBUG   HandlerThread:3186673 [handler.py:handle_request():146] handle_request: status_report
2024-10-20 03:57:10,561 DEBUG   HandlerThread:3186673 [handler.py:handle_request():146] handle_request: status_report
2024-10-20 03:57:13,254 DEBUG   HandlerThread:3186673 [handler.py:handle_request():146] handle_request: status_report
2024-10-20 03:57:14,452 DEBUG   HandlerThread:3186673 [handler.py:handle_request():146] handle_request: stop_status
2024-10-20 03:57:14,452 DEBUG   SenderThread:3186673 [sender.py:send_request():409] send_request: stop_status
2024-10-20 03:57:14,492 DEBUG   HandlerThread:3186673 [handler.py:handle_request():146] handle_request: internal_messages
2024-10-20 03:57:15,562 DEBUG   HandlerThread:3186673 [handler.py:handle_request():146] handle_request: status_report
2024-10-20 03:57:18,255 DEBUG   HandlerThread:3186673 [handler.py:handle_request():146] handle_request: status_report
2024-10-20 03:57:20,562 DEBUG   HandlerThread:3186673 [handler.py:handle_request():146] handle_request: status_report
2024-10-20 03:57:23,255 DEBUG   HandlerThread:3186673 [handler.py:handle_request():146] handle_request: status_report
2024-10-20 03:57:24,083 INFO    Thread-24 :3186673 [dir_watcher.py:_on_file_modified():288] file/dir modified: /data/ljc/aq/hw2/p2/wandb/run-20241020_035254-40nt4ean/files/output.log
2024-10-20 03:57:25,033 DEBUG   SenderThread:3186673 [sender.py:send():382] send: stats
2024-10-20 03:57:26,034 DEBUG   HandlerThread:3186673 [handler.py:handle_request():146] handle_request: status_report
2024-10-20 03:57:28,256 DEBUG   HandlerThread:3186673 [handler.py:handle_request():146] handle_request: status_report
2024-10-20 03:57:29,452 DEBUG   HandlerThread:3186673 [handler.py:handle_request():146] handle_request: stop_status
2024-10-20 03:57:29,453 DEBUG   SenderThread:3186673 [sender.py:send_request():409] send_request: stop_status
2024-10-20 03:57:29,453 DEBUG   HandlerThread:3186673 [handler.py:handle_request():146] handle_request: internal_messages
2024-10-20 03:57:31,560 DEBUG   HandlerThread:3186673 [handler.py:handle_request():146] handle_request: status_report
2024-10-20 03:57:33,256 DEBUG   HandlerThread:3186673 [handler.py:handle_request():146] handle_request: status_report
2024-10-20 03:57:35,253 DEBUG   SenderThread:3186673 [sender.py:send():382] send: stats
2024-10-20 03:57:36,561 DEBUG   HandlerThread:3186673 [handler.py:handle_request():146] handle_request: status_report
2024-10-20 03:57:39,254 DEBUG   HandlerThread:3186673 [handler.py:handle_request():146] handle_request: status_report
2024-10-20 03:57:41,561 DEBUG   HandlerThread:3186673 [handler.py:handle_request():146] handle_request: status_report
2024-10-20 03:57:44,255 DEBUG   HandlerThread:3186673 [handler.py:handle_request():146] handle_request: status_report
2024-10-20 03:57:44,452 DEBUG   HandlerThread:3186673 [handler.py:handle_request():146] handle_request: stop_status
2024-10-20 03:57:44,452 DEBUG   SenderThread:3186673 [sender.py:send_request():409] send_request: stop_status
2024-10-20 03:57:44,492 DEBUG   HandlerThread:3186673 [handler.py:handle_request():146] handle_request: internal_messages
2024-10-20 03:57:47,490 DEBUG   HandlerThread:3186673 [handler.py:handle_request():146] handle_request: status_report
2024-10-20 03:57:48,089 INFO    Thread-24 :3186673 [dir_watcher.py:_on_file_modified():288] file/dir modified: /data/ljc/aq/hw2/p2/wandb/run-20241020_035254-40nt4ean/files/output.log
2024-10-20 03:57:49,256 DEBUG   HandlerThread:3186673 [handler.py:handle_request():146] handle_request: status_report
2024-10-20 03:57:52,490 DEBUG   HandlerThread:3186673 [handler.py:handle_request():146] handle_request: status_report
2024-10-20 03:57:54,256 DEBUG   HandlerThread:3186673 [handler.py:handle_request():146] handle_request: status_report
2024-10-20 03:57:55,034 DEBUG   SenderThread:3186673 [sender.py:send():382] send: stats
2024-10-20 03:57:58,035 DEBUG   HandlerThread:3186673 [handler.py:handle_request():146] handle_request: status_report
2024-10-20 03:57:59,257 DEBUG   HandlerThread:3186673 [handler.py:handle_request():146] handle_request: status_report
2024-10-20 03:57:59,452 DEBUG   HandlerThread:3186673 [handler.py:handle_request():146] handle_request: stop_status
2024-10-20 03:57:59,453 DEBUG   SenderThread:3186673 [sender.py:send_request():409] send_request: stop_status
2024-10-20 03:57:59,454 DEBUG   HandlerThread:3186673 [handler.py:handle_request():146] handle_request: internal_messages
2024-10-20 03:58:03,554 DEBUG   HandlerThread:3186673 [handler.py:handle_request():146] handle_request: status_report
2024-10-20 03:58:04,257 DEBUG   HandlerThread:3186673 [handler.py:handle_request():146] handle_request: status_report
2024-10-20 03:58:05,254 DEBUG   SenderThread:3186673 [sender.py:send():382] send: stats
2024-10-20 03:58:08,554 DEBUG   HandlerThread:3186673 [handler.py:handle_request():146] handle_request: status_report
2024-10-20 03:58:10,255 DEBUG   HandlerThread:3186673 [handler.py:handle_request():146] handle_request: status_report
2024-10-20 03:58:13,555 DEBUG   HandlerThread:3186673 [handler.py:handle_request():146] handle_request: status_report
2024-10-20 03:58:14,452 DEBUG   HandlerThread:3186673 [handler.py:handle_request():146] handle_request: stop_status
2024-10-20 03:58:14,453 DEBUG   SenderThread:3186673 [sender.py:send_request():409] send_request: stop_status
2024-10-20 03:58:14,492 DEBUG   HandlerThread:3186673 [handler.py:handle_request():146] handle_request: internal_messages
2024-10-20 03:58:15,256 DEBUG   HandlerThread:3186673 [handler.py:handle_request():146] handle_request: status_report
2024-10-20 03:58:18,604 DEBUG   HandlerThread:3186673 [handler.py:handle_request():146] handle_request: status_report
2024-10-20 03:58:20,256 DEBUG   HandlerThread:3186673 [handler.py:handle_request():146] handle_request: status_report
2024-10-20 03:58:23,604 DEBUG   HandlerThread:3186673 [handler.py:handle_request():146] handle_request: status_report
2024-10-20 03:58:25,037 DEBUG   SenderThread:3186673 [sender.py:send():382] send: stats
2024-10-20 03:58:25,257 DEBUG   HandlerThread:3186673 [handler.py:handle_request():146] handle_request: status_report
2024-10-20 03:58:29,038 DEBUG   HandlerThread:3186673 [handler.py:handle_request():146] handle_request: status_report
2024-10-20 03:58:29,452 DEBUG   HandlerThread:3186673 [handler.py:handle_request():146] handle_request: stop_status
2024-10-20 03:58:29,453 DEBUG   SenderThread:3186673 [sender.py:send_request():409] send_request: stop_status
2024-10-20 03:58:29,492 DEBUG   HandlerThread:3186673 [handler.py:handle_request():146] handle_request: internal_messages
2024-10-20 03:58:30,258 DEBUG   HandlerThread:3186673 [handler.py:handle_request():146] handle_request: status_report
2024-10-20 03:58:34,519 DEBUG   HandlerThread:3186673 [handler.py:handle_request():146] handle_request: status_report
2024-10-20 03:58:35,256 DEBUG   SenderThread:3186673 [sender.py:send():382] send: stats
2024-10-20 03:58:36,257 DEBUG   HandlerThread:3186673 [handler.py:handle_request():146] handle_request: status_report
2024-10-20 03:58:39,520 DEBUG   HandlerThread:3186673 [handler.py:handle_request():146] handle_request: status_report
2024-10-20 03:58:41,258 DEBUG   HandlerThread:3186673 [handler.py:handle_request():146] handle_request: status_report
2024-10-20 03:58:44,452 DEBUG   HandlerThread:3186673 [handler.py:handle_request():146] handle_request: stop_status
2024-10-20 03:58:44,453 DEBUG   SenderThread:3186673 [sender.py:send_request():409] send_request: stop_status
2024-10-20 03:58:44,493 DEBUG   HandlerThread:3186673 [handler.py:handle_request():146] handle_request: internal_messages
2024-10-20 03:58:45,516 DEBUG   HandlerThread:3186673 [handler.py:handle_request():146] handle_request: status_report
2024-10-20 03:58:46,258 DEBUG   HandlerThread:3186673 [handler.py:handle_request():146] handle_request: status_report
2024-10-20 03:58:50,516 DEBUG   HandlerThread:3186673 [handler.py:handle_request():146] handle_request: status_report
2024-10-20 03:58:51,259 DEBUG   HandlerThread:3186673 [handler.py:handle_request():146] handle_request: status_report
2024-10-20 03:58:55,037 DEBUG   SenderThread:3186673 [sender.py:send():382] send: stats
2024-10-20 03:58:56,038 DEBUG   HandlerThread:3186673 [handler.py:handle_request():146] handle_request: status_report
2024-10-20 03:58:56,260 DEBUG   HandlerThread:3186673 [handler.py:handle_request():146] handle_request: status_report
2024-10-20 03:58:59,452 DEBUG   HandlerThread:3186673 [handler.py:handle_request():146] handle_request: stop_status
2024-10-20 03:58:59,453 DEBUG   SenderThread:3186673 [sender.py:send_request():409] send_request: stop_status
2024-10-20 03:58:59,494 DEBUG   HandlerThread:3186673 [handler.py:handle_request():146] handle_request: internal_messages
2024-10-20 03:59:01,260 DEBUG   HandlerThread:3186673 [handler.py:handle_request():146] handle_request: status_report
2024-10-20 03:59:01,512 DEBUG   HandlerThread:3186673 [handler.py:handle_request():146] handle_request: status_report
2024-10-20 03:59:05,256 DEBUG   SenderThread:3186673 [sender.py:send():382] send: stats
2024-10-20 03:59:06,513 DEBUG   HandlerThread:3186673 [handler.py:handle_request():146] handle_request: status_report
2024-10-20 03:59:07,257 DEBUG   HandlerThread:3186673 [handler.py:handle_request():146] handle_request: status_report
2024-10-20 03:59:11,513 DEBUG   HandlerThread:3186673 [handler.py:handle_request():146] handle_request: status_report
2024-10-20 03:59:12,257 DEBUG   HandlerThread:3186673 [handler.py:handle_request():146] handle_request: status_report
2024-10-20 03:59:14,453 DEBUG   HandlerThread:3186673 [handler.py:handle_request():146] handle_request: stop_status
2024-10-20 03:59:14,453 DEBUG   SenderThread:3186673 [sender.py:send_request():409] send_request: stop_status
2024-10-20 03:59:14,493 DEBUG   HandlerThread:3186673 [handler.py:handle_request():146] handle_request: internal_messages
2024-10-20 03:59:16,548 DEBUG   HandlerThread:3186673 [handler.py:handle_request():146] handle_request: status_report
2024-10-20 03:59:17,258 DEBUG   HandlerThread:3186673 [handler.py:handle_request():146] handle_request: status_report
2024-10-20 03:59:21,549 DEBUG   HandlerThread:3186673 [handler.py:handle_request():146] handle_request: status_report
2024-10-20 03:59:22,259 DEBUG   HandlerThread:3186673 [handler.py:handle_request():146] handle_request: status_report
2024-10-20 03:59:25,038 DEBUG   SenderThread:3186673 [sender.py:send():382] send: stats
2024-10-20 03:59:27,039 DEBUG   HandlerThread:3186673 [handler.py:handle_request():146] handle_request: status_report
2024-10-20 03:59:27,259 DEBUG   HandlerThread:3186673 [handler.py:handle_request():146] handle_request: status_report
2024-10-20 03:59:29,453 DEBUG   HandlerThread:3186673 [handler.py:handle_request():146] handle_request: stop_status
2024-10-20 03:59:29,453 DEBUG   SenderThread:3186673 [sender.py:send_request():409] send_request: stop_status
2024-10-20 03:59:29,493 DEBUG   HandlerThread:3186673 [handler.py:handle_request():146] handle_request: internal_messages
2024-10-20 03:59:32,260 DEBUG   HandlerThread:3186673 [handler.py:handle_request():146] handle_request: status_report
2024-10-20 03:59:32,545 DEBUG   HandlerThread:3186673 [handler.py:handle_request():146] handle_request: status_report
2024-10-20 03:59:35,257 DEBUG   SenderThread:3186673 [sender.py:send():382] send: stats
2024-10-20 03:59:37,546 DEBUG   HandlerThread:3186673 [handler.py:handle_request():146] handle_request: status_report
2024-10-20 03:59:38,259 DEBUG   HandlerThread:3186673 [handler.py:handle_request():146] handle_request: status_report
2024-10-20 03:59:42,547 DEBUG   HandlerThread:3186673 [handler.py:handle_request():146] handle_request: status_report
2024-10-20 03:59:43,259 DEBUG   HandlerThread:3186673 [handler.py:handle_request():146] handle_request: status_report
2024-10-20 03:59:44,453 DEBUG   HandlerThread:3186673 [handler.py:handle_request():146] handle_request: stop_status
2024-10-20 03:59:44,453 DEBUG   SenderThread:3186673 [sender.py:send_request():409] send_request: stop_status
2024-10-20 03:59:44,493 DEBUG   HandlerThread:3186673 [handler.py:handle_request():146] handle_request: internal_messages
2024-10-20 03:59:48,260 DEBUG   HandlerThread:3186673 [handler.py:handle_request():146] handle_request: status_report
2024-10-20 03:59:48,535 DEBUG   HandlerThread:3186673 [handler.py:handle_request():146] handle_request: status_report
2024-10-20 03:59:53,260 DEBUG   HandlerThread:3186673 [handler.py:handle_request():146] handle_request: status_report
2024-10-20 03:59:53,535 DEBUG   HandlerThread:3186673 [handler.py:handle_request():146] handle_request: status_report
2024-10-20 03:59:55,039 DEBUG   SenderThread:3186673 [sender.py:send():382] send: stats
2024-10-20 03:59:58,261 DEBUG   HandlerThread:3186673 [handler.py:handle_request():146] handle_request: status_report
2024-10-20 03:59:59,040 DEBUG   HandlerThread:3186673 [handler.py:handle_request():146] handle_request: status_report
2024-10-20 03:59:59,453 DEBUG   HandlerThread:3186673 [handler.py:handle_request():146] handle_request: stop_status
2024-10-20 03:59:59,453 DEBUG   SenderThread:3186673 [sender.py:send_request():409] send_request: stop_status
2024-10-20 03:59:59,493 DEBUG   HandlerThread:3186673 [handler.py:handle_request():146] handle_request: internal_messages
2024-10-20 04:00:03,261 DEBUG   HandlerThread:3186673 [handler.py:handle_request():146] handle_request: status_report
2024-10-20 04:00:04,609 DEBUG   HandlerThread:3186673 [handler.py:handle_request():146] handle_request: status_report
2024-10-20 04:00:05,258 DEBUG   SenderThread:3186673 [sender.py:send():382] send: stats
2024-10-20 04:00:09,259 DEBUG   HandlerThread:3186673 [handler.py:handle_request():146] handle_request: status_report
2024-10-20 04:00:09,609 DEBUG   HandlerThread:3186673 [handler.py:handle_request():146] handle_request: status_report
2024-10-20 04:00:14,259 DEBUG   HandlerThread:3186673 [handler.py:handle_request():146] handle_request: status_report
2024-10-20 04:00:14,453 DEBUG   HandlerThread:3186673 [handler.py:handle_request():146] handle_request: stop_status
2024-10-20 04:00:14,453 DEBUG   SenderThread:3186673 [sender.py:send_request():409] send_request: stop_status
2024-10-20 04:00:14,493 DEBUG   HandlerThread:3186673 [handler.py:handle_request():146] handle_request: internal_messages
2024-10-20 04:00:15,586 DEBUG   HandlerThread:3186673 [handler.py:handle_request():146] handle_request: status_report
2024-10-20 04:00:19,260 DEBUG   HandlerThread:3186673 [handler.py:handle_request():146] handle_request: status_report
2024-10-20 04:00:20,587 DEBUG   HandlerThread:3186673 [handler.py:handle_request():146] handle_request: status_report
2024-10-20 04:00:24,261 DEBUG   HandlerThread:3186673 [handler.py:handle_request():146] handle_request: status_report
2024-10-20 04:00:25,041 DEBUG   SenderThread:3186673 [sender.py:send():382] send: stats
2024-10-20 04:00:26,042 DEBUG   HandlerThread:3186673 [handler.py:handle_request():146] handle_request: status_report
2024-10-20 04:00:29,261 DEBUG   HandlerThread:3186673 [handler.py:handle_request():146] handle_request: status_report
2024-10-20 04:00:29,453 DEBUG   HandlerThread:3186673 [handler.py:handle_request():146] handle_request: stop_status
2024-10-20 04:00:29,454 DEBUG   SenderThread:3186673 [sender.py:send_request():409] send_request: stop_status
2024-10-20 04:00:29,493 DEBUG   HandlerThread:3186673 [handler.py:handle_request():146] handle_request: internal_messages
2024-10-20 04:00:31,538 DEBUG   HandlerThread:3186673 [handler.py:handle_request():146] handle_request: status_report
2024-10-20 04:00:34,262 DEBUG   HandlerThread:3186673 [handler.py:handle_request():146] handle_request: status_report
2024-10-20 04:00:35,260 DEBUG   SenderThread:3186673 [sender.py:send():382] send: stats
2024-10-20 04:00:36,539 DEBUG   HandlerThread:3186673 [handler.py:handle_request():146] handle_request: status_report
2024-10-20 04:00:40,261 DEBUG   HandlerThread:3186673 [handler.py:handle_request():146] handle_request: status_report
2024-10-20 04:00:41,539 DEBUG   HandlerThread:3186673 [handler.py:handle_request():146] handle_request: status_report
2024-10-20 04:00:44,453 DEBUG   HandlerThread:3186673 [handler.py:handle_request():146] handle_request: stop_status
2024-10-20 04:00:44,454 DEBUG   SenderThread:3186673 [sender.py:send_request():409] send_request: stop_status
2024-10-20 04:00:44,494 DEBUG   HandlerThread:3186673 [handler.py:handle_request():146] handle_request: internal_messages
2024-10-20 04:00:45,261 DEBUG   HandlerThread:3186673 [handler.py:handle_request():146] handle_request: status_report
2024-10-20 04:00:46,572 DEBUG   HandlerThread:3186673 [handler.py:handle_request():146] handle_request: status_report
2024-10-20 04:00:50,262 DEBUG   HandlerThread:3186673 [handler.py:handle_request():146] handle_request: status_report
2024-10-20 04:00:51,572 DEBUG   HandlerThread:3186673 [handler.py:handle_request():146] handle_request: status_report
2024-10-20 04:00:55,041 DEBUG   SenderThread:3186673 [sender.py:send():382] send: stats
2024-10-20 04:00:55,262 DEBUG   HandlerThread:3186673 [handler.py:handle_request():146] handle_request: status_report
2024-10-20 04:00:57,042 DEBUG   HandlerThread:3186673 [handler.py:handle_request():146] handle_request: status_report
2024-10-20 04:00:59,453 DEBUG   HandlerThread:3186673 [handler.py:handle_request():146] handle_request: stop_status
2024-10-20 04:00:59,454 DEBUG   SenderThread:3186673 [sender.py:send_request():409] send_request: stop_status
2024-10-20 04:00:59,493 DEBUG   HandlerThread:3186673 [handler.py:handle_request():146] handle_request: internal_messages
2024-10-20 04:01:00,263 DEBUG   HandlerThread:3186673 [handler.py:handle_request():146] handle_request: status_report
2024-10-20 04:01:02,560 DEBUG   HandlerThread:3186673 [handler.py:handle_request():146] handle_request: status_report
2024-10-20 04:01:05,260 DEBUG   SenderThread:3186673 [sender.py:send():382] send: stats
2024-10-20 04:01:06,262 DEBUG   HandlerThread:3186673 [handler.py:handle_request():146] handle_request: status_report
2024-10-20 04:01:07,561 DEBUG   HandlerThread:3186673 [handler.py:handle_request():146] handle_request: status_report
2024-10-20 04:01:11,262 DEBUG   HandlerThread:3186673 [handler.py:handle_request():146] handle_request: status_report
2024-10-20 04:01:12,561 DEBUG   HandlerThread:3186673 [handler.py:handle_request():146] handle_request: status_report
2024-10-20 04:01:14,453 DEBUG   HandlerThread:3186673 [handler.py:handle_request():146] handle_request: stop_status
2024-10-20 04:01:14,454 DEBUG   SenderThread:3186673 [sender.py:send_request():409] send_request: stop_status
2024-10-20 04:01:14,493 DEBUG   HandlerThread:3186673 [handler.py:handle_request():146] handle_request: internal_messages
2024-10-20 04:01:16,262 DEBUG   HandlerThread:3186673 [handler.py:handle_request():146] handle_request: status_report
2024-10-20 04:01:18,549 DEBUG   HandlerThread:3186673 [handler.py:handle_request():146] handle_request: status_report
2024-10-20 04:01:21,263 DEBUG   HandlerThread:3186673 [handler.py:handle_request():146] handle_request: status_report
2024-10-20 04:01:23,550 DEBUG   HandlerThread:3186673 [handler.py:handle_request():146] handle_request: status_report
2024-10-20 04:01:25,042 DEBUG   SenderThread:3186673 [sender.py:send():382] send: stats
2024-10-20 04:01:26,263 DEBUG   HandlerThread:3186673 [handler.py:handle_request():146] handle_request: status_report
2024-10-20 04:01:29,044 DEBUG   HandlerThread:3186673 [handler.py:handle_request():146] handle_request: status_report
2024-10-20 04:01:29,454 DEBUG   HandlerThread:3186673 [handler.py:handle_request():146] handle_request: stop_status
2024-10-20 04:01:29,454 DEBUG   SenderThread:3186673 [sender.py:send_request():409] send_request: stop_status
2024-10-20 04:01:29,494 DEBUG   HandlerThread:3186673 [handler.py:handle_request():146] handle_request: internal_messages
2024-10-20 04:01:31,263 DEBUG   HandlerThread:3186673 [handler.py:handle_request():146] handle_request: status_report
2024-10-20 04:01:34,512 DEBUG   HandlerThread:3186673 [handler.py:handle_request():146] handle_request: status_report
2024-10-20 04:01:35,261 DEBUG   SenderThread:3186673 [sender.py:send():382] send: stats
2024-10-20 04:01:37,262 DEBUG   HandlerThread:3186673 [handler.py:handle_request():146] handle_request: status_report
2024-10-20 04:01:39,512 DEBUG   HandlerThread:3186673 [handler.py:handle_request():146] handle_request: status_report
2024-10-20 04:01:42,262 DEBUG   HandlerThread:3186673 [handler.py:handle_request():146] handle_request: status_report
2024-10-20 04:01:44,454 DEBUG   HandlerThread:3186673 [handler.py:handle_request():146] handle_request: stop_status
2024-10-20 04:01:44,454 DEBUG   SenderThread:3186673 [sender.py:send_request():409] send_request: stop_status
2024-10-20 04:01:44,494 DEBUG   HandlerThread:3186673 [handler.py:handle_request():146] handle_request: internal_messages
2024-10-20 04:01:44,591 DEBUG   HandlerThread:3186673 [handler.py:handle_request():146] handle_request: status_report
2024-10-20 04:01:47,263 DEBUG   HandlerThread:3186673 [handler.py:handle_request():146] handle_request: status_report
2024-10-20 04:01:49,592 DEBUG   HandlerThread:3186673 [handler.py:handle_request():146] handle_request: status_report
2024-10-20 04:01:52,263 DEBUG   HandlerThread:3186673 [handler.py:handle_request():146] handle_request: status_report
2024-10-20 04:01:54,592 DEBUG   HandlerThread:3186673 [handler.py:handle_request():146] handle_request: status_report
2024-10-20 04:01:55,043 DEBUG   SenderThread:3186673 [sender.py:send():382] send: stats
2024-10-20 04:01:57,264 DEBUG   HandlerThread:3186673 [handler.py:handle_request():146] handle_request: status_report
2024-10-20 04:01:59,454 DEBUG   HandlerThread:3186673 [handler.py:handle_request():146] handle_request: stop_status
2024-10-20 04:01:59,454 DEBUG   SenderThread:3186673 [sender.py:send_request():409] send_request: stop_status
2024-10-20 04:01:59,494 DEBUG   HandlerThread:3186673 [handler.py:handle_request():146] handle_request: internal_messages
2024-10-20 04:01:59,609 DEBUG   HandlerThread:3186673 [handler.py:handle_request():146] handle_request: status_report
2024-10-20 04:02:02,264 DEBUG   HandlerThread:3186673 [handler.py:handle_request():146] handle_request: status_report
2024-10-20 04:02:04,609 DEBUG   HandlerThread:3186673 [handler.py:handle_request():146] handle_request: status_report
2024-10-20 04:02:05,262 DEBUG   SenderThread:3186673 [sender.py:send():382] send: stats
2024-10-20 04:02:08,263 DEBUG   HandlerThread:3186673 [handler.py:handle_request():146] handle_request: status_report
2024-10-20 04:02:09,610 DEBUG   HandlerThread:3186673 [handler.py:handle_request():146] handle_request: status_report
2024-10-20 04:02:13,264 DEBUG   HandlerThread:3186673 [handler.py:handle_request():146] handle_request: status_report
2024-10-20 04:02:14,454 DEBUG   HandlerThread:3186673 [handler.py:handle_request():146] handle_request: stop_status
2024-10-20 04:02:14,454 DEBUG   SenderThread:3186673 [sender.py:send_request():409] send_request: stop_status
2024-10-20 04:02:14,495 DEBUG   HandlerThread:3186673 [handler.py:handle_request():146] handle_request: internal_messages
2024-10-20 04:02:14,616 DEBUG   HandlerThread:3186673 [handler.py:handle_request():146] handle_request: status_report
2024-10-20 04:02:18,265 DEBUG   HandlerThread:3186673 [handler.py:handle_request():146] handle_request: status_report
2024-10-20 04:02:19,617 DEBUG   HandlerThread:3186673 [handler.py:handle_request():146] handle_request: status_report
2024-10-20 04:02:23,265 DEBUG   HandlerThread:3186673 [handler.py:handle_request():146] handle_request: status_report
2024-10-20 04:02:24,617 DEBUG   HandlerThread:3186673 [handler.py:handle_request():146] handle_request: status_report
2024-10-20 04:02:25,044 DEBUG   SenderThread:3186673 [sender.py:send():382] send: stats
2024-10-20 04:02:28,266 DEBUG   HandlerThread:3186673 [handler.py:handle_request():146] handle_request: status_report
2024-10-20 04:02:29,454 DEBUG   HandlerThread:3186673 [handler.py:handle_request():146] handle_request: stop_status
2024-10-20 04:02:29,454 DEBUG   SenderThread:3186673 [sender.py:send_request():409] send_request: stop_status
2024-10-20 04:02:29,494 DEBUG   HandlerThread:3186673 [handler.py:handle_request():146] handle_request: internal_messages
2024-10-20 04:02:30,606 DEBUG   HandlerThread:3186673 [handler.py:handle_request():146] handle_request: status_report
2024-10-20 04:02:33,266 DEBUG   HandlerThread:3186673 [handler.py:handle_request():146] handle_request: status_report
2024-10-20 04:02:35,264 DEBUG   SenderThread:3186673 [sender.py:send():382] send: stats
2024-10-20 04:02:35,607 DEBUG   HandlerThread:3186673 [handler.py:handle_request():146] handle_request: status_report
2024-10-20 04:02:39,265 DEBUG   HandlerThread:3186673 [handler.py:handle_request():146] handle_request: status_report
2024-10-20 04:02:40,607 DEBUG   HandlerThread:3186673 [handler.py:handle_request():146] handle_request: status_report
2024-10-20 04:02:44,265 DEBUG   HandlerThread:3186673 [handler.py:handle_request():146] handle_request: status_report
2024-10-20 04:02:44,454 DEBUG   HandlerThread:3186673 [handler.py:handle_request():146] handle_request: stop_status
2024-10-20 04:02:44,454 DEBUG   SenderThread:3186673 [sender.py:send_request():409] send_request: stop_status
2024-10-20 04:02:44,494 DEBUG   HandlerThread:3186673 [handler.py:handle_request():146] handle_request: internal_messages
2024-10-20 04:02:46,520 DEBUG   HandlerThread:3186673 [handler.py:handle_request():146] handle_request: status_report
2024-10-20 04:02:49,266 DEBUG   HandlerThread:3186673 [handler.py:handle_request():146] handle_request: status_report
2024-10-20 04:02:51,521 DEBUG   HandlerThread:3186673 [handler.py:handle_request():146] handle_request: status_report
2024-10-20 04:02:54,266 DEBUG   HandlerThread:3186673 [handler.py:handle_request():146] handle_request: status_report
2024-10-20 04:02:55,045 DEBUG   SenderThread:3186673 [sender.py:send():382] send: stats
2024-10-20 04:02:57,046 DEBUG   HandlerThread:3186673 [handler.py:handle_request():146] handle_request: status_report
2024-10-20 04:02:59,267 DEBUG   HandlerThread:3186673 [handler.py:handle_request():146] handle_request: status_report
2024-10-20 04:02:59,454 DEBUG   HandlerThread:3186673 [handler.py:handle_request():146] handle_request: stop_status
2024-10-20 04:02:59,455 DEBUG   SenderThread:3186673 [sender.py:send_request():409] send_request: stop_status
2024-10-20 04:02:59,494 DEBUG   HandlerThread:3186673 [handler.py:handle_request():146] handle_request: internal_messages
2024-10-20 04:03:02,544 DEBUG   HandlerThread:3186673 [handler.py:handle_request():146] handle_request: status_report
2024-10-20 04:03:04,268 DEBUG   HandlerThread:3186673 [handler.py:handle_request():146] handle_request: status_report
2024-10-20 04:03:05,265 DEBUG   SenderThread:3186673 [sender.py:send():382] send: stats
2024-10-20 04:03:07,545 DEBUG   HandlerThread:3186673 [handler.py:handle_request():146] handle_request: status_report
2024-10-20 04:03:10,266 DEBUG   HandlerThread:3186673 [handler.py:handle_request():146] handle_request: status_report
2024-10-20 04:03:12,545 DEBUG   HandlerThread:3186673 [handler.py:handle_request():146] handle_request: status_report
2024-10-20 04:03:14,454 DEBUG   HandlerThread:3186673 [handler.py:handle_request():146] handle_request: stop_status
2024-10-20 04:03:14,455 DEBUG   SenderThread:3186673 [sender.py:send_request():409] send_request: stop_status
2024-10-20 04:03:14,494 DEBUG   HandlerThread:3186673 [handler.py:handle_request():146] handle_request: internal_messages
2024-10-20 04:03:15,266 DEBUG   HandlerThread:3186673 [handler.py:handle_request():146] handle_request: status_report
2024-10-20 04:03:17,562 DEBUG   HandlerThread:3186673 [handler.py:handle_request():146] handle_request: status_report
2024-10-20 04:03:20,267 DEBUG   HandlerThread:3186673 [handler.py:handle_request():146] handle_request: status_report
2024-10-20 04:03:22,563 DEBUG   HandlerThread:3186673 [handler.py:handle_request():146] handle_request: status_report
2024-10-20 04:03:25,046 DEBUG   SenderThread:3186673 [sender.py:send():382] send: stats
2024-10-20 04:03:25,268 DEBUG   HandlerThread:3186673 [handler.py:handle_request():146] handle_request: status_report
2024-10-20 04:03:28,047 DEBUG   HandlerThread:3186673 [handler.py:handle_request():146] handle_request: status_report
2024-10-20 04:03:29,454 DEBUG   HandlerThread:3186673 [handler.py:handle_request():146] handle_request: stop_status
2024-10-20 04:03:29,455 DEBUG   SenderThread:3186673 [sender.py:send_request():409] send_request: stop_status
2024-10-20 04:03:29,494 DEBUG   HandlerThread:3186673 [handler.py:handle_request():146] handle_request: internal_messages
2024-10-20 04:03:30,268 DEBUG   HandlerThread:3186673 [handler.py:handle_request():146] handle_request: status_report
2024-10-20 04:03:33,548 DEBUG   HandlerThread:3186673 [handler.py:handle_request():146] handle_request: status_report
2024-10-20 04:03:35,267 DEBUG   SenderThread:3186673 [sender.py:send():382] send: stats
2024-10-20 04:03:36,268 DEBUG   HandlerThread:3186673 [handler.py:handle_request():146] handle_request: status_report
2024-10-20 04:03:38,548 DEBUG   HandlerThread:3186673 [handler.py:handle_request():146] handle_request: status_report
2024-10-20 04:03:41,268 DEBUG   HandlerThread:3186673 [handler.py:handle_request():146] handle_request: status_report
2024-10-20 04:03:43,549 DEBUG   HandlerThread:3186673 [handler.py:handle_request():146] handle_request: status_report
2024-10-20 04:03:44,454 DEBUG   HandlerThread:3186673 [handler.py:handle_request():146] handle_request: stop_status
2024-10-20 04:03:44,455 DEBUG   SenderThread:3186673 [sender.py:send_request():409] send_request: stop_status
2024-10-20 04:03:44,495 DEBUG   HandlerThread:3186673 [handler.py:handle_request():146] handle_request: internal_messages
2024-10-20 04:03:46,269 DEBUG   HandlerThread:3186673 [handler.py:handle_request():146] handle_request: status_report
2024-10-20 04:03:48,585 DEBUG   HandlerThread:3186673 [handler.py:handle_request():146] handle_request: status_report
2024-10-20 04:03:51,269 DEBUG   HandlerThread:3186673 [handler.py:handle_request():146] handle_request: status_report
2024-10-20 04:03:53,586 DEBUG   HandlerThread:3186673 [handler.py:handle_request():146] handle_request: status_report
2024-10-20 04:03:55,047 DEBUG   SenderThread:3186673 [sender.py:send():382] send: stats
2024-10-20 04:03:56,270 DEBUG   HandlerThread:3186673 [handler.py:handle_request():146] handle_request: status_report
2024-10-20 04:03:59,048 DEBUG   HandlerThread:3186673 [handler.py:handle_request():146] handle_request: status_report
2024-10-20 04:03:59,455 DEBUG   HandlerThread:3186673 [handler.py:handle_request():146] handle_request: stop_status
2024-10-20 04:03:59,455 DEBUG   SenderThread:3186673 [sender.py:send_request():409] send_request: stop_status
2024-10-20 04:03:59,496 DEBUG   HandlerThread:3186673 [handler.py:handle_request():146] handle_request: internal_messages
2024-10-20 04:04:01,271 DEBUG   HandlerThread:3186673 [handler.py:handle_request():146] handle_request: status_report
2024-10-20 04:04:04,523 DEBUG   HandlerThread:3186673 [handler.py:handle_request():146] handle_request: status_report
2024-10-20 04:04:05,266 DEBUG   SenderThread:3186673 [sender.py:send():382] send: stats
2024-10-20 04:04:07,267 DEBUG   HandlerThread:3186673 [handler.py:handle_request():146] handle_request: status_report
2024-10-20 04:04:09,524 DEBUG   HandlerThread:3186673 [handler.py:handle_request():146] handle_request: status_report
2024-10-20 04:04:12,267 DEBUG   HandlerThread:3186673 [handler.py:handle_request():146] handle_request: status_report
2024-10-20 04:04:14,455 DEBUG   HandlerThread:3186673 [handler.py:handle_request():146] handle_request: stop_status
2024-10-20 04:04:14,455 DEBUG   SenderThread:3186673 [sender.py:send_request():409] send_request: stop_status
2024-10-20 04:04:14,496 DEBUG   HandlerThread:3186673 [handler.py:handle_request():146] handle_request: internal_messages
2024-10-20 04:04:14,557 DEBUG   HandlerThread:3186673 [handler.py:handle_request():146] handle_request: status_report
2024-10-20 04:04:17,268 DEBUG   HandlerThread:3186673 [handler.py:handle_request():146] handle_request: status_report
2024-10-20 04:04:19,557 DEBUG   HandlerThread:3186673 [handler.py:handle_request():146] handle_request: status_report
2024-10-20 04:04:22,269 DEBUG   HandlerThread:3186673 [handler.py:handle_request():146] handle_request: status_report
2024-10-20 04:04:24,558 DEBUG   HandlerThread:3186673 [handler.py:handle_request():146] handle_request: status_report
2024-10-20 04:04:25,048 DEBUG   SenderThread:3186673 [sender.py:send():382] send: stats
2024-10-20 04:04:27,269 DEBUG   HandlerThread:3186673 [handler.py:handle_request():146] handle_request: status_report
2024-10-20 04:04:29,455 DEBUG   HandlerThread:3186673 [handler.py:handle_request():146] handle_request: stop_status
2024-10-20 04:04:29,455 DEBUG   SenderThread:3186673 [sender.py:send_request():409] send_request: stop_status
2024-10-20 04:04:29,496 DEBUG   HandlerThread:3186673 [handler.py:handle_request():146] handle_request: internal_messages
2024-10-20 04:04:29,591 DEBUG   HandlerThread:3186673 [handler.py:handle_request():146] handle_request: status_report
2024-10-20 04:04:32,270 DEBUG   HandlerThread:3186673 [handler.py:handle_request():146] handle_request: status_report
2024-10-20 04:04:34,592 DEBUG   HandlerThread:3186673 [handler.py:handle_request():146] handle_request: status_report
2024-10-20 04:04:35,268 DEBUG   SenderThread:3186673 [sender.py:send():382] send: stats
2024-10-20 04:04:38,269 DEBUG   HandlerThread:3186673 [handler.py:handle_request():146] handle_request: status_report
2024-10-20 04:04:39,592 DEBUG   HandlerThread:3186673 [handler.py:handle_request():146] handle_request: status_report
2024-10-20 04:04:43,270 DEBUG   HandlerThread:3186673 [handler.py:handle_request():146] handle_request: status_report
2024-10-20 04:04:44,455 DEBUG   HandlerThread:3186673 [handler.py:handle_request():146] handle_request: stop_status
2024-10-20 04:04:44,455 DEBUG   SenderThread:3186673 [sender.py:send_request():409] send_request: stop_status
2024-10-20 04:04:44,496 DEBUG   HandlerThread:3186673 [handler.py:handle_request():146] handle_request: internal_messages
2024-10-20 04:04:45,539 DEBUG   HandlerThread:3186673 [handler.py:handle_request():146] handle_request: status_report
2024-10-20 04:04:48,270 DEBUG   HandlerThread:3186673 [handler.py:handle_request():146] handle_request: status_report
2024-10-20 04:04:50,539 DEBUG   HandlerThread:3186673 [handler.py:handle_request():146] handle_request: status_report
2024-10-20 04:04:53,271 DEBUG   HandlerThread:3186673 [handler.py:handle_request():146] handle_request: status_report
2024-10-20 04:04:55,049 DEBUG   SenderThread:3186673 [sender.py:send():382] send: stats
2024-10-20 04:04:56,050 DEBUG   HandlerThread:3186673 [handler.py:handle_request():146] handle_request: status_report
2024-10-20 04:04:58,271 DEBUG   HandlerThread:3186673 [handler.py:handle_request():146] handle_request: status_report
2024-10-20 04:04:59,455 DEBUG   HandlerThread:3186673 [handler.py:handle_request():146] handle_request: stop_status
2024-10-20 04:04:59,455 DEBUG   SenderThread:3186673 [sender.py:send_request():409] send_request: stop_status
2024-10-20 04:04:59,496 DEBUG   HandlerThread:3186673 [handler.py:handle_request():146] handle_request: internal_messages
2024-10-20 04:05:01,575 DEBUG   HandlerThread:3186673 [handler.py:handle_request():146] handle_request: status_report
2024-10-20 04:05:03,272 DEBUG   HandlerThread:3186673 [handler.py:handle_request():146] handle_request: status_report
2024-10-20 04:05:05,268 DEBUG   SenderThread:3186673 [sender.py:send():382] send: stats
2024-10-20 04:05:06,575 DEBUG   HandlerThread:3186673 [handler.py:handle_request():146] handle_request: status_report
2024-10-20 04:05:09,269 DEBUG   HandlerThread:3186673 [handler.py:handle_request():146] handle_request: status_report
2024-10-20 04:05:11,576 DEBUG   HandlerThread:3186673 [handler.py:handle_request():146] handle_request: status_report
2024-10-20 04:05:14,270 DEBUG   HandlerThread:3186673 [handler.py:handle_request():146] handle_request: status_report
2024-10-20 04:05:14,455 DEBUG   HandlerThread:3186673 [handler.py:handle_request():146] handle_request: stop_status
2024-10-20 04:05:14,456 DEBUG   SenderThread:3186673 [sender.py:send_request():409] send_request: stop_status
2024-10-20 04:05:14,495 DEBUG   HandlerThread:3186673 [handler.py:handle_request():146] handle_request: internal_messages
2024-10-20 04:05:17,544 DEBUG   HandlerThread:3186673 [handler.py:handle_request():146] handle_request: status_report
2024-10-20 04:05:19,270 DEBUG   HandlerThread:3186673 [handler.py:handle_request():146] handle_request: status_report
2024-10-20 04:05:22,545 DEBUG   HandlerThread:3186673 [handler.py:handle_request():146] handle_request: status_report
2024-10-20 04:05:24,271 DEBUG   HandlerThread:3186673 [handler.py:handle_request():146] handle_request: status_report
2024-10-20 04:05:25,051 DEBUG   SenderThread:3186673 [sender.py:send():382] send: stats
2024-10-20 04:05:28,053 DEBUG   HandlerThread:3186673 [handler.py:handle_request():146] handle_request: status_report
2024-10-20 04:05:29,271 DEBUG   HandlerThread:3186673 [handler.py:handle_request():146] handle_request: status_report
2024-10-20 04:05:29,455 DEBUG   HandlerThread:3186673 [handler.py:handle_request():146] handle_request: stop_status
2024-10-20 04:05:29,456 DEBUG   SenderThread:3186673 [sender.py:send_request():409] send_request: stop_status
2024-10-20 04:05:29,496 DEBUG   HandlerThread:3186673 [handler.py:handle_request():146] handle_request: internal_messages
2024-10-20 04:05:33,523 DEBUG   HandlerThread:3186673 [handler.py:handle_request():146] handle_request: status_report
2024-10-20 04:05:34,272 DEBUG   HandlerThread:3186673 [handler.py:handle_request():146] handle_request: status_report
2024-10-20 04:05:35,269 DEBUG   SenderThread:3186673 [sender.py:send():382] send: stats
2024-10-20 04:05:38,523 DEBUG   HandlerThread:3186673 [handler.py:handle_request():146] handle_request: status_report
2024-10-20 04:05:40,270 DEBUG   HandlerThread:3186673 [handler.py:handle_request():146] handle_request: status_report
2024-10-20 04:05:43,524 DEBUG   HandlerThread:3186673 [handler.py:handle_request():146] handle_request: status_report
2024-10-20 04:05:44,455 DEBUG   HandlerThread:3186673 [handler.py:handle_request():146] handle_request: stop_status
2024-10-20 04:05:44,456 DEBUG   SenderThread:3186673 [sender.py:send_request():409] send_request: stop_status
2024-10-20 04:05:44,497 DEBUG   HandlerThread:3186673 [handler.py:handle_request():146] handle_request: internal_messages
2024-10-20 04:05:45,270 DEBUG   HandlerThread:3186673 [handler.py:handle_request():146] handle_request: status_report
2024-10-20 04:05:48,563 DEBUG   HandlerThread:3186673 [handler.py:handle_request():146] handle_request: status_report
2024-10-20 04:05:50,271 DEBUG   HandlerThread:3186673 [handler.py:handle_request():146] handle_request: status_report
2024-10-20 04:05:53,564 DEBUG   HandlerThread:3186673 [handler.py:handle_request():146] handle_request: status_report
2024-10-20 04:05:55,051 DEBUG   SenderThread:3186673 [sender.py:send():382] send: stats
2024-10-20 04:05:55,272 DEBUG   HandlerThread:3186673 [handler.py:handle_request():146] handle_request: status_report
2024-10-20 04:05:59,052 DEBUG   HandlerThread:3186673 [handler.py:handle_request():146] handle_request: status_report
2024-10-20 04:05:59,456 DEBUG   HandlerThread:3186673 [handler.py:handle_request():146] handle_request: stop_status
2024-10-20 04:05:59,456 DEBUG   SenderThread:3186673 [sender.py:send_request():409] send_request: stop_status
2024-10-20 04:05:59,496 DEBUG   HandlerThread:3186673 [handler.py:handle_request():146] handle_request: internal_messages
2024-10-20 04:06:00,272 DEBUG   HandlerThread:3186673 [handler.py:handle_request():146] handle_request: status_report
2024-10-20 04:06:04,562 DEBUG   HandlerThread:3186673 [handler.py:handle_request():146] handle_request: status_report
2024-10-20 04:06:05,269 DEBUG   SenderThread:3186673 [sender.py:send():382] send: stats
2024-10-20 04:06:06,270 DEBUG   HandlerThread:3186673 [handler.py:handle_request():146] handle_request: status_report
2024-10-20 04:06:09,562 DEBUG   HandlerThread:3186673 [handler.py:handle_request():146] handle_request: status_report
2024-10-20 04:06:11,271 DEBUG   HandlerThread:3186673 [handler.py:handle_request():146] handle_request: status_report
2024-10-20 04:06:14,456 DEBUG   HandlerThread:3186673 [handler.py:handle_request():146] handle_request: stop_status
2024-10-20 04:06:14,456 DEBUG   SenderThread:3186673 [sender.py:send_request():409] send_request: stop_status
2024-10-20 04:06:14,497 DEBUG   HandlerThread:3186673 [handler.py:handle_request():146] handle_request: internal_messages
2024-10-20 04:06:15,550 DEBUG   HandlerThread:3186673 [handler.py:handle_request():146] handle_request: status_report
2024-10-20 04:06:16,272 DEBUG   HandlerThread:3186673 [handler.py:handle_request():146] handle_request: status_report
2024-10-20 04:06:20,551 DEBUG   HandlerThread:3186673 [handler.py:handle_request():146] handle_request: status_report
2024-10-20 04:06:21,272 DEBUG   HandlerThread:3186673 [handler.py:handle_request():146] handle_request: status_report
2024-10-20 04:06:25,053 DEBUG   SenderThread:3186673 [sender.py:send():382] send: stats
2024-10-20 04:06:26,054 DEBUG   HandlerThread:3186673 [handler.py:handle_request():146] handle_request: status_report
2024-10-20 04:06:26,273 DEBUG   HandlerThread:3186673 [handler.py:handle_request():146] handle_request: status_report
2024-10-20 04:06:29,456 DEBUG   HandlerThread:3186673 [handler.py:handle_request():146] handle_request: stop_status
2024-10-20 04:06:29,456 DEBUG   SenderThread:3186673 [sender.py:send_request():409] send_request: stop_status
2024-10-20 04:06:29,497 DEBUG   HandlerThread:3186673 [handler.py:handle_request():146] handle_request: internal_messages
2024-10-20 04:06:31,273 DEBUG   HandlerThread:3186673 [handler.py:handle_request():146] handle_request: status_report
2024-10-20 04:06:31,555 DEBUG   HandlerThread:3186673 [handler.py:handle_request():146] handle_request: status_report
2024-10-20 04:06:35,270 DEBUG   SenderThread:3186673 [sender.py:send():382] send: stats
2024-10-20 04:06:36,556 DEBUG   HandlerThread:3186673 [handler.py:handle_request():146] handle_request: status_report
2024-10-20 04:06:37,271 DEBUG   HandlerThread:3186673 [handler.py:handle_request():146] handle_request: status_report
2024-10-20 04:06:41,557 DEBUG   HandlerThread:3186673 [handler.py:handle_request():146] handle_request: status_report
2024-10-20 04:06:42,272 DEBUG   HandlerThread:3186673 [handler.py:handle_request():146] handle_request: status_report
2024-10-20 04:06:44,456 DEBUG   HandlerThread:3186673 [handler.py:handle_request():146] handle_request: stop_status
2024-10-20 04:06:44,456 DEBUG   SenderThread:3186673 [sender.py:send_request():409] send_request: stop_status
2024-10-20 04:06:44,496 DEBUG   HandlerThread:3186673 [handler.py:handle_request():146] handle_request: internal_messages
2024-10-20 04:06:46,609 DEBUG   HandlerThread:3186673 [handler.py:handle_request():146] handle_request: status_report
2024-10-20 04:06:47,272 DEBUG   HandlerThread:3186673 [handler.py:handle_request():146] handle_request: status_report
2024-10-20 04:06:51,609 DEBUG   HandlerThread:3186673 [handler.py:handle_request():146] handle_request: status_report
2024-10-20 04:06:52,273 DEBUG   HandlerThread:3186673 [handler.py:handle_request():146] handle_request: status_report
2024-10-20 04:06:55,053 DEBUG   SenderThread:3186673 [sender.py:send():382] send: stats
2024-10-20 04:06:57,054 DEBUG   HandlerThread:3186673 [handler.py:handle_request():146] handle_request: status_report
2024-10-20 04:06:57,273 DEBUG   HandlerThread:3186673 [handler.py:handle_request():146] handle_request: status_report
2024-10-20 04:06:59,456 DEBUG   HandlerThread:3186673 [handler.py:handle_request():146] handle_request: stop_status
2024-10-20 04:06:59,457 DEBUG   SenderThread:3186673 [sender.py:send_request():409] send_request: stop_status
2024-10-20 04:06:59,496 DEBUG   HandlerThread:3186673 [handler.py:handle_request():146] handle_request: internal_messages
2024-10-20 04:07:02,274 DEBUG   HandlerThread:3186673 [handler.py:handle_request():146] handle_request: status_report
2024-10-20 04:07:02,582 DEBUG   HandlerThread:3186673 [handler.py:handle_request():146] handle_request: status_report
2024-10-20 04:07:05,271 DEBUG   SenderThread:3186673 [sender.py:send():382] send: stats
2024-10-20 04:07:07,583 DEBUG   HandlerThread:3186673 [handler.py:handle_request():146] handle_request: status_report
2024-10-20 04:07:08,272 DEBUG   HandlerThread:3186673 [handler.py:handle_request():146] handle_request: status_report
2024-10-20 04:07:12,583 DEBUG   HandlerThread:3186673 [handler.py:handle_request():146] handle_request: status_report
2024-10-20 04:07:13,273 DEBUG   HandlerThread:3186673 [handler.py:handle_request():146] handle_request: status_report
2024-10-20 04:07:14,456 DEBUG   HandlerThread:3186673 [handler.py:handle_request():146] handle_request: stop_status
2024-10-20 04:07:14,457 DEBUG   SenderThread:3186673 [sender.py:send_request():409] send_request: stop_status
2024-10-20 04:07:14,497 DEBUG   HandlerThread:3186673 [handler.py:handle_request():146] handle_request: internal_messages
2024-10-20 04:07:18,273 DEBUG   HandlerThread:3186673 [handler.py:handle_request():146] handle_request: status_report
2024-10-20 04:07:18,537 DEBUG   HandlerThread:3186673 [handler.py:handle_request():146] handle_request: status_report
2024-10-20 04:07:23,274 DEBUG   HandlerThread:3186673 [handler.py:handle_request():146] handle_request: status_report
2024-10-20 04:07:23,538 DEBUG   HandlerThread:3186673 [handler.py:handle_request():146] handle_request: status_report
2024-10-20 04:07:25,054 DEBUG   SenderThread:3186673 [sender.py:send():382] send: stats
2024-10-20 04:07:28,274 DEBUG   HandlerThread:3186673 [handler.py:handle_request():146] handle_request: status_report
2024-10-20 04:07:29,055 DEBUG   HandlerThread:3186673 [handler.py:handle_request():146] handle_request: status_report
2024-10-20 04:07:29,456 DEBUG   HandlerThread:3186673 [handler.py:handle_request():146] handle_request: stop_status
2024-10-20 04:07:29,457 DEBUG   SenderThread:3186673 [sender.py:send_request():409] send_request: stop_status
2024-10-20 04:07:29,497 DEBUG   HandlerThread:3186673 [handler.py:handle_request():146] handle_request: internal_messages
2024-10-20 04:07:33,275 DEBUG   HandlerThread:3186673 [handler.py:handle_request():146] handle_request: status_report
2024-10-20 04:07:34,617 DEBUG   HandlerThread:3186673 [handler.py:handle_request():146] handle_request: status_report
2024-10-20 04:07:35,272 DEBUG   SenderThread:3186673 [sender.py:send():382] send: stats
2024-10-20 04:07:39,273 DEBUG   HandlerThread:3186673 [handler.py:handle_request():146] handle_request: status_report
2024-10-20 04:07:39,618 DEBUG   HandlerThread:3186673 [handler.py:handle_request():146] handle_request: status_report
2024-10-20 04:07:44,274 DEBUG   HandlerThread:3186673 [handler.py:handle_request():146] handle_request: status_report
2024-10-20 04:07:44,456 DEBUG   HandlerThread:3186673 [handler.py:handle_request():146] handle_request: stop_status
2024-10-20 04:07:44,457 DEBUG   SenderThread:3186673 [sender.py:send_request():409] send_request: stop_status
2024-10-20 04:07:44,497 DEBUG   HandlerThread:3186673 [handler.py:handle_request():146] handle_request: internal_messages
2024-10-20 04:07:45,541 DEBUG   HandlerThread:3186673 [handler.py:handle_request():146] handle_request: status_report
2024-10-20 04:07:49,274 DEBUG   HandlerThread:3186673 [handler.py:handle_request():146] handle_request: status_report
2024-10-20 04:07:50,542 DEBUG   HandlerThread:3186673 [handler.py:handle_request():146] handle_request: status_report
2024-10-20 04:07:54,275 DEBUG   HandlerThread:3186673 [handler.py:handle_request():146] handle_request: status_report
2024-10-20 04:07:55,055 DEBUG   SenderThread:3186673 [sender.py:send():382] send: stats
2024-10-20 04:07:56,056 DEBUG   HandlerThread:3186673 [handler.py:handle_request():146] handle_request: status_report
2024-10-20 04:07:59,275 DEBUG   HandlerThread:3186673 [handler.py:handle_request():146] handle_request: status_report
2024-10-20 04:07:59,457 DEBUG   HandlerThread:3186673 [handler.py:handle_request():146] handle_request: stop_status
2024-10-20 04:07:59,457 DEBUG   SenderThread:3186673 [sender.py:send_request():409] send_request: stop_status
2024-10-20 04:07:59,497 DEBUG   HandlerThread:3186673 [handler.py:handle_request():146] handle_request: internal_messages
2024-10-20 04:08:01,581 DEBUG   HandlerThread:3186673 [handler.py:handle_request():146] handle_request: status_report
2024-10-20 04:08:04,276 DEBUG   HandlerThread:3186673 [handler.py:handle_request():146] handle_request: status_report
2024-10-20 04:08:05,273 DEBUG   SenderThread:3186673 [sender.py:send():382] send: stats
2024-10-20 04:08:06,582 DEBUG   HandlerThread:3186673 [handler.py:handle_request():146] handle_request: status_report
2024-10-20 04:08:10,274 DEBUG   HandlerThread:3186673 [handler.py:handle_request():146] handle_request: status_report
2024-10-20 04:08:11,582 DEBUG   HandlerThread:3186673 [handler.py:handle_request():146] handle_request: status_report
2024-10-20 04:08:14,457 DEBUG   HandlerThread:3186673 [handler.py:handle_request():146] handle_request: stop_status
2024-10-20 04:08:14,457 DEBUG   SenderThread:3186673 [sender.py:send_request():409] send_request: stop_status
2024-10-20 04:08:14,497 DEBUG   HandlerThread:3186673 [handler.py:handle_request():146] handle_request: internal_messages
2024-10-20 04:08:15,274 DEBUG   HandlerThread:3186673 [handler.py:handle_request():146] handle_request: status_report
2024-10-20 04:08:17,518 DEBUG   HandlerThread:3186673 [handler.py:handle_request():146] handle_request: status_report
2024-10-20 04:08:20,275 DEBUG   HandlerThread:3186673 [handler.py:handle_request():146] handle_request: status_report
2024-10-20 04:08:22,518 DEBUG   HandlerThread:3186673 [handler.py:handle_request():146] handle_request: status_report
2024-10-20 04:08:25,056 DEBUG   SenderThread:3186673 [sender.py:send():382] send: stats
2024-10-20 04:08:25,276 DEBUG   HandlerThread:3186673 [handler.py:handle_request():146] handle_request: status_report
2024-10-20 04:08:28,057 DEBUG   HandlerThread:3186673 [handler.py:handle_request():146] handle_request: status_report
2024-10-20 04:08:29,457 DEBUG   HandlerThread:3186673 [handler.py:handle_request():146] handle_request: stop_status
2024-10-20 04:08:29,457 DEBUG   SenderThread:3186673 [sender.py:send_request():409] send_request: stop_status
2024-10-20 04:08:29,497 DEBUG   HandlerThread:3186673 [handler.py:handle_request():146] handle_request: internal_messages
2024-10-20 04:08:30,276 DEBUG   HandlerThread:3186673 [handler.py:handle_request():146] handle_request: status_report
2024-10-20 04:08:33,560 DEBUG   HandlerThread:3186673 [handler.py:handle_request():146] handle_request: status_report
2024-10-20 04:08:35,275 DEBUG   SenderThread:3186673 [sender.py:send():382] send: stats
2024-10-20 04:08:36,276 DEBUG   HandlerThread:3186673 [handler.py:handle_request():146] handle_request: status_report
2024-10-20 04:08:38,561 DEBUG   HandlerThread:3186673 [handler.py:handle_request():146] handle_request: status_report
2024-10-20 04:08:41,276 DEBUG   HandlerThread:3186673 [handler.py:handle_request():146] handle_request: status_report
2024-10-20 04:08:43,562 DEBUG   HandlerThread:3186673 [handler.py:handle_request():146] handle_request: status_report
2024-10-20 04:08:44,457 DEBUG   HandlerThread:3186673 [handler.py:handle_request():146] handle_request: stop_status
2024-10-20 04:08:44,457 DEBUG   SenderThread:3186673 [sender.py:send_request():409] send_request: stop_status
2024-10-20 04:08:44,497 DEBUG   HandlerThread:3186673 [handler.py:handle_request():146] handle_request: internal_messages
2024-10-20 04:08:46,277 DEBUG   HandlerThread:3186673 [handler.py:handle_request():146] handle_request: status_report
2024-10-20 04:08:48,563 DEBUG   HandlerThread:3186673 [handler.py:handle_request():146] handle_request: status_report
2024-10-20 04:08:51,277 DEBUG   HandlerThread:3186673 [handler.py:handle_request():146] handle_request: status_report
2024-10-20 04:08:53,564 DEBUG   HandlerThread:3186673 [handler.py:handle_request():146] handle_request: status_report
2024-10-20 04:08:55,057 DEBUG   SenderThread:3186673 [sender.py:send():382] send: stats
2024-10-20 04:08:56,278 DEBUG   HandlerThread:3186673 [handler.py:handle_request():146] handle_request: status_report
2024-10-20 04:08:59,058 DEBUG   HandlerThread:3186673 [handler.py:handle_request():146] handle_request: status_report
2024-10-20 04:08:59,457 DEBUG   HandlerThread:3186673 [handler.py:handle_request():146] handle_request: stop_status
2024-10-20 04:08:59,457 DEBUG   SenderThread:3186673 [sender.py:send_request():409] send_request: stop_status
2024-10-20 04:08:59,497 DEBUG   HandlerThread:3186673 [handler.py:handle_request():146] handle_request: internal_messages
2024-10-20 04:09:01,279 DEBUG   HandlerThread:3186673 [handler.py:handle_request():146] handle_request: status_report
2024-10-20 04:09:04,537 DEBUG   HandlerThread:3186673 [handler.py:handle_request():146] handle_request: status_report
2024-10-20 04:09:05,275 DEBUG   SenderThread:3186673 [sender.py:send():382] send: stats
2024-10-20 04:09:07,275 DEBUG   HandlerThread:3186673 [handler.py:handle_request():146] handle_request: status_report
2024-10-20 04:09:09,537 DEBUG   HandlerThread:3186673 [handler.py:handle_request():146] handle_request: status_report
2024-10-20 04:09:12,276 DEBUG   HandlerThread:3186673 [handler.py:handle_request():146] handle_request: status_report
2024-10-20 04:09:14,457 DEBUG   HandlerThread:3186673 [handler.py:handle_request():146] handle_request: stop_status
2024-10-20 04:09:14,457 DEBUG   SenderThread:3186673 [sender.py:send_request():409] send_request: stop_status
2024-10-20 04:09:14,497 DEBUG   HandlerThread:3186673 [handler.py:handle_request():146] handle_request: internal_messages
2024-10-20 04:09:14,552 DEBUG   HandlerThread:3186673 [handler.py:handle_request():146] handle_request: status_report
2024-10-20 04:09:17,277 DEBUG   HandlerThread:3186673 [handler.py:handle_request():146] handle_request: status_report
2024-10-20 04:09:19,553 DEBUG   HandlerThread:3186673 [handler.py:handle_request():146] handle_request: status_report
2024-10-20 04:09:22,277 DEBUG   HandlerThread:3186673 [handler.py:handle_request():146] handle_request: status_report
2024-10-20 04:09:24,553 DEBUG   HandlerThread:3186673 [handler.py:handle_request():146] handle_request: status_report
2024-10-20 04:09:25,058 DEBUG   SenderThread:3186673 [sender.py:send():382] send: stats
2024-10-20 04:09:27,278 DEBUG   HandlerThread:3186673 [handler.py:handle_request():146] handle_request: status_report
2024-10-20 04:09:29,457 DEBUG   HandlerThread:3186673 [handler.py:handle_request():146] handle_request: stop_status
2024-10-20 04:09:29,458 DEBUG   SenderThread:3186673 [sender.py:send_request():409] send_request: stop_status
2024-10-20 04:09:29,498 DEBUG   HandlerThread:3186673 [handler.py:handle_request():146] handle_request: internal_messages
2024-10-20 04:09:29,606 DEBUG   HandlerThread:3186673 [handler.py:handle_request():146] handle_request: status_report
2024-10-20 04:09:32,278 DEBUG   HandlerThread:3186673 [handler.py:handle_request():146] handle_request: status_report
2024-10-20 04:09:34,606 DEBUG   HandlerThread:3186673 [handler.py:handle_request():146] handle_request: status_report
2024-10-20 04:09:35,277 DEBUG   SenderThread:3186673 [sender.py:send():382] send: stats
2024-10-20 04:09:38,278 DEBUG   HandlerThread:3186673 [handler.py:handle_request():146] handle_request: status_report
2024-10-20 04:09:39,607 DEBUG   HandlerThread:3186673 [handler.py:handle_request():146] handle_request: status_report
2024-10-20 04:09:43,278 DEBUG   HandlerThread:3186673 [handler.py:handle_request():146] handle_request: status_report
2024-10-20 04:09:44,457 DEBUG   HandlerThread:3186673 [handler.py:handle_request():146] handle_request: stop_status
2024-10-20 04:09:44,458 DEBUG   SenderThread:3186673 [sender.py:send_request():409] send_request: stop_status
2024-10-20 04:09:44,497 DEBUG   HandlerThread:3186673 [handler.py:handle_request():146] handle_request: internal_messages
2024-10-20 04:09:45,549 DEBUG   HandlerThread:3186673 [handler.py:handle_request():146] handle_request: status_report
2024-10-20 04:09:48,279 DEBUG   HandlerThread:3186673 [handler.py:handle_request():146] handle_request: status_report
2024-10-20 04:09:50,549 DEBUG   HandlerThread:3186673 [handler.py:handle_request():146] handle_request: status_report
2024-10-20 04:09:53,280 DEBUG   HandlerThread:3186673 [handler.py:handle_request():146] handle_request: status_report
2024-10-20 04:09:55,059 DEBUG   SenderThread:3186673 [sender.py:send():382] send: stats
2024-10-20 04:09:56,060 DEBUG   HandlerThread:3186673 [handler.py:handle_request():146] handle_request: status_report
2024-10-20 04:09:58,280 DEBUG   HandlerThread:3186673 [handler.py:handle_request():146] handle_request: status_report
2024-10-20 04:09:59,457 DEBUG   HandlerThread:3186673 [handler.py:handle_request():146] handle_request: stop_status
2024-10-20 04:09:59,458 DEBUG   SenderThread:3186673 [sender.py:send_request():409] send_request: stop_status
2024-10-20 04:09:59,498 DEBUG   HandlerThread:3186673 [handler.py:handle_request():146] handle_request: internal_messages
2024-10-20 04:10:01,608 DEBUG   HandlerThread:3186673 [handler.py:handle_request():146] handle_request: status_report
2024-10-20 04:10:03,281 DEBUG   HandlerThread:3186673 [handler.py:handle_request():146] handle_request: status_report
2024-10-20 04:10:05,276 DEBUG   SenderThread:3186673 [sender.py:send():382] send: stats
2024-10-20 04:10:06,609 DEBUG   HandlerThread:3186673 [handler.py:handle_request():146] handle_request: status_report
2024-10-20 04:10:09,278 DEBUG   HandlerThread:3186673 [handler.py:handle_request():146] handle_request: status_report
2024-10-20 04:10:11,610 DEBUG   HandlerThread:3186673 [handler.py:handle_request():146] handle_request: status_report
2024-10-20 04:10:14,279 DEBUG   HandlerThread:3186673 [handler.py:handle_request():146] handle_request: status_report
2024-10-20 04:10:14,458 DEBUG   HandlerThread:3186673 [handler.py:handle_request():146] handle_request: stop_status
2024-10-20 04:10:14,458 DEBUG   SenderThread:3186673 [sender.py:send_request():409] send_request: stop_status
2024-10-20 04:10:14,499 DEBUG   HandlerThread:3186673 [handler.py:handle_request():146] handle_request: internal_messages
2024-10-20 04:10:17,603 DEBUG   HandlerThread:3186673 [handler.py:handle_request():146] handle_request: status_report
2024-10-20 04:10:19,279 DEBUG   HandlerThread:3186673 [handler.py:handle_request():146] handle_request: status_report
2024-10-20 04:10:22,603 DEBUG   HandlerThread:3186673 [handler.py:handle_request():146] handle_request: status_report
2024-10-20 04:10:24,280 DEBUG   HandlerThread:3186673 [handler.py:handle_request():146] handle_request: status_report
2024-10-20 04:10:25,060 DEBUG   SenderThread:3186673 [sender.py:send():382] send: stats
2024-10-20 04:10:28,061 DEBUG   HandlerThread:3186673 [handler.py:handle_request():146] handle_request: status_report
2024-10-20 04:10:29,280 DEBUG   HandlerThread:3186673 [handler.py:handle_request():146] handle_request: status_report
2024-10-20 04:10:29,458 DEBUG   HandlerThread:3186673 [handler.py:handle_request():146] handle_request: stop_status
2024-10-20 04:10:29,458 DEBUG   SenderThread:3186673 [sender.py:send_request():409] send_request: stop_status
2024-10-20 04:10:29,498 DEBUG   HandlerThread:3186673 [handler.py:handle_request():146] handle_request: internal_messages
2024-10-20 04:10:33,616 DEBUG   HandlerThread:3186673 [handler.py:handle_request():146] handle_request: status_report
2024-10-20 04:10:34,281 DEBUG   HandlerThread:3186673 [handler.py:handle_request():146] handle_request: status_report
2024-10-20 04:10:35,278 DEBUG   SenderThread:3186673 [sender.py:send():382] send: stats
2024-10-20 04:10:38,617 DEBUG   HandlerThread:3186673 [handler.py:handle_request():146] handle_request: status_report
2024-10-20 04:10:40,279 DEBUG   HandlerThread:3186673 [handler.py:handle_request():146] handle_request: status_report
2024-10-20 04:10:43,617 DEBUG   HandlerThread:3186673 [handler.py:handle_request():146] handle_request: status_report
2024-10-20 04:10:44,458 DEBUG   HandlerThread:3186673 [handler.py:handle_request():146] handle_request: stop_status
2024-10-20 04:10:44,458 DEBUG   SenderThread:3186673 [sender.py:send_request():409] send_request: stop_status
2024-10-20 04:10:44,498 DEBUG   HandlerThread:3186673 [handler.py:handle_request():146] handle_request: internal_messages
2024-10-20 04:10:45,280 DEBUG   HandlerThread:3186673 [handler.py:handle_request():146] handle_request: status_report
2024-10-20 04:10:49,586 DEBUG   HandlerThread:3186673 [handler.py:handle_request():146] handle_request: status_report
2024-10-20 04:10:50,280 DEBUG   HandlerThread:3186673 [handler.py:handle_request():146] handle_request: status_report
2024-10-20 04:10:54,586 DEBUG   HandlerThread:3186673 [handler.py:handle_request():146] handle_request: status_report
2024-10-20 04:10:55,060 DEBUG   SenderThread:3186673 [sender.py:send():382] send: stats
2024-10-20 04:10:55,281 DEBUG   HandlerThread:3186673 [handler.py:handle_request():146] handle_request: status_report
2024-10-20 04:10:59,458 DEBUG   HandlerThread:3186673 [handler.py:handle_request():146] handle_request: stop_status
2024-10-20 04:10:59,458 DEBUG   SenderThread:3186673 [sender.py:send_request():409] send_request: stop_status
2024-10-20 04:10:59,499 DEBUG   HandlerThread:3186673 [handler.py:handle_request():146] handle_request: internal_messages
2024-10-20 04:11:00,281 DEBUG   HandlerThread:3186673 [handler.py:handle_request():146] handle_request: status_report
2024-10-20 04:11:00,538 DEBUG   HandlerThread:3186673 [handler.py:handle_request():146] handle_request: status_report
2024-10-20 04:11:05,279 DEBUG   SenderThread:3186673 [sender.py:send():382] send: stats
2024-10-20 04:11:05,539 DEBUG   HandlerThread:3186673 [handler.py:handle_request():146] handle_request: status_report
2024-10-20 04:11:06,280 DEBUG   HandlerThread:3186673 [handler.py:handle_request():146] handle_request: status_report
2024-10-20 04:11:10,540 DEBUG   HandlerThread:3186673 [handler.py:handle_request():146] handle_request: status_report
2024-10-20 04:11:11,281 DEBUG   HandlerThread:3186673 [handler.py:handle_request():146] handle_request: status_report
2024-10-20 04:11:14,458 DEBUG   HandlerThread:3186673 [handler.py:handle_request():146] handle_request: stop_status
2024-10-20 04:11:14,459 DEBUG   SenderThread:3186673 [sender.py:send_request():409] send_request: stop_status
2024-10-20 04:11:14,499 DEBUG   HandlerThread:3186673 [handler.py:handle_request():146] handle_request: internal_messages
2024-10-20 04:11:16,281 DEBUG   HandlerThread:3186673 [handler.py:handle_request():146] handle_request: status_report
2024-10-20 04:11:16,514 DEBUG   HandlerThread:3186673 [handler.py:handle_request():146] handle_request: status_report
2024-10-20 04:11:21,282 DEBUG   HandlerThread:3186673 [handler.py:handle_request():146] handle_request: status_report
2024-10-20 04:11:21,514 DEBUG   HandlerThread:3186673 [handler.py:handle_request():146] handle_request: status_report
2024-10-20 04:11:25,062 DEBUG   SenderThread:3186673 [sender.py:send():382] send: stats
2024-10-20 04:11:26,282 DEBUG   HandlerThread:3186673 [handler.py:handle_request():146] handle_request: status_report
2024-10-20 04:11:27,063 DEBUG   HandlerThread:3186673 [handler.py:handle_request():146] handle_request: status_report
2024-10-20 04:11:29,458 DEBUG   HandlerThread:3186673 [handler.py:handle_request():146] handle_request: stop_status
2024-10-20 04:11:29,459 DEBUG   SenderThread:3186673 [sender.py:send_request():409] send_request: stop_status
2024-10-20 04:11:29,499 DEBUG   HandlerThread:3186673 [handler.py:handle_request():146] handle_request: internal_messages
2024-10-20 04:11:31,283 DEBUG   HandlerThread:3186673 [handler.py:handle_request():146] handle_request: status_report
2024-10-20 04:11:32,561 DEBUG   HandlerThread:3186673 [handler.py:handle_request():146] handle_request: status_report
2024-10-20 04:11:35,280 DEBUG   SenderThread:3186673 [sender.py:send():382] send: stats
2024-10-20 04:11:37,281 DEBUG   HandlerThread:3186673 [handler.py:handle_request():146] handle_request: status_report
2024-10-20 04:11:37,562 DEBUG   HandlerThread:3186673 [handler.py:handle_request():146] handle_request: status_report
2024-10-20 04:11:42,282 DEBUG   HandlerThread:3186673 [handler.py:handle_request():146] handle_request: status_report
2024-10-20 04:11:42,562 DEBUG   HandlerThread:3186673 [handler.py:handle_request():146] handle_request: status_report
2024-10-20 04:11:44,458 DEBUG   HandlerThread:3186673 [handler.py:handle_request():146] handle_request: stop_status
2024-10-20 04:11:44,459 DEBUG   SenderThread:3186673 [sender.py:send_request():409] send_request: stop_status
2024-10-20 04:11:44,498 DEBUG   HandlerThread:3186673 [handler.py:handle_request():146] handle_request: internal_messages
2024-10-20 04:11:47,282 DEBUG   HandlerThread:3186673 [handler.py:handle_request():146] handle_request: status_report
2024-10-20 04:11:47,681 DEBUG   HandlerThread:3186673 [handler.py:handle_request():146] handle_request: status_report
2024-10-20 04:11:52,283 DEBUG   HandlerThread:3186673 [handler.py:handle_request():146] handle_request: status_report
2024-10-20 04:11:52,682 DEBUG   HandlerThread:3186673 [handler.py:handle_request():146] handle_request: status_report
2024-10-20 04:11:55,062 DEBUG   SenderThread:3186673 [sender.py:send():382] send: stats
2024-10-20 04:11:57,283 DEBUG   HandlerThread:3186673 [handler.py:handle_request():146] handle_request: status_report
2024-10-20 04:11:58,063 DEBUG   HandlerThread:3186673 [handler.py:handle_request():146] handle_request: status_report
2024-10-20 04:11:59,459 DEBUG   HandlerThread:3186673 [handler.py:handle_request():146] handle_request: stop_status
2024-10-20 04:11:59,459 DEBUG   SenderThread:3186673 [sender.py:send_request():409] send_request: stop_status
2024-10-20 04:11:59,500 DEBUG   HandlerThread:3186673 [handler.py:handle_request():146] handle_request: internal_messages
2024-10-20 04:12:02,284 DEBUG   HandlerThread:3186673 [handler.py:handle_request():146] handle_request: status_report
2024-10-20 04:12:03,616 DEBUG   HandlerThread:3186673 [handler.py:handle_request():146] handle_request: status_report
2024-10-20 04:12:05,281 DEBUG   SenderThread:3186673 [sender.py:send():382] send: stats
2024-10-20 04:12:08,282 DEBUG   HandlerThread:3186673 [handler.py:handle_request():146] handle_request: status_report
2024-10-20 04:12:08,617 DEBUG   HandlerThread:3186673 [handler.py:handle_request():146] handle_request: status_report
2024-10-20 04:12:13,283 DEBUG   HandlerThread:3186673 [handler.py:handle_request():146] handle_request: status_report
2024-10-20 04:12:13,617 DEBUG   HandlerThread:3186673 [handler.py:handle_request():146] handle_request: status_report
2024-10-20 04:12:14,458 DEBUG   HandlerThread:3186673 [handler.py:handle_request():146] handle_request: stop_status
2024-10-20 04:12:14,459 DEBUG   SenderThread:3186673 [sender.py:send_request():409] send_request: stop_status
2024-10-20 04:12:14,499 DEBUG   HandlerThread:3186673 [handler.py:handle_request():146] handle_request: internal_messages
2024-10-20 04:12:18,283 DEBUG   HandlerThread:3186673 [handler.py:handle_request():146] handle_request: status_report
2024-10-20 04:12:19,546 DEBUG   HandlerThread:3186673 [handler.py:handle_request():146] handle_request: status_report
2024-10-20 04:12:23,284 DEBUG   HandlerThread:3186673 [handler.py:handle_request():146] handle_request: status_report
2024-10-20 04:12:24,547 DEBUG   HandlerThread:3186673 [handler.py:handle_request():146] handle_request: status_report
2024-10-20 04:12:25,063 DEBUG   SenderThread:3186673 [sender.py:send():382] send: stats
2024-10-20 04:12:28,284 DEBUG   HandlerThread:3186673 [handler.py:handle_request():146] handle_request: status_report
2024-10-20 04:12:29,458 DEBUG   HandlerThread:3186673 [handler.py:handle_request():146] handle_request: stop_status
2024-10-20 04:12:29,459 DEBUG   SenderThread:3186673 [sender.py:send_request():409] send_request: stop_status
2024-10-20 04:12:29,499 DEBUG   HandlerThread:3186673 [handler.py:handle_request():146] handle_request: internal_messages
2024-10-20 04:12:29,556 DEBUG   HandlerThread:3186673 [handler.py:handle_request():146] handle_request: status_report
2024-10-20 04:12:33,285 DEBUG   HandlerThread:3186673 [handler.py:handle_request():146] handle_request: status_report
2024-10-20 04:12:34,557 DEBUG   HandlerThread:3186673 [handler.py:handle_request():146] handle_request: status_report
2024-10-20 04:12:35,282 DEBUG   SenderThread:3186673 [sender.py:send():382] send: stats
2024-10-20 04:12:39,283 DEBUG   HandlerThread:3186673 [handler.py:handle_request():146] handle_request: status_report
2024-10-20 04:12:39,557 DEBUG   HandlerThread:3186673 [handler.py:handle_request():146] handle_request: status_report
2024-10-20 04:12:44,284 DEBUG   HandlerThread:3186673 [handler.py:handle_request():146] handle_request: status_report
2024-10-20 04:12:44,459 DEBUG   HandlerThread:3186673 [handler.py:handle_request():146] handle_request: stop_status
2024-10-20 04:12:44,459 DEBUG   SenderThread:3186673 [sender.py:send_request():409] send_request: stop_status
2024-10-20 04:12:44,499 DEBUG   HandlerThread:3186673 [handler.py:handle_request():146] handle_request: internal_messages
2024-10-20 04:12:44,612 DEBUG   HandlerThread:3186673 [handler.py:handle_request():146] handle_request: status_report
2024-10-20 04:12:49,284 DEBUG   HandlerThread:3186673 [handler.py:handle_request():146] handle_request: status_report
2024-10-20 04:12:49,612 DEBUG   HandlerThread:3186673 [handler.py:handle_request():146] handle_request: status_report
2024-10-20 04:12:54,285 DEBUG   HandlerThread:3186673 [handler.py:handle_request():146] handle_request: status_report
2024-10-20 04:12:54,613 DEBUG   HandlerThread:3186673 [handler.py:handle_request():146] handle_request: status_report
2024-10-20 04:12:55,064 DEBUG   SenderThread:3186673 [sender.py:send():382] send: stats
2024-10-20 04:12:59,285 DEBUG   HandlerThread:3186673 [handler.py:handle_request():146] handle_request: status_report
2024-10-20 04:12:59,459 DEBUG   HandlerThread:3186673 [handler.py:handle_request():146] handle_request: stop_status
2024-10-20 04:12:59,459 DEBUG   SenderThread:3186673 [sender.py:send_request():409] send_request: stop_status
2024-10-20 04:12:59,499 DEBUG   HandlerThread:3186673 [handler.py:handle_request():146] handle_request: internal_messages
2024-10-20 04:13:00,595 DEBUG   HandlerThread:3186673 [handler.py:handle_request():146] handle_request: status_report
2024-10-20 04:13:04,286 DEBUG   HandlerThread:3186673 [handler.py:handle_request():146] handle_request: status_report
2024-10-20 04:13:05,283 DEBUG   SenderThread:3186673 [sender.py:send():382] send: stats
2024-10-20 04:13:05,595 DEBUG   HandlerThread:3186673 [handler.py:handle_request():146] handle_request: status_report
2024-10-20 04:13:10,284 DEBUG   HandlerThread:3186673 [handler.py:handle_request():146] handle_request: status_report
2024-10-20 04:13:10,596 DEBUG   HandlerThread:3186673 [handler.py:handle_request():146] handle_request: status_report
2024-10-20 04:13:14,459 DEBUG   HandlerThread:3186673 [handler.py:handle_request():146] handle_request: stop_status
2024-10-20 04:13:14,460 DEBUG   SenderThread:3186673 [sender.py:send_request():409] send_request: stop_status
2024-10-20 04:13:14,499 DEBUG   HandlerThread:3186673 [handler.py:handle_request():146] handle_request: internal_messages
2024-10-20 04:13:15,285 DEBUG   HandlerThread:3186673 [handler.py:handle_request():146] handle_request: status_report
2024-10-20 04:13:16,577 DEBUG   HandlerThread:3186673 [handler.py:handle_request():146] handle_request: status_report
2024-10-20 04:13:20,285 DEBUG   HandlerThread:3186673 [handler.py:handle_request():146] handle_request: status_report
2024-10-20 04:13:21,578 DEBUG   HandlerThread:3186673 [handler.py:handle_request():146] handle_request: status_report
2024-10-20 04:13:25,064 DEBUG   SenderThread:3186673 [sender.py:send():382] send: stats
2024-10-20 04:13:25,286 DEBUG   HandlerThread:3186673 [handler.py:handle_request():146] handle_request: status_report
2024-10-20 04:13:27,066 DEBUG   HandlerThread:3186673 [handler.py:handle_request():146] handle_request: status_report
2024-10-20 04:13:29,459 DEBUG   HandlerThread:3186673 [handler.py:handle_request():146] handle_request: stop_status
2024-10-20 04:13:29,459 DEBUG   SenderThread:3186673 [sender.py:send_request():409] send_request: stop_status
2024-10-20 04:13:29,499 DEBUG   HandlerThread:3186673 [handler.py:handle_request():146] handle_request: internal_messages
2024-10-20 04:13:30,286 DEBUG   HandlerThread:3186673 [handler.py:handle_request():146] handle_request: status_report
2024-10-20 04:13:32,539 DEBUG   HandlerThread:3186673 [handler.py:handle_request():146] handle_request: status_report
2024-10-20 04:13:35,284 DEBUG   SenderThread:3186673 [sender.py:send():382] send: stats
2024-10-20 04:13:36,285 DEBUG   HandlerThread:3186673 [handler.py:handle_request():146] handle_request: status_report
2024-10-20 04:13:38,312 INFO    Thread-24 :3186673 [dir_watcher.py:_on_file_modified():288] file/dir modified: /data/ljc/aq/hw2/p2/wandb/run-20241020_035254-40nt4ean/files/output.log
2024-10-20 04:13:38,426 DEBUG   HandlerThread:3186673 [handler.py:handle_request():146] handle_request: status_report
2024-10-20 04:13:41,286 DEBUG   HandlerThread:3186673 [handler.py:handle_request():146] handle_request: status_report
2024-10-20 04:13:43,427 DEBUG   HandlerThread:3186673 [handler.py:handle_request():146] handle_request: status_report
2024-10-20 04:13:44,459 DEBUG   HandlerThread:3186673 [handler.py:handle_request():146] handle_request: stop_status
2024-10-20 04:13:44,460 DEBUG   SenderThread:3186673 [sender.py:send_request():409] send_request: stop_status
2024-10-20 04:13:44,461 DEBUG   HandlerThread:3186673 [handler.py:handle_request():146] handle_request: internal_messages
2024-10-20 04:13:46,286 DEBUG   HandlerThread:3186673 [handler.py:handle_request():146] handle_request: status_report
2024-10-20 04:13:48,597 DEBUG   HandlerThread:3186673 [handler.py:handle_request():146] handle_request: status_report
2024-10-20 04:13:50,315 INFO    Thread-24 :3186673 [dir_watcher.py:_on_file_modified():288] file/dir modified: /data/ljc/aq/hw2/p2/wandb/run-20241020_035254-40nt4ean/files/output.log
2024-10-20 04:13:51,287 DEBUG   HandlerThread:3186673 [handler.py:handle_request():146] handle_request: status_report
2024-10-20 04:13:54,472 DEBUG   HandlerThread:3186673 [handler.py:handle_request():146] handle_request: status_report
2024-10-20 04:13:55,065 DEBUG   SenderThread:3186673 [sender.py:send():382] send: stats
2024-10-20 04:13:56,287 DEBUG   HandlerThread:3186673 [handler.py:handle_request():146] handle_request: status_report
2024-10-20 04:13:59,459 DEBUG   HandlerThread:3186673 [handler.py:handle_request():146] handle_request: stop_status
2024-10-20 04:13:59,460 DEBUG   SenderThread:3186673 [sender.py:send_request():409] send_request: stop_status
2024-10-20 04:13:59,461 DEBUG   HandlerThread:3186673 [handler.py:handle_request():146] handle_request: internal_messages
2024-10-20 04:13:59,532 DEBUG   HandlerThread:3186673 [handler.py:handle_request():146] handle_request: status_report
2024-10-20 04:14:01,288 DEBUG   HandlerThread:3186673 [handler.py:handle_request():146] handle_request: status_report
2024-10-20 04:14:04,532 DEBUG   HandlerThread:3186673 [handler.py:handle_request():146] handle_request: status_report
2024-10-20 04:14:05,286 DEBUG   SenderThread:3186673 [sender.py:send():382] send: stats
2024-10-20 04:14:07,287 DEBUG   HandlerThread:3186673 [handler.py:handle_request():146] handle_request: status_report
2024-10-20 04:14:09,533 DEBUG   HandlerThread:3186673 [handler.py:handle_request():146] handle_request: status_report
2024-10-20 04:14:12,288 DEBUG   HandlerThread:3186673 [handler.py:handle_request():146] handle_request: status_report
2024-10-20 04:14:14,459 DEBUG   HandlerThread:3186673 [handler.py:handle_request():146] handle_request: stop_status
2024-10-20 04:14:14,460 DEBUG   SenderThread:3186673 [sender.py:send_request():409] send_request: stop_status
2024-10-20 04:14:14,500 DEBUG   HandlerThread:3186673 [handler.py:handle_request():146] handle_request: internal_messages
2024-10-20 04:14:14,608 DEBUG   HandlerThread:3186673 [handler.py:handle_request():146] handle_request: status_report
2024-10-20 04:14:17,288 DEBUG   HandlerThread:3186673 [handler.py:handle_request():146] handle_request: status_report
2024-10-20 04:14:19,608 DEBUG   HandlerThread:3186673 [handler.py:handle_request():146] handle_request: status_report
2024-10-20 04:14:22,289 DEBUG   HandlerThread:3186673 [handler.py:handle_request():146] handle_request: status_report
2024-10-20 04:14:24,609 DEBUG   HandlerThread:3186673 [handler.py:handle_request():146] handle_request: status_report
2024-10-20 04:14:25,066 DEBUG   SenderThread:3186673 [sender.py:send():382] send: stats
2024-10-20 04:14:27,290 DEBUG   HandlerThread:3186673 [handler.py:handle_request():146] handle_request: status_report
2024-10-20 04:14:29,459 DEBUG   HandlerThread:3186673 [handler.py:handle_request():146] handle_request: stop_status
2024-10-20 04:14:29,460 DEBUG   SenderThread:3186673 [sender.py:send_request():409] send_request: stop_status
2024-10-20 04:14:29,501 DEBUG   HandlerThread:3186673 [handler.py:handle_request():146] handle_request: internal_messages
2024-10-20 04:14:30,607 DEBUG   HandlerThread:3186673 [handler.py:handle_request():146] handle_request: status_report
2024-10-20 04:14:32,290 DEBUG   HandlerThread:3186673 [handler.py:handle_request():146] handle_request: status_report
2024-10-20 04:14:35,286 DEBUG   SenderThread:3186673 [sender.py:send():382] send: stats
2024-10-20 04:14:36,115 DEBUG   HandlerThread:3186673 [handler.py:handle_request():146] handle_request: status_report
2024-10-20 04:14:36,331 INFO    Thread-24 :3186673 [dir_watcher.py:_on_file_modified():288] file/dir modified: /data/ljc/aq/hw2/p2/wandb/run-20241020_035254-40nt4ean/files/output.log
2024-10-20 04:14:38,287 DEBUG   HandlerThread:3186673 [handler.py:handle_request():146] handle_request: status_report
2024-10-20 04:14:41,116 DEBUG   HandlerThread:3186673 [handler.py:handle_request():146] handle_request: status_report
2024-10-20 04:14:43,287 DEBUG   HandlerThread:3186673 [handler.py:handle_request():146] handle_request: status_report
2024-10-20 04:14:44,460 DEBUG   HandlerThread:3186673 [handler.py:handle_request():146] handle_request: stop_status
2024-10-20 04:14:44,460 DEBUG   SenderThread:3186673 [sender.py:send_request():409] send_request: stop_status
2024-10-20 04:14:44,461 DEBUG   HandlerThread:3186673 [handler.py:handle_request():146] handle_request: internal_messages
2024-10-20 04:14:46,576 DEBUG   HandlerThread:3186673 [handler.py:handle_request():146] handle_request: status_report
2024-10-20 04:14:48,288 DEBUG   HandlerThread:3186673 [handler.py:handle_request():146] handle_request: status_report
2024-10-20 04:14:51,577 DEBUG   HandlerThread:3186673 [handler.py:handle_request():146] handle_request: status_report
2024-10-20 04:14:53,288 DEBUG   HandlerThread:3186673 [handler.py:handle_request():146] handle_request: status_report
2024-10-20 04:14:55,067 DEBUG   SenderThread:3186673 [sender.py:send():382] send: stats
2024-10-20 04:14:57,068 DEBUG   HandlerThread:3186673 [handler.py:handle_request():146] handle_request: status_report
2024-10-20 04:14:58,289 DEBUG   HandlerThread:3186673 [handler.py:handle_request():146] handle_request: status_report
2024-10-20 04:14:59,460 DEBUG   HandlerThread:3186673 [handler.py:handle_request():146] handle_request: stop_status
2024-10-20 04:14:59,460 DEBUG   SenderThread:3186673 [sender.py:send_request():409] send_request: stop_status
2024-10-20 04:14:59,500 DEBUG   HandlerThread:3186673 [handler.py:handle_request():146] handle_request: internal_messages
2024-10-20 04:15:02,542 DEBUG   HandlerThread:3186673 [handler.py:handle_request():146] handle_request: status_report
2024-10-20 04:15:03,290 DEBUG   HandlerThread:3186673 [handler.py:handle_request():146] handle_request: status_report
2024-10-20 04:15:05,288 DEBUG   SenderThread:3186673 [sender.py:send():382] send: stats
2024-10-20 04:15:07,543 DEBUG   HandlerThread:3186673 [handler.py:handle_request():146] handle_request: status_report
2024-10-20 04:15:09,289 DEBUG   HandlerThread:3186673 [handler.py:handle_request():146] handle_request: status_report
2024-10-20 04:15:12,543 DEBUG   HandlerThread:3186673 [handler.py:handle_request():146] handle_request: status_report
2024-10-20 04:15:14,289 DEBUG   HandlerThread:3186673 [handler.py:handle_request():146] handle_request: status_report
2024-10-20 04:15:14,460 DEBUG   HandlerThread:3186673 [handler.py:handle_request():146] handle_request: stop_status
2024-10-20 04:15:14,460 DEBUG   SenderThread:3186673 [sender.py:send_request():409] send_request: stop_status
2024-10-20 04:15:14,500 DEBUG   HandlerThread:3186673 [handler.py:handle_request():146] handle_request: internal_messages
2024-10-20 04:15:17,586 DEBUG   HandlerThread:3186673 [handler.py:handle_request():146] handle_request: status_report
2024-10-20 04:15:19,290 DEBUG   HandlerThread:3186673 [handler.py:handle_request():146] handle_request: status_report
2024-10-20 04:15:22,586 DEBUG   HandlerThread:3186673 [handler.py:handle_request():146] handle_request: status_report
2024-10-20 04:15:24,291 DEBUG   HandlerThread:3186673 [handler.py:handle_request():146] handle_request: status_report
2024-10-20 04:15:25,068 DEBUG   SenderThread:3186673 [sender.py:send():382] send: stats
2024-10-20 04:15:28,069 DEBUG   HandlerThread:3186673 [handler.py:handle_request():146] handle_request: status_report
2024-10-20 04:15:29,291 DEBUG   HandlerThread:3186673 [handler.py:handle_request():146] handle_request: status_report
2024-10-20 04:15:29,460 DEBUG   HandlerThread:3186673 [handler.py:handle_request():146] handle_request: stop_status
2024-10-20 04:15:29,460 DEBUG   SenderThread:3186673 [sender.py:send_request():409] send_request: stop_status
2024-10-20 04:15:29,500 DEBUG   HandlerThread:3186673 [handler.py:handle_request():146] handle_request: internal_messages
2024-10-20 04:15:33,576 DEBUG   HandlerThread:3186673 [handler.py:handle_request():146] handle_request: status_report
2024-10-20 04:15:34,292 DEBUG   HandlerThread:3186673 [handler.py:handle_request():146] handle_request: status_report
2024-10-20 04:15:35,288 DEBUG   SenderThread:3186673 [sender.py:send():382] send: stats
2024-10-20 04:15:38,577 DEBUG   HandlerThread:3186673 [handler.py:handle_request():146] handle_request: status_report
2024-10-20 04:15:40,289 DEBUG   HandlerThread:3186673 [handler.py:handle_request():146] handle_request: status_report
2024-10-20 04:15:43,577 DEBUG   HandlerThread:3186673 [handler.py:handle_request():146] handle_request: status_report
2024-10-20 04:15:44,460 DEBUG   HandlerThread:3186673 [handler.py:handle_request():146] handle_request: stop_status
2024-10-20 04:15:44,460 DEBUG   SenderThread:3186673 [sender.py:send_request():409] send_request: stop_status
2024-10-20 04:15:44,500 DEBUG   HandlerThread:3186673 [handler.py:handle_request():146] handle_request: internal_messages
2024-10-20 04:15:45,289 DEBUG   HandlerThread:3186673 [handler.py:handle_request():146] handle_request: status_report
2024-10-20 04:15:49,540 DEBUG   HandlerThread:3186673 [handler.py:handle_request():146] handle_request: status_report
2024-10-20 04:15:50,290 DEBUG   HandlerThread:3186673 [handler.py:handle_request():146] handle_request: status_report
2024-10-20 04:15:54,540 DEBUG   HandlerThread:3186673 [handler.py:handle_request():146] handle_request: status_report
2024-10-20 04:15:55,069 DEBUG   SenderThread:3186673 [sender.py:send():382] send: stats
2024-10-20 04:15:55,291 DEBUG   HandlerThread:3186673 [handler.py:handle_request():146] handle_request: status_report
2024-10-20 04:15:59,460 DEBUG   HandlerThread:3186673 [handler.py:handle_request():146] handle_request: stop_status
2024-10-20 04:15:59,461 DEBUG   SenderThread:3186673 [sender.py:send_request():409] send_request: stop_status
2024-10-20 04:15:59,500 DEBUG   HandlerThread:3186673 [handler.py:handle_request():146] handle_request: internal_messages
2024-10-20 04:16:00,291 DEBUG   HandlerThread:3186673 [handler.py:handle_request():146] handle_request: status_report
2024-10-20 04:16:00,511 DEBUG   HandlerThread:3186673 [handler.py:handle_request():146] handle_request: status_report
2024-10-20 04:16:05,288 DEBUG   SenderThread:3186673 [sender.py:send():382] send: stats
2024-10-20 04:16:05,511 DEBUG   HandlerThread:3186673 [handler.py:handle_request():146] handle_request: status_report
2024-10-20 04:16:06,289 DEBUG   HandlerThread:3186673 [handler.py:handle_request():146] handle_request: status_report
2024-10-20 04:16:10,512 DEBUG   HandlerThread:3186673 [handler.py:handle_request():146] handle_request: status_report
2024-10-20 04:16:11,290 DEBUG   HandlerThread:3186673 [handler.py:handle_request():146] handle_request: status_report
2024-10-20 04:16:14,460 DEBUG   HandlerThread:3186673 [handler.py:handle_request():146] handle_request: stop_status
2024-10-20 04:16:14,461 DEBUG   SenderThread:3186673 [sender.py:send_request():409] send_request: stop_status
2024-10-20 04:16:14,500 DEBUG   HandlerThread:3186673 [handler.py:handle_request():146] handle_request: internal_messages
2024-10-20 04:16:15,520 DEBUG   HandlerThread:3186673 [handler.py:handle_request():146] handle_request: status_report
2024-10-20 04:16:16,290 DEBUG   HandlerThread:3186673 [handler.py:handle_request():146] handle_request: status_report
2024-10-20 04:16:20,520 DEBUG   HandlerThread:3186673 [handler.py:handle_request():146] handle_request: status_report
2024-10-20 04:16:21,291 DEBUG   HandlerThread:3186673 [handler.py:handle_request():146] handle_request: status_report
2024-10-20 04:16:25,069 DEBUG   SenderThread:3186673 [sender.py:send():382] send: stats
2024-10-20 04:16:26,070 DEBUG   HandlerThread:3186673 [handler.py:handle_request():146] handle_request: status_report
2024-10-20 04:16:26,292 DEBUG   HandlerThread:3186673 [handler.py:handle_request():146] handle_request: status_report
2024-10-20 04:16:29,460 DEBUG   HandlerThread:3186673 [handler.py:handle_request():146] handle_request: stop_status
2024-10-20 04:16:29,461 DEBUG   SenderThread:3186673 [sender.py:send_request():409] send_request: stop_status
2024-10-20 04:16:29,503 DEBUG   HandlerThread:3186673 [handler.py:handle_request():146] handle_request: internal_messages
2024-10-20 04:16:31,292 DEBUG   HandlerThread:3186673 [handler.py:handle_request():146] handle_request: status_report
2024-10-20 04:16:31,547 DEBUG   HandlerThread:3186673 [handler.py:handle_request():146] handle_request: status_report
2024-10-20 04:16:35,289 DEBUG   SenderThread:3186673 [sender.py:send():382] send: stats
2024-10-20 04:16:36,547 DEBUG   HandlerThread:3186673 [handler.py:handle_request():146] handle_request: status_report
2024-10-20 04:16:37,290 DEBUG   HandlerThread:3186673 [handler.py:handle_request():146] handle_request: status_report
2024-10-20 04:16:41,548 DEBUG   HandlerThread:3186673 [handler.py:handle_request():146] handle_request: status_report
2024-10-20 04:16:42,291 DEBUG   HandlerThread:3186673 [handler.py:handle_request():146] handle_request: status_report
2024-10-20 04:16:44,461 DEBUG   HandlerThread:3186673 [handler.py:handle_request():146] handle_request: stop_status
2024-10-20 04:16:44,461 DEBUG   SenderThread:3186673 [sender.py:send_request():409] send_request: stop_status
2024-10-20 04:16:44,501 DEBUG   HandlerThread:3186673 [handler.py:handle_request():146] handle_request: internal_messages
2024-10-20 04:16:47,291 DEBUG   HandlerThread:3186673 [handler.py:handle_request():146] handle_request: status_report
2024-10-20 04:16:47,546 DEBUG   HandlerThread:3186673 [handler.py:handle_request():146] handle_request: status_report
2024-10-20 04:16:52,292 DEBUG   HandlerThread:3186673 [handler.py:handle_request():146] handle_request: status_report
2024-10-20 04:16:52,546 DEBUG   HandlerThread:3186673 [handler.py:handle_request():146] handle_request: status_report
2024-10-20 04:16:55,070 DEBUG   SenderThread:3186673 [sender.py:send():382] send: stats
2024-10-20 04:16:57,293 DEBUG   HandlerThread:3186673 [handler.py:handle_request():146] handle_request: status_report
2024-10-20 04:16:58,072 DEBUG   HandlerThread:3186673 [handler.py:handle_request():146] handle_request: status_report
2024-10-20 04:16:59,461 DEBUG   HandlerThread:3186673 [handler.py:handle_request():146] handle_request: stop_status
2024-10-20 04:16:59,461 DEBUG   SenderThread:3186673 [sender.py:send_request():409] send_request: stop_status
2024-10-20 04:16:59,501 DEBUG   HandlerThread:3186673 [handler.py:handle_request():146] handle_request: internal_messages
2024-10-20 04:17:02,293 DEBUG   HandlerThread:3186673 [handler.py:handle_request():146] handle_request: status_report
2024-10-20 04:17:03,592 DEBUG   HandlerThread:3186673 [handler.py:handle_request():146] handle_request: status_report
2024-10-20 04:17:05,291 DEBUG   SenderThread:3186673 [sender.py:send():382] send: stats
2024-10-20 04:17:08,292 DEBUG   HandlerThread:3186673 [handler.py:handle_request():146] handle_request: status_report
2024-10-20 04:17:08,592 DEBUG   HandlerThread:3186673 [handler.py:handle_request():146] handle_request: status_report
2024-10-20 04:17:13,292 DEBUG   HandlerThread:3186673 [handler.py:handle_request():146] handle_request: status_report
2024-10-20 04:17:13,593 DEBUG   HandlerThread:3186673 [handler.py:handle_request():146] handle_request: status_report
2024-10-20 04:17:14,461 DEBUG   HandlerThread:3186673 [handler.py:handle_request():146] handle_request: stop_status
2024-10-20 04:17:14,461 DEBUG   SenderThread:3186673 [sender.py:send_request():409] send_request: stop_status
2024-10-20 04:17:14,501 DEBUG   HandlerThread:3186673 [handler.py:handle_request():146] handle_request: internal_messages
2024-10-20 04:17:18,293 DEBUG   HandlerThread:3186673 [handler.py:handle_request():146] handle_request: status_report
2024-10-20 04:17:19,569 DEBUG   HandlerThread:3186673 [handler.py:handle_request():146] handle_request: status_report
2024-10-20 04:17:23,293 DEBUG   HandlerThread:3186673 [handler.py:handle_request():146] handle_request: status_report
2024-10-20 04:17:24,570 DEBUG   HandlerThread:3186673 [handler.py:handle_request():146] handle_request: status_report
2024-10-20 04:17:25,072 DEBUG   SenderThread:3186673 [sender.py:send():382] send: stats
2024-10-20 04:17:28,294 DEBUG   HandlerThread:3186673 [handler.py:handle_request():146] handle_request: status_report
2024-10-20 04:17:29,461 DEBUG   HandlerThread:3186673 [handler.py:handle_request():146] handle_request: stop_status
2024-10-20 04:17:29,461 DEBUG   SenderThread:3186673 [sender.py:send_request():409] send_request: stop_status
2024-10-20 04:17:29,501 DEBUG   HandlerThread:3186673 [handler.py:handle_request():146] handle_request: internal_messages
2024-10-20 04:17:29,586 DEBUG   HandlerThread:3186673 [handler.py:handle_request():146] handle_request: status_report
2024-10-20 04:17:33,294 DEBUG   HandlerThread:3186673 [handler.py:handle_request():146] handle_request: status_report
2024-10-20 04:17:34,586 DEBUG   HandlerThread:3186673 [handler.py:handle_request():146] handle_request: status_report
2024-10-20 04:17:35,292 DEBUG   SenderThread:3186673 [sender.py:send():382] send: stats
2024-10-20 04:17:39,294 DEBUG   HandlerThread:3186673 [handler.py:handle_request():146] handle_request: status_report
2024-10-20 04:17:39,587 DEBUG   HandlerThread:3186673 [handler.py:handle_request():146] handle_request: status_report
2024-10-20 04:17:44,294 DEBUG   HandlerThread:3186673 [handler.py:handle_request():146] handle_request: status_report
2024-10-20 04:17:44,461 DEBUG   HandlerThread:3186673 [handler.py:handle_request():146] handle_request: stop_status
2024-10-20 04:17:44,462 DEBUG   SenderThread:3186673 [sender.py:send_request():409] send_request: stop_status
2024-10-20 04:17:44,501 DEBUG   HandlerThread:3186673 [handler.py:handle_request():146] handle_request: internal_messages
2024-10-20 04:17:45,546 DEBUG   HandlerThread:3186673 [handler.py:handle_request():146] handle_request: status_report
2024-10-20 04:17:49,295 DEBUG   HandlerThread:3186673 [handler.py:handle_request():146] handle_request: status_report
2024-10-20 04:17:50,547 DEBUG   HandlerThread:3186673 [handler.py:handle_request():146] handle_request: status_report
2024-10-20 04:17:54,295 DEBUG   HandlerThread:3186673 [handler.py:handle_request():146] handle_request: status_report
2024-10-20 04:17:55,072 DEBUG   SenderThread:3186673 [sender.py:send():382] send: stats
2024-10-20 04:17:56,073 DEBUG   HandlerThread:3186673 [handler.py:handle_request():146] handle_request: status_report
2024-10-20 04:17:59,295 DEBUG   HandlerThread:3186673 [handler.py:handle_request():146] handle_request: status_report
2024-10-20 04:17:59,461 DEBUG   HandlerThread:3186673 [handler.py:handle_request():146] handle_request: stop_status
2024-10-20 04:17:59,462 DEBUG   SenderThread:3186673 [sender.py:send_request():409] send_request: stop_status
2024-10-20 04:17:59,501 DEBUG   HandlerThread:3186673 [handler.py:handle_request():146] handle_request: internal_messages
2024-10-20 04:18:01,578 DEBUG   HandlerThread:3186673 [handler.py:handle_request():146] handle_request: status_report
2024-10-20 04:18:04,296 DEBUG   HandlerThread:3186673 [handler.py:handle_request():146] handle_request: status_report
2024-10-20 04:18:05,293 DEBUG   SenderThread:3186673 [sender.py:send():382] send: stats
2024-10-20 04:18:06,578 DEBUG   HandlerThread:3186673 [handler.py:handle_request():146] handle_request: status_report
2024-10-20 04:18:10,294 DEBUG   HandlerThread:3186673 [handler.py:handle_request():146] handle_request: status_report
2024-10-20 04:18:11,579 DEBUG   HandlerThread:3186673 [handler.py:handle_request():146] handle_request: status_report
2024-10-20 04:18:14,461 DEBUG   HandlerThread:3186673 [handler.py:handle_request():146] handle_request: stop_status
2024-10-20 04:18:14,462 DEBUG   SenderThread:3186673 [sender.py:send_request():409] send_request: stop_status
2024-10-20 04:18:14,501 DEBUG   HandlerThread:3186673 [handler.py:handle_request():146] handle_request: internal_messages
2024-10-20 04:18:15,295 DEBUG   HandlerThread:3186673 [handler.py:handle_request():146] handle_request: status_report
2024-10-20 04:18:16,618 DEBUG   HandlerThread:3186673 [handler.py:handle_request():146] handle_request: status_report
2024-10-20 04:18:20,295 DEBUG   HandlerThread:3186673 [handler.py:handle_request():146] handle_request: status_report
2024-10-20 04:18:21,619 DEBUG   HandlerThread:3186673 [handler.py:handle_request():146] handle_request: status_report
2024-10-20 04:18:25,073 DEBUG   SenderThread:3186673 [sender.py:send():382] send: stats
2024-10-20 04:18:25,296 DEBUG   HandlerThread:3186673 [handler.py:handle_request():146] handle_request: status_report
2024-10-20 04:18:27,075 DEBUG   HandlerThread:3186673 [handler.py:handle_request():146] handle_request: status_report
2024-10-20 04:18:29,461 DEBUG   HandlerThread:3186673 [handler.py:handle_request():146] handle_request: stop_status
2024-10-20 04:18:29,462 DEBUG   SenderThread:3186673 [sender.py:send_request():409] send_request: stop_status
2024-10-20 04:18:29,502 DEBUG   HandlerThread:3186673 [handler.py:handle_request():146] handle_request: internal_messages
2024-10-20 04:18:30,296 DEBUG   HandlerThread:3186673 [handler.py:handle_request():146] handle_request: status_report
2024-10-20 04:18:32,601 DEBUG   HandlerThread:3186673 [handler.py:handle_request():146] handle_request: status_report
2024-10-20 04:18:35,294 DEBUG   SenderThread:3186673 [sender.py:send():382] send: stats
2024-10-20 04:18:36,295 DEBUG   HandlerThread:3186673 [handler.py:handle_request():146] handle_request: status_report
2024-10-20 04:18:37,602 DEBUG   HandlerThread:3186673 [handler.py:handle_request():146] handle_request: status_report
2024-10-20 04:18:41,296 DEBUG   HandlerThread:3186673 [handler.py:handle_request():146] handle_request: status_report
2024-10-20 04:18:42,602 DEBUG   HandlerThread:3186673 [handler.py:handle_request():146] handle_request: status_report
2024-10-20 04:18:44,462 DEBUG   HandlerThread:3186673 [handler.py:handle_request():146] handle_request: stop_status
2024-10-20 04:18:44,462 DEBUG   SenderThread:3186673 [sender.py:send_request():409] send_request: stop_status
2024-10-20 04:18:44,502 DEBUG   HandlerThread:3186673 [handler.py:handle_request():146] handle_request: internal_messages
2024-10-20 04:18:46,296 DEBUG   HandlerThread:3186673 [handler.py:handle_request():146] handle_request: status_report
2024-10-20 04:18:48,568 DEBUG   HandlerThread:3186673 [handler.py:handle_request():146] handle_request: status_report
2024-10-20 04:18:51,297 DEBUG   HandlerThread:3186673 [handler.py:handle_request():146] handle_request: status_report
2024-10-20 04:18:53,569 DEBUG   HandlerThread:3186673 [handler.py:handle_request():146] handle_request: status_report
2024-10-20 04:18:55,074 DEBUG   SenderThread:3186673 [sender.py:send():382] send: stats
2024-10-20 04:18:56,298 DEBUG   HandlerThread:3186673 [handler.py:handle_request():146] handle_request: status_report
2024-10-20 04:18:59,075 DEBUG   HandlerThread:3186673 [handler.py:handle_request():146] handle_request: status_report
2024-10-20 04:18:59,462 DEBUG   HandlerThread:3186673 [handler.py:handle_request():146] handle_request: stop_status
2024-10-20 04:18:59,462 DEBUG   SenderThread:3186673 [sender.py:send_request():409] send_request: stop_status
2024-10-20 04:18:59,502 DEBUG   HandlerThread:3186673 [handler.py:handle_request():146] handle_request: internal_messages
2024-10-20 04:19:01,298 DEBUG   HandlerThread:3186673 [handler.py:handle_request():146] handle_request: status_report
2024-10-20 04:19:04,570 DEBUG   HandlerThread:3186673 [handler.py:handle_request():146] handle_request: status_report
2024-10-20 04:19:05,297 DEBUG   SenderThread:3186673 [sender.py:send():382] send: stats
2024-10-20 04:19:07,298 DEBUG   HandlerThread:3186673 [handler.py:handle_request():146] handle_request: status_report
2024-10-20 04:19:09,571 DEBUG   HandlerThread:3186673 [handler.py:handle_request():146] handle_request: status_report
2024-10-20 04:19:12,299 DEBUG   HandlerThread:3186673 [handler.py:handle_request():146] handle_request: status_report
2024-10-20 04:19:14,462 DEBUG   HandlerThread:3186673 [handler.py:handle_request():146] handle_request: stop_status
2024-10-20 04:19:14,462 DEBUG   SenderThread:3186673 [sender.py:send_request():409] send_request: stop_status
2024-10-20 04:19:14,503 DEBUG   HandlerThread:3186673 [handler.py:handle_request():146] handle_request: internal_messages
2024-10-20 04:19:15,566 DEBUG   HandlerThread:3186673 [handler.py:handle_request():146] handle_request: status_report
2024-10-20 04:19:17,300 DEBUG   HandlerThread:3186673 [handler.py:handle_request():146] handle_request: status_report
2024-10-20 04:19:20,567 DEBUG   HandlerThread:3186673 [handler.py:handle_request():146] handle_request: status_report
2024-10-20 04:19:22,300 DEBUG   HandlerThread:3186673 [handler.py:handle_request():146] handle_request: status_report
2024-10-20 04:19:25,075 DEBUG   SenderThread:3186673 [sender.py:send():382] send: stats
2024-10-20 04:19:26,075 DEBUG   HandlerThread:3186673 [handler.py:handle_request():146] handle_request: status_report
2024-10-20 04:19:27,301 DEBUG   HandlerThread:3186673 [handler.py:handle_request():146] handle_request: status_report
2024-10-20 04:19:29,462 DEBUG   HandlerThread:3186673 [handler.py:handle_request():146] handle_request: stop_status
2024-10-20 04:19:29,462 DEBUG   SenderThread:3186673 [sender.py:send_request():409] send_request: stop_status
2024-10-20 04:19:29,503 DEBUG   HandlerThread:3186673 [handler.py:handle_request():146] handle_request: internal_messages
2024-10-20 04:19:31,584 DEBUG   HandlerThread:3186673 [handler.py:handle_request():146] handle_request: status_report
2024-10-20 04:19:32,301 DEBUG   HandlerThread:3186673 [handler.py:handle_request():146] handle_request: status_report
2024-10-20 04:19:35,296 DEBUG   SenderThread:3186673 [sender.py:send():382] send: stats
2024-10-20 04:19:36,584 DEBUG   HandlerThread:3186673 [handler.py:handle_request():146] handle_request: status_report
2024-10-20 04:19:38,297 DEBUG   HandlerThread:3186673 [handler.py:handle_request():146] handle_request: status_report
2024-10-20 04:19:41,585 DEBUG   HandlerThread:3186673 [handler.py:handle_request():146] handle_request: status_report
2024-10-20 04:19:43,298 DEBUG   HandlerThread:3186673 [handler.py:handle_request():146] handle_request: status_report
2024-10-20 04:19:44,462 DEBUG   HandlerThread:3186673 [handler.py:handle_request():146] handle_request: stop_status
2024-10-20 04:19:44,462 DEBUG   SenderThread:3186673 [sender.py:send_request():409] send_request: stop_status
2024-10-20 04:19:44,502 DEBUG   HandlerThread:3186673 [handler.py:handle_request():146] handle_request: internal_messages
2024-10-20 04:19:47,556 DEBUG   HandlerThread:3186673 [handler.py:handle_request():146] handle_request: status_report
2024-10-20 04:19:48,299 DEBUG   HandlerThread:3186673 [handler.py:handle_request():146] handle_request: status_report
2024-10-20 04:19:52,557 DEBUG   HandlerThread:3186673 [handler.py:handle_request():146] handle_request: status_report
2024-10-20 04:19:53,299 DEBUG   HandlerThread:3186673 [handler.py:handle_request():146] handle_request: status_report
2024-10-20 04:19:55,076 DEBUG   SenderThread:3186673 [sender.py:send():382] send: stats
2024-10-20 04:19:58,076 DEBUG   HandlerThread:3186673 [handler.py:handle_request():146] handle_request: status_report
2024-10-20 04:19:58,300 DEBUG   HandlerThread:3186673 [handler.py:handle_request():146] handle_request: status_report
2024-10-20 04:19:59,462 DEBUG   HandlerThread:3186673 [handler.py:handle_request():146] handle_request: stop_status
2024-10-20 04:19:59,463 DEBUG   SenderThread:3186673 [sender.py:send_request():409] send_request: stop_status
2024-10-20 04:19:59,502 DEBUG   HandlerThread:3186673 [handler.py:handle_request():146] handle_request: internal_messages
2024-10-20 04:20:03,300 DEBUG   HandlerThread:3186673 [handler.py:handle_request():146] handle_request: status_report
2024-10-20 04:20:03,582 DEBUG   HandlerThread:3186673 [handler.py:handle_request():146] handle_request: status_report
2024-10-20 04:20:05,297 DEBUG   SenderThread:3186673 [sender.py:send():382] send: stats
2024-10-20 04:20:08,582 DEBUG   HandlerThread:3186673 [handler.py:handle_request():146] handle_request: status_report
2024-10-20 04:20:09,298 DEBUG   HandlerThread:3186673 [handler.py:handle_request():146] handle_request: status_report
2024-10-20 04:20:13,583 DEBUG   HandlerThread:3186673 [handler.py:handle_request():146] handle_request: status_report
2024-10-20 04:20:14,299 DEBUG   HandlerThread:3186673 [handler.py:handle_request():146] handle_request: status_report
2024-10-20 04:20:14,462 DEBUG   HandlerThread:3186673 [handler.py:handle_request():146] handle_request: stop_status
2024-10-20 04:20:14,463 DEBUG   SenderThread:3186673 [sender.py:send_request():409] send_request: stop_status
2024-10-20 04:20:14,503 DEBUG   HandlerThread:3186673 [handler.py:handle_request():146] handle_request: internal_messages
2024-10-20 04:20:19,300 DEBUG   HandlerThread:3186673 [handler.py:handle_request():146] handle_request: status_report
2024-10-20 04:20:19,557 DEBUG   HandlerThread:3186673 [handler.py:handle_request():146] handle_request: status_report
2024-10-20 04:20:24,300 DEBUG   HandlerThread:3186673 [handler.py:handle_request():146] handle_request: status_report
2024-10-20 04:20:24,558 DEBUG   HandlerThread:3186673 [handler.py:handle_request():146] handle_request: status_report
2024-10-20 04:20:25,077 DEBUG   SenderThread:3186673 [sender.py:send():382] send: stats
2024-10-20 04:20:29,301 DEBUG   HandlerThread:3186673 [handler.py:handle_request():146] handle_request: status_report
2024-10-20 04:20:29,462 DEBUG   HandlerThread:3186673 [handler.py:handle_request():146] handle_request: stop_status
2024-10-20 04:20:29,463 DEBUG   SenderThread:3186673 [sender.py:send_request():409] send_request: stop_status
2024-10-20 04:20:29,503 DEBUG   HandlerThread:3186673 [handler.py:handle_request():146] handle_request: internal_messages
2024-10-20 04:20:30,537 DEBUG   HandlerThread:3186673 [handler.py:handle_request():146] handle_request: status_report
2024-10-20 04:20:34,301 DEBUG   HandlerThread:3186673 [handler.py:handle_request():146] handle_request: status_report
2024-10-20 04:20:35,298 DEBUG   SenderThread:3186673 [sender.py:send():382] send: stats
2024-10-20 04:20:35,538 DEBUG   HandlerThread:3186673 [handler.py:handle_request():146] handle_request: status_report
2024-10-20 04:20:40,299 DEBUG   HandlerThread:3186673 [handler.py:handle_request():146] handle_request: status_report
2024-10-20 04:20:40,539 DEBUG   HandlerThread:3186673 [handler.py:handle_request():146] handle_request: status_report
2024-10-20 04:20:44,462 DEBUG   HandlerThread:3186673 [handler.py:handle_request():146] handle_request: stop_status
2024-10-20 04:20:44,463 DEBUG   SenderThread:3186673 [sender.py:send_request():409] send_request: stop_status
2024-10-20 04:20:44,503 DEBUG   HandlerThread:3186673 [handler.py:handle_request():146] handle_request: internal_messages
2024-10-20 04:20:45,300 DEBUG   HandlerThread:3186673 [handler.py:handle_request():146] handle_request: status_report
2024-10-20 04:20:45,598 DEBUG   HandlerThread:3186673 [handler.py:handle_request():146] handle_request: status_report
2024-10-20 04:20:50,300 DEBUG   HandlerThread:3186673 [handler.py:handle_request():146] handle_request: status_report
2024-10-20 04:20:50,599 DEBUG   HandlerThread:3186673 [handler.py:handle_request():146] handle_request: status_report
2024-10-20 04:20:55,078 DEBUG   SenderThread:3186673 [sender.py:send():382] send: stats
2024-10-20 04:20:55,301 DEBUG   HandlerThread:3186673 [handler.py:handle_request():146] handle_request: status_report
2024-10-20 04:20:56,078 DEBUG   HandlerThread:3186673 [handler.py:handle_request():146] handle_request: status_report
2024-10-20 04:20:59,463 DEBUG   HandlerThread:3186673 [handler.py:handle_request():146] handle_request: stop_status
2024-10-20 04:20:59,463 DEBUG   SenderThread:3186673 [sender.py:send_request():409] send_request: stop_status
2024-10-20 04:20:59,504 DEBUG   HandlerThread:3186673 [handler.py:handle_request():146] handle_request: internal_messages
2024-10-20 04:21:00,301 DEBUG   HandlerThread:3186673 [handler.py:handle_request():146] handle_request: status_report
2024-10-20 04:21:01,617 DEBUG   HandlerThread:3186673 [handler.py:handle_request():146] handle_request: status_report
2024-10-20 04:21:05,298 DEBUG   SenderThread:3186673 [sender.py:send():382] send: stats
2024-10-20 04:21:06,299 DEBUG   HandlerThread:3186673 [handler.py:handle_request():146] handle_request: status_report
2024-10-20 04:21:06,618 DEBUG   HandlerThread:3186673 [handler.py:handle_request():146] handle_request: status_report
2024-10-20 04:21:11,300 DEBUG   HandlerThread:3186673 [handler.py:handle_request():146] handle_request: status_report
2024-10-20 04:21:11,619 DEBUG   HandlerThread:3186673 [handler.py:handle_request():146] handle_request: status_report
2024-10-20 04:21:14,463 DEBUG   HandlerThread:3186673 [handler.py:handle_request():146] handle_request: stop_status
2024-10-20 04:21:14,463 DEBUG   SenderThread:3186673 [sender.py:send_request():409] send_request: stop_status
2024-10-20 04:21:14,504 DEBUG   HandlerThread:3186673 [handler.py:handle_request():146] handle_request: internal_messages
2024-10-20 04:21:16,301 DEBUG   HandlerThread:3186673 [handler.py:handle_request():146] handle_request: status_report
2024-10-20 04:21:17,577 DEBUG   HandlerThread:3186673 [handler.py:handle_request():146] handle_request: status_report
2024-10-20 04:21:21,301 DEBUG   HandlerThread:3186673 [handler.py:handle_request():146] handle_request: status_report
2024-10-20 04:21:22,577 DEBUG   HandlerThread:3186673 [handler.py:handle_request():146] handle_request: status_report
2024-10-20 04:21:25,078 DEBUG   SenderThread:3186673 [sender.py:send():382] send: stats
2024-10-20 04:21:26,302 DEBUG   HandlerThread:3186673 [handler.py:handle_request():146] handle_request: status_report
2024-10-20 04:21:28,079 DEBUG   HandlerThread:3186673 [handler.py:handle_request():146] handle_request: status_report
2024-10-20 04:21:29,463 DEBUG   HandlerThread:3186673 [handler.py:handle_request():146] handle_request: stop_status
2024-10-20 04:21:29,463 DEBUG   SenderThread:3186673 [sender.py:send_request():409] send_request: stop_status
2024-10-20 04:21:29,503 DEBUG   HandlerThread:3186673 [handler.py:handle_request():146] handle_request: internal_messages
2024-10-20 04:21:31,302 DEBUG   HandlerThread:3186673 [handler.py:handle_request():146] handle_request: status_report
2024-10-20 04:21:33,555 DEBUG   HandlerThread:3186673 [handler.py:handle_request():146] handle_request: status_report
2024-10-20 04:21:35,299 DEBUG   SenderThread:3186673 [sender.py:send():382] send: stats
2024-10-20 04:21:37,300 DEBUG   HandlerThread:3186673 [handler.py:handle_request():146] handle_request: status_report
2024-10-20 04:21:38,555 DEBUG   HandlerThread:3186673 [handler.py:handle_request():146] handle_request: status_report
2024-10-20 04:21:42,301 DEBUG   HandlerThread:3186673 [handler.py:handle_request():146] handle_request: status_report
2024-10-20 04:21:43,556 DEBUG   HandlerThread:3186673 [handler.py:handle_request():146] handle_request: status_report
2024-10-20 04:21:44,463 DEBUG   HandlerThread:3186673 [handler.py:handle_request():146] handle_request: stop_status
2024-10-20 04:21:44,463 DEBUG   SenderThread:3186673 [sender.py:send_request():409] send_request: stop_status
2024-10-20 04:21:44,503 DEBUG   HandlerThread:3186673 [handler.py:handle_request():146] handle_request: internal_messages
2024-10-20 04:21:47,301 DEBUG   HandlerThread:3186673 [handler.py:handle_request():146] handle_request: status_report
2024-10-20 04:21:49,539 DEBUG   HandlerThread:3186673 [handler.py:handle_request():146] handle_request: status_report
2024-10-20 04:21:52,302 DEBUG   HandlerThread:3186673 [handler.py:handle_request():146] handle_request: status_report
2024-10-20 04:21:54,540 DEBUG   HandlerThread:3186673 [handler.py:handle_request():146] handle_request: status_report
2024-10-20 04:21:55,079 DEBUG   SenderThread:3186673 [sender.py:send():382] send: stats
2024-10-20 04:21:57,302 DEBUG   HandlerThread:3186673 [handler.py:handle_request():146] handle_request: status_report
2024-10-20 04:21:59,463 DEBUG   HandlerThread:3186673 [handler.py:handle_request():146] handle_request: stop_status
2024-10-20 04:21:59,463 DEBUG   SenderThread:3186673 [sender.py:send_request():409] send_request: stop_status
2024-10-20 04:21:59,504 DEBUG   HandlerThread:3186673 [handler.py:handle_request():146] handle_request: internal_messages
2024-10-20 04:21:59,610 DEBUG   HandlerThread:3186673 [handler.py:handle_request():146] handle_request: status_report
2024-10-20 04:22:02,303 DEBUG   HandlerThread:3186673 [handler.py:handle_request():146] handle_request: status_report
2024-10-20 04:22:04,611 DEBUG   HandlerThread:3186673 [handler.py:handle_request():146] handle_request: status_report
2024-10-20 04:22:05,300 DEBUG   SenderThread:3186673 [sender.py:send():382] send: stats
2024-10-20 04:22:08,301 DEBUG   HandlerThread:3186673 [handler.py:handle_request():146] handle_request: status_report
2024-10-20 04:22:09,611 DEBUG   HandlerThread:3186673 [handler.py:handle_request():146] handle_request: status_report
2024-10-20 04:22:13,302 DEBUG   HandlerThread:3186673 [handler.py:handle_request():146] handle_request: status_report
2024-10-20 04:22:14,463 DEBUG   HandlerThread:3186673 [handler.py:handle_request():146] handle_request: stop_status
2024-10-20 04:22:14,463 DEBUG   SenderThread:3186673 [sender.py:send_request():409] send_request: stop_status
2024-10-20 04:22:14,503 DEBUG   HandlerThread:3186673 [handler.py:handle_request():146] handle_request: internal_messages
2024-10-20 04:22:15,603 DEBUG   HandlerThread:3186673 [handler.py:handle_request():146] handle_request: status_report
2024-10-20 04:22:18,302 DEBUG   HandlerThread:3186673 [handler.py:handle_request():146] handle_request: status_report
2024-10-20 04:22:20,603 DEBUG   HandlerThread:3186673 [handler.py:handle_request():146] handle_request: status_report
2024-10-20 04:22:23,303 DEBUG   HandlerThread:3186673 [handler.py:handle_request():146] handle_request: status_report
2024-10-20 04:22:25,081 DEBUG   SenderThread:3186673 [sender.py:send():382] send: stats
2024-10-20 04:22:26,082 DEBUG   HandlerThread:3186673 [handler.py:handle_request():146] handle_request: status_report
2024-10-20 04:22:28,303 DEBUG   HandlerThread:3186673 [handler.py:handle_request():146] handle_request: status_report
2024-10-20 04:22:29,463 DEBUG   HandlerThread:3186673 [handler.py:handle_request():146] handle_request: stop_status
2024-10-20 04:22:29,464 DEBUG   SenderThread:3186673 [sender.py:send_request():409] send_request: stop_status
2024-10-20 04:22:29,504 DEBUG   HandlerThread:3186673 [handler.py:handle_request():146] handle_request: internal_messages
2024-10-20 04:22:31,566 DEBUG   HandlerThread:3186673 [handler.py:handle_request():146] handle_request: status_report
2024-10-20 04:22:33,304 DEBUG   HandlerThread:3186673 [handler.py:handle_request():146] handle_request: status_report
2024-10-20 04:22:35,301 DEBUG   SenderThread:3186673 [sender.py:send():382] send: stats
2024-10-20 04:22:36,567 DEBUG   HandlerThread:3186673 [handler.py:handle_request():146] handle_request: status_report
2024-10-20 04:22:39,302 DEBUG   HandlerThread:3186673 [handler.py:handle_request():146] handle_request: status_report
2024-10-20 04:22:41,568 DEBUG   HandlerThread:3186673 [handler.py:handle_request():146] handle_request: status_report
2024-10-20 04:22:44,303 DEBUG   HandlerThread:3186673 [handler.py:handle_request():146] handle_request: status_report
2024-10-20 04:22:44,463 DEBUG   HandlerThread:3186673 [handler.py:handle_request():146] handle_request: stop_status
2024-10-20 04:22:44,464 DEBUG   SenderThread:3186673 [sender.py:send_request():409] send_request: stop_status
2024-10-20 04:22:44,504 DEBUG   HandlerThread:3186673 [handler.py:handle_request():146] handle_request: internal_messages
2024-10-20 04:22:46,595 DEBUG   HandlerThread:3186673 [handler.py:handle_request():146] handle_request: status_report
2024-10-20 04:22:49,303 DEBUG   HandlerThread:3186673 [handler.py:handle_request():146] handle_request: status_report
2024-10-20 04:22:51,596 DEBUG   HandlerThread:3186673 [handler.py:handle_request():146] handle_request: status_report
2024-10-20 04:22:54,304 DEBUG   HandlerThread:3186673 [handler.py:handle_request():146] handle_request: status_report
2024-10-20 04:22:55,081 DEBUG   SenderThread:3186673 [sender.py:send():382] send: stats
2024-10-20 04:22:57,082 DEBUG   HandlerThread:3186673 [handler.py:handle_request():146] handle_request: status_report
2024-10-20 04:22:59,304 DEBUG   HandlerThread:3186673 [handler.py:handle_request():146] handle_request: status_report
2024-10-20 04:22:59,464 DEBUG   HandlerThread:3186673 [handler.py:handle_request():146] handle_request: stop_status
2024-10-20 04:22:59,464 DEBUG   SenderThread:3186673 [sender.py:send_request():409] send_request: stop_status
2024-10-20 04:22:59,505 DEBUG   HandlerThread:3186673 [handler.py:handle_request():146] handle_request: internal_messages
2024-10-20 04:23:02,602 DEBUG   HandlerThread:3186673 [handler.py:handle_request():146] handle_request: status_report
2024-10-20 04:23:04,305 DEBUG   HandlerThread:3186673 [handler.py:handle_request():146] handle_request: status_report
2024-10-20 04:23:05,302 DEBUG   SenderThread:3186673 [sender.py:send():382] send: stats
2024-10-20 04:23:07,603 DEBUG   HandlerThread:3186673 [handler.py:handle_request():146] handle_request: status_report
2024-10-20 04:23:10,303 DEBUG   HandlerThread:3186673 [handler.py:handle_request():146] handle_request: status_report
2024-10-20 04:23:12,603 DEBUG   HandlerThread:3186673 [handler.py:handle_request():146] handle_request: status_report
2024-10-20 04:23:14,464 DEBUG   HandlerThread:3186673 [handler.py:handle_request():146] handle_request: stop_status
2024-10-20 04:23:14,464 DEBUG   SenderThread:3186673 [sender.py:send_request():409] send_request: stop_status
2024-10-20 04:23:14,504 DEBUG   HandlerThread:3186673 [handler.py:handle_request():146] handle_request: internal_messages
2024-10-20 04:23:15,304 DEBUG   HandlerThread:3186673 [handler.py:handle_request():146] handle_request: status_report
2024-10-20 04:23:18,598 DEBUG   HandlerThread:3186673 [handler.py:handle_request():146] handle_request: status_report
2024-10-20 04:23:20,305 DEBUG   HandlerThread:3186673 [handler.py:handle_request():146] handle_request: status_report
2024-10-20 04:23:23,599 DEBUG   HandlerThread:3186673 [handler.py:handle_request():146] handle_request: status_report
2024-10-20 04:23:25,082 DEBUG   SenderThread:3186673 [sender.py:send():382] send: stats
2024-10-20 04:23:25,305 DEBUG   HandlerThread:3186673 [handler.py:handle_request():146] handle_request: status_report
2024-10-20 04:23:29,083 DEBUG   HandlerThread:3186673 [handler.py:handle_request():146] handle_request: status_report
2024-10-20 04:23:29,464 DEBUG   HandlerThread:3186673 [handler.py:handle_request():146] handle_request: stop_status
2024-10-20 04:23:29,464 DEBUG   SenderThread:3186673 [sender.py:send_request():409] send_request: stop_status
2024-10-20 04:23:29,505 DEBUG   HandlerThread:3186673 [handler.py:handle_request():146] handle_request: internal_messages
2024-10-20 04:23:30,306 DEBUG   HandlerThread:3186673 [handler.py:handle_request():146] handle_request: status_report
2024-10-20 04:23:34,594 DEBUG   HandlerThread:3186673 [handler.py:handle_request():146] handle_request: status_report
2024-10-20 04:23:35,303 DEBUG   SenderThread:3186673 [sender.py:send():382] send: stats
2024-10-20 04:23:36,304 DEBUG   HandlerThread:3186673 [handler.py:handle_request():146] handle_request: status_report
2024-10-20 04:23:39,595 DEBUG   HandlerThread:3186673 [handler.py:handle_request():146] handle_request: status_report
2024-10-20 04:23:41,305 DEBUG   HandlerThread:3186673 [handler.py:handle_request():146] handle_request: status_report
2024-10-20 04:23:44,464 DEBUG   HandlerThread:3186673 [handler.py:handle_request():146] handle_request: stop_status
2024-10-20 04:23:44,464 DEBUG   SenderThread:3186673 [sender.py:send_request():409] send_request: stop_status
2024-10-20 04:23:44,505 DEBUG   HandlerThread:3186673 [handler.py:handle_request():146] handle_request: internal_messages
2024-10-20 04:23:45,562 DEBUG   HandlerThread:3186673 [handler.py:handle_request():146] handle_request: status_report
2024-10-20 04:23:46,305 DEBUG   HandlerThread:3186673 [handler.py:handle_request():146] handle_request: status_report
2024-10-20 04:23:50,563 DEBUG   HandlerThread:3186673 [handler.py:handle_request():146] handle_request: status_report
2024-10-20 04:23:51,306 DEBUG   HandlerThread:3186673 [handler.py:handle_request():146] handle_request: status_report
2024-10-20 04:23:55,083 DEBUG   SenderThread:3186673 [sender.py:send():382] send: stats
2024-10-20 04:23:56,083 DEBUG   HandlerThread:3186673 [handler.py:handle_request():146] handle_request: status_report
2024-10-20 04:23:56,306 DEBUG   HandlerThread:3186673 [handler.py:handle_request():146] handle_request: status_report
2024-10-20 04:23:59,464 DEBUG   HandlerThread:3186673 [handler.py:handle_request():146] handle_request: stop_status
2024-10-20 04:23:59,464 DEBUG   SenderThread:3186673 [sender.py:send_request():409] send_request: stop_status
2024-10-20 04:23:59,505 DEBUG   HandlerThread:3186673 [handler.py:handle_request():146] handle_request: internal_messages
2024-10-20 04:24:01,307 DEBUG   HandlerThread:3186673 [handler.py:handle_request():146] handle_request: status_report
2024-10-20 04:24:01,601 DEBUG   HandlerThread:3186673 [handler.py:handle_request():146] handle_request: status_report
2024-10-20 04:24:05,305 DEBUG   SenderThread:3186673 [sender.py:send():382] send: stats
2024-10-20 04:24:06,602 DEBUG   HandlerThread:3186673 [handler.py:handle_request():146] handle_request: status_report
2024-10-20 04:24:07,306 DEBUG   HandlerThread:3186673 [handler.py:handle_request():146] handle_request: status_report
2024-10-20 04:24:11,602 DEBUG   HandlerThread:3186673 [handler.py:handle_request():146] handle_request: status_report
2024-10-20 04:24:12,307 DEBUG   HandlerThread:3186673 [handler.py:handle_request():146] handle_request: status_report
2024-10-20 04:24:14,464 DEBUG   HandlerThread:3186673 [handler.py:handle_request():146] handle_request: stop_status
2024-10-20 04:24:14,465 DEBUG   SenderThread:3186673 [sender.py:send_request():409] send_request: stop_status
2024-10-20 04:24:14,504 DEBUG   HandlerThread:3186673 [handler.py:handle_request():146] handle_request: internal_messages
2024-10-20 04:24:16,622 DEBUG   HandlerThread:3186673 [handler.py:handle_request():146] handle_request: status_report
2024-10-20 04:24:17,307 DEBUG   HandlerThread:3186673 [handler.py:handle_request():146] handle_request: status_report
2024-10-20 04:24:21,623 DEBUG   HandlerThread:3186673 [handler.py:handle_request():146] handle_request: status_report
2024-10-20 04:24:22,308 DEBUG   HandlerThread:3186673 [handler.py:handle_request():146] handle_request: status_report
2024-10-20 04:24:25,084 DEBUG   SenderThread:3186673 [sender.py:send():382] send: stats
2024-10-20 04:24:27,084 DEBUG   HandlerThread:3186673 [handler.py:handle_request():146] handle_request: status_report
2024-10-20 04:24:27,308 DEBUG   HandlerThread:3186673 [handler.py:handle_request():146] handle_request: status_report
2024-10-20 04:24:29,464 DEBUG   HandlerThread:3186673 [handler.py:handle_request():146] handle_request: stop_status
2024-10-20 04:24:29,465 DEBUG   SenderThread:3186673 [sender.py:send_request():409] send_request: stop_status
2024-10-20 04:24:29,504 DEBUG   HandlerThread:3186673 [handler.py:handle_request():146] handle_request: internal_messages
2024-10-20 04:24:32,309 DEBUG   HandlerThread:3186673 [handler.py:handle_request():146] handle_request: status_report
2024-10-20 04:24:32,601 DEBUG   HandlerThread:3186673 [handler.py:handle_request():146] handle_request: status_report
2024-10-20 04:24:35,305 DEBUG   SenderThread:3186673 [sender.py:send():382] send: stats
2024-10-20 04:24:37,602 DEBUG   HandlerThread:3186673 [handler.py:handle_request():146] handle_request: status_report
2024-10-20 04:24:38,306 DEBUG   HandlerThread:3186673 [handler.py:handle_request():146] handle_request: status_report
2024-10-20 04:24:42,603 DEBUG   HandlerThread:3186673 [handler.py:handle_request():146] handle_request: status_report
2024-10-20 04:24:43,306 DEBUG   HandlerThread:3186673 [handler.py:handle_request():146] handle_request: status_report
2024-10-20 04:24:44,464 DEBUG   HandlerThread:3186673 [handler.py:handle_request():146] handle_request: stop_status
2024-10-20 04:24:44,465 DEBUG   SenderThread:3186673 [sender.py:send_request():409] send_request: stop_status
2024-10-20 04:24:44,505 DEBUG   HandlerThread:3186673 [handler.py:handle_request():146] handle_request: internal_messages
2024-10-20 04:24:47,614 DEBUG   HandlerThread:3186673 [handler.py:handle_request():146] handle_request: status_report
2024-10-20 04:24:48,307 DEBUG   HandlerThread:3186673 [handler.py:handle_request():146] handle_request: status_report
2024-10-20 04:24:52,614 DEBUG   HandlerThread:3186673 [handler.py:handle_request():146] handle_request: status_report
2024-10-20 04:24:53,308 DEBUG   HandlerThread:3186673 [handler.py:handle_request():146] handle_request: status_report
2024-10-20 04:24:55,084 DEBUG   SenderThread:3186673 [sender.py:send():382] send: stats
2024-10-20 04:24:58,085 DEBUG   HandlerThread:3186673 [handler.py:handle_request():146] handle_request: status_report
2024-10-20 04:24:58,308 DEBUG   HandlerThread:3186673 [handler.py:handle_request():146] handle_request: status_report
2024-10-20 04:24:59,465 DEBUG   HandlerThread:3186673 [handler.py:handle_request():146] handle_request: stop_status
2024-10-20 04:24:59,465 DEBUG   SenderThread:3186673 [sender.py:send_request():409] send_request: stop_status
2024-10-20 04:24:59,506 DEBUG   HandlerThread:3186673 [handler.py:handle_request():146] handle_request: internal_messages
2024-10-20 04:25:03,309 DEBUG   HandlerThread:3186673 [handler.py:handle_request():146] handle_request: status_report
2024-10-20 04:25:03,577 DEBUG   HandlerThread:3186673 [handler.py:handle_request():146] handle_request: status_report
2024-10-20 04:25:05,307 DEBUG   SenderThread:3186673 [sender.py:send():382] send: stats
2024-10-20 04:25:08,578 DEBUG   HandlerThread:3186673 [handler.py:handle_request():146] handle_request: status_report
2024-10-20 04:25:09,308 DEBUG   HandlerThread:3186673 [handler.py:handle_request():146] handle_request: status_report
2024-10-20 04:25:13,578 DEBUG   HandlerThread:3186673 [handler.py:handle_request():146] handle_request: status_report
2024-10-20 04:25:14,309 DEBUG   HandlerThread:3186673 [handler.py:handle_request():146] handle_request: status_report
2024-10-20 04:25:14,465 DEBUG   HandlerThread:3186673 [handler.py:handle_request():146] handle_request: stop_status
2024-10-20 04:25:14,465 DEBUG   SenderThread:3186673 [sender.py:send_request():409] send_request: stop_status
2024-10-20 04:25:14,506 DEBUG   HandlerThread:3186673 [handler.py:handle_request():146] handle_request: internal_messages
2024-10-20 04:25:19,309 DEBUG   HandlerThread:3186673 [handler.py:handle_request():146] handle_request: status_report
2024-10-20 04:25:19,527 DEBUG   HandlerThread:3186673 [handler.py:handle_request():146] handle_request: status_report
2024-10-20 04:25:24,310 DEBUG   HandlerThread:3186673 [handler.py:handle_request():146] handle_request: status_report
2024-10-20 04:25:24,528 DEBUG   HandlerThread:3186673 [handler.py:handle_request():146] handle_request: status_report
2024-10-20 04:25:25,085 DEBUG   SenderThread:3186673 [sender.py:send():382] send: stats
2024-10-20 04:25:29,311 DEBUG   HandlerThread:3186673 [handler.py:handle_request():146] handle_request: status_report
2024-10-20 04:25:29,465 DEBUG   HandlerThread:3186673 [handler.py:handle_request():146] handle_request: stop_status
2024-10-20 04:25:29,465 DEBUG   SenderThread:3186673 [sender.py:send_request():409] send_request: stop_status
2024-10-20 04:25:29,505 DEBUG   HandlerThread:3186673 [handler.py:handle_request():146] handle_request: internal_messages
2024-10-20 04:25:29,608 DEBUG   HandlerThread:3186673 [handler.py:handle_request():146] handle_request: status_report
2024-10-20 04:25:34,311 DEBUG   HandlerThread:3186673 [handler.py:handle_request():146] handle_request: status_report
2024-10-20 04:25:34,609 DEBUG   HandlerThread:3186673 [handler.py:handle_request():146] handle_request: status_report
2024-10-20 04:25:35,307 DEBUG   SenderThread:3186673 [sender.py:send():382] send: stats
2024-10-20 04:25:39,610 DEBUG   HandlerThread:3186673 [handler.py:handle_request():146] handle_request: status_report
2024-10-20 04:25:40,308 DEBUG   HandlerThread:3186673 [handler.py:handle_request():146] handle_request: status_report
2024-10-20 04:25:44,465 DEBUG   HandlerThread:3186673 [handler.py:handle_request():146] handle_request: stop_status
2024-10-20 04:25:44,465 DEBUG   SenderThread:3186673 [sender.py:send_request():409] send_request: stop_status
2024-10-20 04:25:44,467 DEBUG   HandlerThread:3186673 [handler.py:handle_request():146] handle_request: internal_messages
2024-10-20 04:25:44,566 INFO    Thread-24 :3186673 [dir_watcher.py:_on_file_modified():288] file/dir modified: /data/ljc/aq/hw2/p2/wandb/run-20241020_035254-40nt4ean/files/output.log
2024-10-20 04:25:45,309 DEBUG   HandlerThread:3186673 [handler.py:handle_request():146] handle_request: status_report
2024-10-20 04:25:45,555 DEBUG   HandlerThread:3186673 [handler.py:handle_request():146] handle_request: status_report
2024-10-20 04:25:50,310 DEBUG   HandlerThread:3186673 [handler.py:handle_request():146] handle_request: status_report
2024-10-20 04:25:50,556 DEBUG   HandlerThread:3186673 [handler.py:handle_request():146] handle_request: status_report
2024-10-20 04:25:55,086 DEBUG   SenderThread:3186673 [sender.py:send():382] send: stats
2024-10-20 04:25:55,310 DEBUG   HandlerThread:3186673 [handler.py:handle_request():146] handle_request: status_report
2024-10-20 04:25:56,087 DEBUG   HandlerThread:3186673 [handler.py:handle_request():146] handle_request: status_report
2024-10-20 04:25:59,465 DEBUG   HandlerThread:3186673 [handler.py:handle_request():146] handle_request: stop_status
2024-10-20 04:25:59,466 DEBUG   SenderThread:3186673 [sender.py:send_request():409] send_request: stop_status
2024-10-20 04:25:59,467 DEBUG   HandlerThread:3186673 [handler.py:handle_request():146] handle_request: internal_messages
2024-10-20 04:26:00,311 DEBUG   HandlerThread:3186673 [handler.py:handle_request():146] handle_request: status_report
2024-10-20 04:26:00,571 INFO    Thread-24 :3186673 [dir_watcher.py:_on_file_modified():288] file/dir modified: /data/ljc/aq/hw2/p2/wandb/run-20241020_035254-40nt4ean/files/output.log
2024-10-20 04:26:01,529 DEBUG   HandlerThread:3186673 [handler.py:handle_request():146] handle_request: status_report
2024-10-20 04:26:05,308 DEBUG   SenderThread:3186673 [sender.py:send():382] send: stats
2024-10-20 04:26:06,309 DEBUG   HandlerThread:3186673 [handler.py:handle_request():146] handle_request: status_report
2024-10-20 04:26:06,530 DEBUG   HandlerThread:3186673 [handler.py:handle_request():146] handle_request: status_report
2024-10-20 04:26:11,310 DEBUG   HandlerThread:3186673 [handler.py:handle_request():146] handle_request: status_report
2024-10-20 04:26:11,531 DEBUG   HandlerThread:3186673 [handler.py:handle_request():146] handle_request: status_report
2024-10-20 04:26:14,465 DEBUG   HandlerThread:3186673 [handler.py:handle_request():146] handle_request: stop_status
2024-10-20 04:26:14,466 DEBUG   SenderThread:3186673 [sender.py:send_request():409] send_request: stop_status
2024-10-20 04:26:14,506 DEBUG   HandlerThread:3186673 [handler.py:handle_request():146] handle_request: internal_messages
2024-10-20 04:26:16,310 DEBUG   HandlerThread:3186673 [handler.py:handle_request():146] handle_request: status_report
2024-10-20 04:26:16,568 DEBUG   HandlerThread:3186673 [handler.py:handle_request():146] handle_request: status_report
2024-10-20 04:26:21,311 DEBUG   HandlerThread:3186673 [handler.py:handle_request():146] handle_request: status_report
2024-10-20 04:26:21,569 DEBUG   HandlerThread:3186673 [handler.py:handle_request():146] handle_request: status_report
2024-10-20 04:26:25,089 DEBUG   SenderThread:3186673 [sender.py:send():382] send: stats
2024-10-20 04:26:26,311 DEBUG   HandlerThread:3186673 [handler.py:handle_request():146] handle_request: status_report
2024-10-20 04:26:27,090 DEBUG   HandlerThread:3186673 [handler.py:handle_request():146] handle_request: status_report
2024-10-20 04:26:29,465 DEBUG   HandlerThread:3186673 [handler.py:handle_request():146] handle_request: stop_status
2024-10-20 04:26:29,466 DEBUG   SenderThread:3186673 [sender.py:send_request():409] send_request: stop_status
2024-10-20 04:26:29,505 DEBUG   HandlerThread:3186673 [handler.py:handle_request():146] handle_request: internal_messages
2024-10-20 04:26:31,312 DEBUG   HandlerThread:3186673 [handler.py:handle_request():146] handle_request: status_report
2024-10-20 04:26:32,577 DEBUG   HandlerThread:3186673 [handler.py:handle_request():146] handle_request: status_report
2024-10-20 04:26:35,309 DEBUG   SenderThread:3186673 [sender.py:send():382] send: stats
2024-10-20 04:26:37,310 DEBUG   HandlerThread:3186673 [handler.py:handle_request():146] handle_request: status_report
2024-10-20 04:26:37,577 DEBUG   HandlerThread:3186673 [handler.py:handle_request():146] handle_request: status_report
2024-10-20 04:26:42,311 DEBUG   HandlerThread:3186673 [handler.py:handle_request():146] handle_request: status_report
2024-10-20 04:26:42,578 DEBUG   HandlerThread:3186673 [handler.py:handle_request():146] handle_request: status_report
2024-10-20 04:26:44,466 DEBUG   HandlerThread:3186673 [handler.py:handle_request():146] handle_request: stop_status
2024-10-20 04:26:44,466 DEBUG   SenderThread:3186673 [sender.py:send_request():409] send_request: stop_status
2024-10-20 04:26:44,506 DEBUG   HandlerThread:3186673 [handler.py:handle_request():146] handle_request: internal_messages
2024-10-20 04:26:47,311 DEBUG   HandlerThread:3186673 [handler.py:handle_request():146] handle_request: status_report
2024-10-20 04:26:48,532 DEBUG   HandlerThread:3186673 [handler.py:handle_request():146] handle_request: status_report
2024-10-20 04:26:52,312 DEBUG   HandlerThread:3186673 [handler.py:handle_request():146] handle_request: status_report
2024-10-20 04:26:53,533 DEBUG   HandlerThread:3186673 [handler.py:handle_request():146] handle_request: status_report
2024-10-20 04:26:55,088 DEBUG   SenderThread:3186673 [sender.py:send():382] send: stats
2024-10-20 04:26:57,313 DEBUG   HandlerThread:3186673 [handler.py:handle_request():146] handle_request: status_report
2024-10-20 04:26:59,089 DEBUG   HandlerThread:3186673 [handler.py:handle_request():146] handle_request: status_report
2024-10-20 04:26:59,466 DEBUG   HandlerThread:3186673 [handler.py:handle_request():146] handle_request: stop_status
2024-10-20 04:26:59,466 DEBUG   SenderThread:3186673 [sender.py:send_request():409] send_request: stop_status
2024-10-20 04:26:59,507 DEBUG   HandlerThread:3186673 [handler.py:handle_request():146] handle_request: internal_messages
2024-10-20 04:27:02,313 DEBUG   HandlerThread:3186673 [handler.py:handle_request():146] handle_request: status_report
2024-10-20 04:27:04,574 DEBUG   HandlerThread:3186673 [handler.py:handle_request():146] handle_request: status_report
2024-10-20 04:27:05,310 DEBUG   SenderThread:3186673 [sender.py:send():382] send: stats
2024-10-20 04:27:08,312 DEBUG   HandlerThread:3186673 [handler.py:handle_request():146] handle_request: status_report
2024-10-20 04:27:09,575 DEBUG   HandlerThread:3186673 [handler.py:handle_request():146] handle_request: status_report
2024-10-20 04:27:12,594 INFO    Thread-24 :3186673 [dir_watcher.py:_on_file_modified():288] file/dir modified: /data/ljc/aq/hw2/p2/wandb/run-20241020_035254-40nt4ean/files/output.log
2024-10-20 04:27:13,312 DEBUG   HandlerThread:3186673 [handler.py:handle_request():146] handle_request: status_report
2024-10-20 04:27:14,466 DEBUG   HandlerThread:3186673 [handler.py:handle_request():146] handle_request: stop_status
2024-10-20 04:27:14,466 DEBUG   SenderThread:3186673 [sender.py:send_request():409] send_request: stop_status
2024-10-20 04:27:14,468 DEBUG   HandlerThread:3186673 [handler.py:handle_request():146] handle_request: internal_messages
2024-10-20 04:27:15,532 DEBUG   HandlerThread:3186673 [handler.py:handle_request():146] handle_request: status_report
2024-10-20 04:27:18,313 DEBUG   HandlerThread:3186673 [handler.py:handle_request():146] handle_request: status_report
2024-10-20 04:27:20,532 DEBUG   HandlerThread:3186673 [handler.py:handle_request():146] handle_request: status_report
2024-10-20 04:27:23,313 DEBUG   HandlerThread:3186673 [handler.py:handle_request():146] handle_request: status_report
2024-10-20 04:27:25,089 DEBUG   SenderThread:3186673 [sender.py:send():382] send: stats
2024-10-20 04:27:26,089 DEBUG   HandlerThread:3186673 [handler.py:handle_request():146] handle_request: status_report
2024-10-20 04:27:26,598 INFO    Thread-24 :3186673 [dir_watcher.py:_on_file_modified():288] file/dir modified: /data/ljc/aq/hw2/p2/wandb/run-20241020_035254-40nt4ean/files/output.log
2024-10-20 04:27:28,314 DEBUG   HandlerThread:3186673 [handler.py:handle_request():146] handle_request: status_report
2024-10-20 04:27:29,466 DEBUG   HandlerThread:3186673 [handler.py:handle_request():146] handle_request: stop_status
2024-10-20 04:27:29,466 DEBUG   SenderThread:3186673 [sender.py:send_request():409] send_request: stop_status
2024-10-20 04:27:29,468 DEBUG   HandlerThread:3186673 [handler.py:handle_request():146] handle_request: internal_messages
2024-10-20 04:27:31,608 DEBUG   HandlerThread:3186673 [handler.py:handle_request():146] handle_request: status_report
2024-10-20 04:27:33,315 DEBUG   HandlerThread:3186673 [handler.py:handle_request():146] handle_request: status_report
2024-10-20 04:27:35,312 DEBUG   SenderThread:3186673 [sender.py:send():382] send: stats
2024-10-20 04:27:36,608 DEBUG   HandlerThread:3186673 [handler.py:handle_request():146] handle_request: status_report
2024-10-20 04:27:39,313 DEBUG   HandlerThread:3186673 [handler.py:handle_request():146] handle_request: status_report
2024-10-20 04:27:40,602 INFO    Thread-24 :3186673 [dir_watcher.py:_on_file_modified():288] file/dir modified: /data/ljc/aq/hw2/p2/wandb/run-20241020_035254-40nt4ean/files/output.log
2024-10-20 04:27:41,940 DEBUG   HandlerThread:3186673 [handler.py:handle_request():146] handle_request: status_report
2024-10-20 04:27:42,603 INFO    Thread-24 :3186673 [dir_watcher.py:_on_file_modified():288] file/dir modified: /data/ljc/aq/hw2/p2/wandb/run-20241020_035254-40nt4ean/files/output.log
2024-10-20 04:27:44,313 DEBUG   HandlerThread:3186673 [handler.py:handle_request():146] handle_request: status_report
2024-10-20 04:27:44,466 DEBUG   HandlerThread:3186673 [handler.py:handle_request():146] handle_request: stop_status
2024-10-20 04:27:44,467 DEBUG   SenderThread:3186673 [sender.py:send_request():409] send_request: stop_status
2024-10-20 04:27:44,468 DEBUG   HandlerThread:3186673 [handler.py:handle_request():146] handle_request: internal_messages
2024-10-20 04:27:47,585 DEBUG   HandlerThread:3186673 [handler.py:handle_request():146] handle_request: status_report
2024-10-20 04:27:49,314 DEBUG   HandlerThread:3186673 [handler.py:handle_request():146] handle_request: status_report
2024-10-20 04:27:52,585 DEBUG   HandlerThread:3186673 [handler.py:handle_request():146] handle_request: status_report
2024-10-20 04:27:54,315 DEBUG   HandlerThread:3186673 [handler.py:handle_request():146] handle_request: status_report
2024-10-20 04:27:55,091 DEBUG   SenderThread:3186673 [sender.py:send():382] send: stats
2024-10-20 04:27:58,092 DEBUG   HandlerThread:3186673 [handler.py:handle_request():146] handle_request: status_report
2024-10-20 04:27:59,315 DEBUG   HandlerThread:3186673 [handler.py:handle_request():146] handle_request: status_report
2024-10-20 04:27:59,466 DEBUG   HandlerThread:3186673 [handler.py:handle_request():146] handle_request: stop_status
2024-10-20 04:27:59,467 DEBUG   SenderThread:3186673 [sender.py:send_request():409] send_request: stop_status
2024-10-20 04:27:59,507 DEBUG   HandlerThread:3186673 [handler.py:handle_request():146] handle_request: internal_messages
2024-10-20 04:28:03,565 DEBUG   HandlerThread:3186673 [handler.py:handle_request():146] handle_request: status_report
2024-10-20 04:28:04,316 DEBUG   HandlerThread:3186673 [handler.py:handle_request():146] handle_request: status_report
2024-10-20 04:28:05,313 DEBUG   SenderThread:3186673 [sender.py:send():382] send: stats
2024-10-20 04:28:08,566 DEBUG   HandlerThread:3186673 [handler.py:handle_request():146] handle_request: status_report
2024-10-20 04:28:10,314 DEBUG   HandlerThread:3186673 [handler.py:handle_request():146] handle_request: status_report
2024-10-20 04:28:13,566 DEBUG   HandlerThread:3186673 [handler.py:handle_request():146] handle_request: status_report
2024-10-20 04:28:14,466 DEBUG   HandlerThread:3186673 [handler.py:handle_request():146] handle_request: stop_status
2024-10-20 04:28:14,467 DEBUG   SenderThread:3186673 [sender.py:send_request():409] send_request: stop_status
2024-10-20 04:28:14,506 DEBUG   HandlerThread:3186673 [handler.py:handle_request():146] handle_request: internal_messages
2024-10-20 04:28:15,315 DEBUG   HandlerThread:3186673 [handler.py:handle_request():146] handle_request: status_report
2024-10-20 04:28:18,585 DEBUG   HandlerThread:3186673 [handler.py:handle_request():146] handle_request: status_report
2024-10-20 04:28:18,616 INFO    Thread-24 :3186673 [dir_watcher.py:_on_file_modified():288] file/dir modified: /data/ljc/aq/hw2/p2/wandb/run-20241020_035254-40nt4ean/files/output.log
2024-10-20 04:28:20,315 DEBUG   HandlerThread:3186673 [handler.py:handle_request():146] handle_request: status_report
2024-10-20 04:28:23,586 DEBUG   HandlerThread:3186673 [handler.py:handle_request():146] handle_request: status_report
2024-10-20 04:28:25,090 DEBUG   SenderThread:3186673 [sender.py:send():382] send: stats
2024-10-20 04:28:25,316 DEBUG   HandlerThread:3186673 [handler.py:handle_request():146] handle_request: status_report
2024-10-20 04:28:29,092 DEBUG   HandlerThread:3186673 [handler.py:handle_request():146] handle_request: status_report
2024-10-20 04:28:29,467 DEBUG   HandlerThread:3186673 [handler.py:handle_request():146] handle_request: stop_status
2024-10-20 04:28:29,467 DEBUG   SenderThread:3186673 [sender.py:send_request():409] send_request: stop_status
2024-10-20 04:28:29,468 DEBUG   HandlerThread:3186673 [handler.py:handle_request():146] handle_request: internal_messages
2024-10-20 04:28:30,317 DEBUG   HandlerThread:3186673 [handler.py:handle_request():146] handle_request: status_report
2024-10-20 04:28:34,622 INFO    Thread-24 :3186673 [dir_watcher.py:_on_file_modified():288] file/dir modified: /data/ljc/aq/hw2/p2/wandb/run-20241020_035254-40nt4ean/files/output.log
2024-10-20 04:28:35,040 DEBUG   HandlerThread:3186673 [handler.py:handle_request():146] handle_request: status_report
2024-10-20 04:28:35,314 DEBUG   SenderThread:3186673 [sender.py:send():382] send: stats
2024-10-20 04:28:36,315 DEBUG   HandlerThread:3186673 [handler.py:handle_request():146] handle_request: status_report
2024-10-20 04:28:36,622 INFO    Thread-24 :3186673 [dir_watcher.py:_on_file_modified():288] file/dir modified: /data/ljc/aq/hw2/p2/wandb/run-20241020_035254-40nt4ean/files/output.log
2024-10-20 04:28:40,041 DEBUG   HandlerThread:3186673 [handler.py:handle_request():146] handle_request: status_report
2024-10-20 04:28:41,315 DEBUG   HandlerThread:3186673 [handler.py:handle_request():146] handle_request: status_report
2024-10-20 04:28:44,467 DEBUG   HandlerThread:3186673 [handler.py:handle_request():146] handle_request: stop_status
2024-10-20 04:28:44,467 DEBUG   SenderThread:3186673 [sender.py:send_request():409] send_request: stop_status
2024-10-20 04:28:44,469 DEBUG   HandlerThread:3186673 [handler.py:handle_request():146] handle_request: internal_messages
2024-10-20 04:28:45,545 DEBUG   HandlerThread:3186673 [handler.py:handle_request():146] handle_request: status_report
2024-10-20 04:28:46,316 DEBUG   HandlerThread:3186673 [handler.py:handle_request():146] handle_request: status_report
2024-10-20 04:28:50,545 DEBUG   HandlerThread:3186673 [handler.py:handle_request():146] handle_request: status_report
2024-10-20 04:28:51,316 DEBUG   HandlerThread:3186673 [handler.py:handle_request():146] handle_request: status_report
2024-10-20 04:28:55,091 DEBUG   SenderThread:3186673 [sender.py:send():382] send: stats
2024-10-20 04:28:56,092 DEBUG   HandlerThread:3186673 [handler.py:handle_request():146] handle_request: status_report
2024-10-20 04:28:56,317 DEBUG   HandlerThread:3186673 [handler.py:handle_request():146] handle_request: status_report
2024-10-20 04:28:59,467 DEBUG   HandlerThread:3186673 [handler.py:handle_request():146] handle_request: stop_status
2024-10-20 04:28:59,467 DEBUG   SenderThread:3186673 [sender.py:send_request():409] send_request: stop_status
2024-10-20 04:28:59,507 DEBUG   HandlerThread:3186673 [handler.py:handle_request():146] handle_request: internal_messages
2024-10-20 04:29:01,318 DEBUG   HandlerThread:3186673 [handler.py:handle_request():146] handle_request: status_report
2024-10-20 04:29:01,557 DEBUG   HandlerThread:3186673 [handler.py:handle_request():146] handle_request: status_report
2024-10-20 04:29:05,317 DEBUG   SenderThread:3186673 [sender.py:send():382] send: stats
2024-10-20 04:29:06,558 DEBUG   HandlerThread:3186673 [handler.py:handle_request():146] handle_request: status_report
2024-10-20 04:29:07,317 DEBUG   HandlerThread:3186673 [handler.py:handle_request():146] handle_request: status_report
2024-10-20 04:29:11,558 DEBUG   HandlerThread:3186673 [handler.py:handle_request():146] handle_request: status_report
2024-10-20 04:29:12,318 DEBUG   HandlerThread:3186673 [handler.py:handle_request():146] handle_request: status_report
2024-10-20 04:29:14,467 DEBUG   HandlerThread:3186673 [handler.py:handle_request():146] handle_request: stop_status
2024-10-20 04:29:14,467 DEBUG   SenderThread:3186673 [sender.py:send_request():409] send_request: stop_status
2024-10-20 04:29:14,508 DEBUG   HandlerThread:3186673 [handler.py:handle_request():146] handle_request: internal_messages
2024-10-20 04:29:17,319 DEBUG   HandlerThread:3186673 [handler.py:handle_request():146] handle_request: status_report
2024-10-20 04:29:17,545 DEBUG   HandlerThread:3186673 [handler.py:handle_request():146] handle_request: status_report
2024-10-20 04:29:22,319 DEBUG   HandlerThread:3186673 [handler.py:handle_request():146] handle_request: status_report
2024-10-20 04:29:22,546 DEBUG   HandlerThread:3186673 [handler.py:handle_request():146] handle_request: status_report
2024-10-20 04:29:25,092 DEBUG   SenderThread:3186673 [sender.py:send():382] send: stats
2024-10-20 04:29:27,320 DEBUG   HandlerThread:3186673 [handler.py:handle_request():146] handle_request: status_report
2024-10-20 04:29:28,094 DEBUG   HandlerThread:3186673 [handler.py:handle_request():146] handle_request: status_report
2024-10-20 04:29:29,467 DEBUG   HandlerThread:3186673 [handler.py:handle_request():146] handle_request: stop_status
2024-10-20 04:29:29,467 DEBUG   SenderThread:3186673 [sender.py:send_request():409] send_request: stop_status
2024-10-20 04:29:29,507 DEBUG   HandlerThread:3186673 [handler.py:handle_request():146] handle_request: internal_messages
2024-10-20 04:29:32,321 DEBUG   HandlerThread:3186673 [handler.py:handle_request():146] handle_request: status_report
2024-10-20 04:29:33,554 DEBUG   HandlerThread:3186673 [handler.py:handle_request():146] handle_request: status_report
2024-10-20 04:29:35,316 DEBUG   SenderThread:3186673 [sender.py:send():382] send: stats
2024-10-20 04:29:38,317 DEBUG   HandlerThread:3186673 [handler.py:handle_request():146] handle_request: status_report
2024-10-20 04:29:38,554 DEBUG   HandlerThread:3186673 [handler.py:handle_request():146] handle_request: status_report
2024-10-20 04:29:43,318 DEBUG   HandlerThread:3186673 [handler.py:handle_request():146] handle_request: status_report
2024-10-20 04:29:43,555 DEBUG   HandlerThread:3186673 [handler.py:handle_request():146] handle_request: status_report
2024-10-20 04:29:44,467 DEBUG   HandlerThread:3186673 [handler.py:handle_request():146] handle_request: stop_status
2024-10-20 04:29:44,467 DEBUG   SenderThread:3186673 [sender.py:send_request():409] send_request: stop_status
2024-10-20 04:29:44,508 DEBUG   HandlerThread:3186673 [handler.py:handle_request():146] handle_request: internal_messages
2024-10-20 04:29:48,319 DEBUG   HandlerThread:3186673 [handler.py:handle_request():146] handle_request: status_report
2024-10-20 04:29:49,528 DEBUG   HandlerThread:3186673 [handler.py:handle_request():146] handle_request: status_report
2024-10-20 04:29:53,319 DEBUG   HandlerThread:3186673 [handler.py:handle_request():146] handle_request: status_report
2024-10-20 04:29:54,529 DEBUG   HandlerThread:3186673 [handler.py:handle_request():146] handle_request: status_report
2024-10-20 04:29:55,093 DEBUG   SenderThread:3186673 [sender.py:send():382] send: stats
2024-10-20 04:29:58,320 DEBUG   HandlerThread:3186673 [handler.py:handle_request():146] handle_request: status_report
2024-10-20 04:29:59,467 DEBUG   HandlerThread:3186673 [handler.py:handle_request():146] handle_request: stop_status
2024-10-20 04:29:59,468 DEBUG   SenderThread:3186673 [sender.py:send_request():409] send_request: stop_status
2024-10-20 04:29:59,508 DEBUG   HandlerThread:3186673 [handler.py:handle_request():146] handle_request: internal_messages
2024-10-20 04:29:59,541 DEBUG   HandlerThread:3186673 [handler.py:handle_request():146] handle_request: status_report
2024-10-20 04:30:03,320 DEBUG   HandlerThread:3186673 [handler.py:handle_request():146] handle_request: status_report
2024-10-20 04:30:04,542 DEBUG   HandlerThread:3186673 [handler.py:handle_request():146] handle_request: status_report
2024-10-20 04:30:05,317 DEBUG   SenderThread:3186673 [sender.py:send():382] send: stats
2024-10-20 04:30:09,318 DEBUG   HandlerThread:3186673 [handler.py:handle_request():146] handle_request: status_report
2024-10-20 04:30:09,542 DEBUG   HandlerThread:3186673 [handler.py:handle_request():146] handle_request: status_report
2024-10-20 04:30:14,319 DEBUG   HandlerThread:3186673 [handler.py:handle_request():146] handle_request: status_report
2024-10-20 04:30:14,467 DEBUG   HandlerThread:3186673 [handler.py:handle_request():146] handle_request: stop_status
2024-10-20 04:30:14,468 DEBUG   SenderThread:3186673 [sender.py:send_request():409] send_request: stop_status
2024-10-20 04:30:14,508 DEBUG   HandlerThread:3186673 [handler.py:handle_request():146] handle_request: internal_messages
2024-10-20 04:30:14,617 DEBUG   HandlerThread:3186673 [handler.py:handle_request():146] handle_request: status_report
2024-10-20 04:30:19,320 DEBUG   HandlerThread:3186673 [handler.py:handle_request():146] handle_request: status_report
2024-10-20 04:30:19,618 DEBUG   HandlerThread:3186673 [handler.py:handle_request():146] handle_request: status_report
2024-10-20 04:30:24,320 DEBUG   HandlerThread:3186673 [handler.py:handle_request():146] handle_request: status_report
2024-10-20 04:30:24,618 DEBUG   HandlerThread:3186673 [handler.py:handle_request():146] handle_request: status_report
2024-10-20 04:30:25,096 DEBUG   SenderThread:3186673 [sender.py:send():382] send: stats
2024-10-20 04:30:29,321 DEBUG   HandlerThread:3186673 [handler.py:handle_request():146] handle_request: status_report
2024-10-20 04:30:29,468 DEBUG   HandlerThread:3186673 [handler.py:handle_request():146] handle_request: stop_status
2024-10-20 04:30:29,468 DEBUG   SenderThread:3186673 [sender.py:send_request():409] send_request: stop_status
2024-10-20 04:30:29,509 DEBUG   HandlerThread:3186673 [handler.py:handle_request():146] handle_request: internal_messages
2024-10-20 04:30:30,611 DEBUG   HandlerThread:3186673 [handler.py:handle_request():146] handle_request: status_report
2024-10-20 04:30:34,321 DEBUG   HandlerThread:3186673 [handler.py:handle_request():146] handle_request: status_report
2024-10-20 04:30:35,319 DEBUG   SenderThread:3186673 [sender.py:send():382] send: stats
2024-10-20 04:30:35,612 DEBUG   HandlerThread:3186673 [handler.py:handle_request():146] handle_request: status_report
2024-10-20 04:30:40,320 DEBUG   HandlerThread:3186673 [handler.py:handle_request():146] handle_request: status_report
2024-10-20 04:30:40,612 DEBUG   HandlerThread:3186673 [handler.py:handle_request():146] handle_request: status_report
2024-10-20 04:30:44,468 DEBUG   HandlerThread:3186673 [handler.py:handle_request():146] handle_request: stop_status
2024-10-20 04:30:44,468 DEBUG   SenderThread:3186673 [sender.py:send_request():409] send_request: stop_status
2024-10-20 04:30:44,509 DEBUG   HandlerThread:3186673 [handler.py:handle_request():146] handle_request: internal_messages
2024-10-20 04:30:45,320 DEBUG   HandlerThread:3186673 [handler.py:handle_request():146] handle_request: status_report
2024-10-20 04:30:45,679 DEBUG   HandlerThread:3186673 [handler.py:handle_request():146] handle_request: status_report
2024-10-20 04:30:46,665 INFO    Thread-24 :3186673 [dir_watcher.py:_on_file_modified():288] file/dir modified: /data/ljc/aq/hw2/p2/wandb/run-20241020_035254-40nt4ean/files/output.log
2024-10-20 04:30:50,321 DEBUG   HandlerThread:3186673 [handler.py:handle_request():146] handle_request: status_report
2024-10-20 04:30:50,680 DEBUG   HandlerThread:3186673 [handler.py:handle_request():146] handle_request: status_report
2024-10-20 04:30:55,095 DEBUG   SenderThread:3186673 [sender.py:send():382] send: stats
2024-10-20 04:30:55,322 DEBUG   HandlerThread:3186673 [handler.py:handle_request():146] handle_request: status_report
2024-10-20 04:30:56,096 DEBUG   HandlerThread:3186673 [handler.py:handle_request():146] handle_request: status_report
2024-10-20 04:30:59,468 DEBUG   HandlerThread:3186673 [handler.py:handle_request():146] handle_request: stop_status
2024-10-20 04:30:59,468 DEBUG   SenderThread:3186673 [sender.py:send_request():409] send_request: stop_status
2024-10-20 04:30:59,470 DEBUG   HandlerThread:3186673 [handler.py:handle_request():146] handle_request: internal_messages
2024-10-20 04:31:00,323 DEBUG   HandlerThread:3186673 [handler.py:handle_request():146] handle_request: status_report
2024-10-20 04:31:01,629 DEBUG   HandlerThread:3186673 [handler.py:handle_request():146] handle_request: status_report
2024-10-20 04:31:05,320 DEBUG   SenderThread:3186673 [sender.py:send():382] send: stats
2024-10-20 04:31:06,320 DEBUG   HandlerThread:3186673 [handler.py:handle_request():146] handle_request: status_report
2024-10-20 04:31:06,629 DEBUG   HandlerThread:3186673 [handler.py:handle_request():146] handle_request: status_report
2024-10-20 04:31:08,673 INFO    Thread-24 :3186673 [dir_watcher.py:_on_file_modified():288] file/dir modified: /data/ljc/aq/hw2/p2/wandb/run-20241020_035254-40nt4ean/files/output.log
2024-10-20 04:31:11,321 DEBUG   HandlerThread:3186673 [handler.py:handle_request():146] handle_request: status_report
2024-10-20 04:31:12,082 DEBUG   HandlerThread:3186673 [handler.py:handle_request():146] handle_request: status_report
2024-10-20 04:31:14,468 DEBUG   HandlerThread:3186673 [handler.py:handle_request():146] handle_request: stop_status
2024-10-20 04:31:14,468 DEBUG   SenderThread:3186673 [sender.py:send_request():409] send_request: stop_status
2024-10-20 04:31:14,470 DEBUG   HandlerThread:3186673 [handler.py:handle_request():146] handle_request: internal_messages
2024-10-20 04:31:16,322 DEBUG   HandlerThread:3186673 [handler.py:handle_request():146] handle_request: status_report
2024-10-20 04:31:17,619 DEBUG   HandlerThread:3186673 [handler.py:handle_request():146] handle_request: status_report
2024-10-20 04:31:21,322 DEBUG   HandlerThread:3186673 [handler.py:handle_request():146] handle_request: status_report
2024-10-20 04:31:22,620 DEBUG   HandlerThread:3186673 [handler.py:handle_request():146] handle_request: status_report
2024-10-20 04:31:25,096 DEBUG   SenderThread:3186673 [sender.py:send():382] send: stats
2024-10-20 04:31:26,323 DEBUG   HandlerThread:3186673 [handler.py:handle_request():146] handle_request: status_report
2024-10-20 04:31:28,097 DEBUG   HandlerThread:3186673 [handler.py:handle_request():146] handle_request: status_report
2024-10-20 04:31:29,468 DEBUG   HandlerThread:3186673 [handler.py:handle_request():146] handle_request: stop_status
2024-10-20 04:31:29,468 DEBUG   SenderThread:3186673 [sender.py:send_request():409] send_request: stop_status
2024-10-20 04:31:29,509 DEBUG   HandlerThread:3186673 [handler.py:handle_request():146] handle_request: internal_messages
2024-10-20 04:31:31,324 DEBUG   HandlerThread:3186673 [handler.py:handle_request():146] handle_request: status_report
2024-10-20 04:31:33,593 DEBUG   HandlerThread:3186673 [handler.py:handle_request():146] handle_request: status_report
2024-10-20 04:31:35,321 DEBUG   SenderThread:3186673 [sender.py:send():382] send: stats
2024-10-20 04:31:37,322 DEBUG   HandlerThread:3186673 [handler.py:handle_request():146] handle_request: status_report
2024-10-20 04:31:38,594 DEBUG   HandlerThread:3186673 [handler.py:handle_request():146] handle_request: status_report
2024-10-20 04:31:42,322 DEBUG   HandlerThread:3186673 [handler.py:handle_request():146] handle_request: status_report
2024-10-20 04:31:43,594 DEBUG   HandlerThread:3186673 [handler.py:handle_request():146] handle_request: status_report
2024-10-20 04:31:44,468 DEBUG   HandlerThread:3186673 [handler.py:handle_request():146] handle_request: stop_status
2024-10-20 04:31:44,469 DEBUG   SenderThread:3186673 [sender.py:send_request():409] send_request: stop_status
2024-10-20 04:31:44,508 DEBUG   HandlerThread:3186673 [handler.py:handle_request():146] handle_request: internal_messages
2024-10-20 04:31:47,323 DEBUG   HandlerThread:3186673 [handler.py:handle_request():146] handle_request: status_report
2024-10-20 04:31:48,627 DEBUG   HandlerThread:3186673 [handler.py:handle_request():146] handle_request: status_report
2024-10-20 04:31:52,324 DEBUG   HandlerThread:3186673 [handler.py:handle_request():146] handle_request: status_report
2024-10-20 04:31:53,627 DEBUG   HandlerThread:3186673 [handler.py:handle_request():146] handle_request: status_report
2024-10-20 04:31:55,096 DEBUG   SenderThread:3186673 [sender.py:send():382] send: stats
2024-10-20 04:31:57,324 DEBUG   HandlerThread:3186673 [handler.py:handle_request():146] handle_request: status_report
2024-10-20 04:31:59,098 DEBUG   HandlerThread:3186673 [handler.py:handle_request():146] handle_request: status_report
2024-10-20 04:31:59,468 DEBUG   HandlerThread:3186673 [handler.py:handle_request():146] handle_request: stop_status
2024-10-20 04:31:59,469 DEBUG   SenderThread:3186673 [sender.py:send_request():409] send_request: stop_status
2024-10-20 04:31:59,508 DEBUG   HandlerThread:3186673 [handler.py:handle_request():146] handle_request: internal_messages
2024-10-20 04:32:02,325 DEBUG   HandlerThread:3186673 [handler.py:handle_request():146] handle_request: status_report
2024-10-20 04:32:04,588 DEBUG   HandlerThread:3186673 [handler.py:handle_request():146] handle_request: status_report
2024-10-20 04:32:05,322 DEBUG   SenderThread:3186673 [sender.py:send():382] send: stats
2024-10-20 04:32:08,323 DEBUG   HandlerThread:3186673 [handler.py:handle_request():146] handle_request: status_report
2024-10-20 04:32:09,588 DEBUG   HandlerThread:3186673 [handler.py:handle_request():146] handle_request: status_report
2024-10-20 04:32:13,323 DEBUG   HandlerThread:3186673 [handler.py:handle_request():146] handle_request: status_report
2024-10-20 04:32:14,468 DEBUG   HandlerThread:3186673 [handler.py:handle_request():146] handle_request: stop_status
2024-10-20 04:32:14,469 DEBUG   SenderThread:3186673 [sender.py:send_request():409] send_request: stop_status
2024-10-20 04:32:14,508 DEBUG   HandlerThread:3186673 [handler.py:handle_request():146] handle_request: internal_messages
2024-10-20 04:32:14,615 DEBUG   HandlerThread:3186673 [handler.py:handle_request():146] handle_request: status_report
2024-10-20 04:32:18,324 DEBUG   HandlerThread:3186673 [handler.py:handle_request():146] handle_request: status_report
2024-10-20 04:32:19,615 DEBUG   HandlerThread:3186673 [handler.py:handle_request():146] handle_request: status_report
2024-10-20 04:32:23,325 DEBUG   HandlerThread:3186673 [handler.py:handle_request():146] handle_request: status_report
2024-10-20 04:32:24,616 DEBUG   HandlerThread:3186673 [handler.py:handle_request():146] handle_request: status_report
2024-10-20 04:32:25,097 DEBUG   SenderThread:3186673 [sender.py:send():382] send: stats
2024-10-20 04:32:28,325 DEBUG   HandlerThread:3186673 [handler.py:handle_request():146] handle_request: status_report
2024-10-20 04:32:29,468 DEBUG   HandlerThread:3186673 [handler.py:handle_request():146] handle_request: stop_status
2024-10-20 04:32:29,469 DEBUG   SenderThread:3186673 [sender.py:send_request():409] send_request: stop_status
2024-10-20 04:32:29,508 DEBUG   HandlerThread:3186673 [handler.py:handle_request():146] handle_request: internal_messages
2024-10-20 04:32:29,618 DEBUG   HandlerThread:3186673 [handler.py:handle_request():146] handle_request: status_report
2024-10-20 04:32:33,326 DEBUG   HandlerThread:3186673 [handler.py:handle_request():146] handle_request: status_report
2024-10-20 04:32:34,619 DEBUG   HandlerThread:3186673 [handler.py:handle_request():146] handle_request: status_report
2024-10-20 04:32:35,323 DEBUG   SenderThread:3186673 [sender.py:send():382] send: stats
2024-10-20 04:32:39,324 DEBUG   HandlerThread:3186673 [handler.py:handle_request():146] handle_request: status_report
2024-10-20 04:32:39,619 DEBUG   HandlerThread:3186673 [handler.py:handle_request():146] handle_request: status_report
2024-10-20 04:32:44,325 DEBUG   HandlerThread:3186673 [handler.py:handle_request():146] handle_request: status_report
2024-10-20 04:32:44,469 DEBUG   HandlerThread:3186673 [handler.py:handle_request():146] handle_request: stop_status
2024-10-20 04:32:44,469 DEBUG   SenderThread:3186673 [sender.py:send_request():409] send_request: stop_status
2024-10-20 04:32:44,509 DEBUG   HandlerThread:3186673 [handler.py:handle_request():146] handle_request: internal_messages
2024-10-20 04:32:45,596 DEBUG   HandlerThread:3186673 [handler.py:handle_request():146] handle_request: status_report
2024-10-20 04:32:49,325 DEBUG   HandlerThread:3186673 [handler.py:handle_request():146] handle_request: status_report
2024-10-20 04:32:50,597 DEBUG   HandlerThread:3186673 [handler.py:handle_request():146] handle_request: status_report
2024-10-20 04:32:54,326 DEBUG   HandlerThread:3186673 [handler.py:handle_request():146] handle_request: status_report
2024-10-20 04:32:55,098 DEBUG   SenderThread:3186673 [sender.py:send():382] send: stats
2024-10-20 04:32:56,099 DEBUG   HandlerThread:3186673 [handler.py:handle_request():146] handle_request: status_report
2024-10-20 04:32:59,327 DEBUG   HandlerThread:3186673 [handler.py:handle_request():146] handle_request: status_report
2024-10-20 04:32:59,469 DEBUG   HandlerThread:3186673 [handler.py:handle_request():146] handle_request: stop_status
2024-10-20 04:32:59,469 DEBUG   SenderThread:3186673 [sender.py:send_request():409] send_request: stop_status
2024-10-20 04:32:59,509 DEBUG   HandlerThread:3186673 [handler.py:handle_request():146] handle_request: internal_messages
2024-10-20 04:33:01,610 DEBUG   HandlerThread:3186673 [handler.py:handle_request():146] handle_request: status_report
2024-10-20 04:33:04,327 DEBUG   HandlerThread:3186673 [handler.py:handle_request():146] handle_request: status_report
2024-10-20 04:33:05,324 DEBUG   SenderThread:3186673 [sender.py:send():382] send: stats
2024-10-20 04:33:06,610 DEBUG   HandlerThread:3186673 [handler.py:handle_request():146] handle_request: status_report
2024-10-20 04:33:10,326 DEBUG   HandlerThread:3186673 [handler.py:handle_request():146] handle_request: status_report
2024-10-20 04:33:11,611 DEBUG   HandlerThread:3186673 [handler.py:handle_request():146] handle_request: status_report
2024-10-20 04:33:14,469 DEBUG   HandlerThread:3186673 [handler.py:handle_request():146] handle_request: stop_status
2024-10-20 04:33:14,469 DEBUG   SenderThread:3186673 [sender.py:send_request():409] send_request: stop_status
2024-10-20 04:33:14,509 DEBUG   HandlerThread:3186673 [handler.py:handle_request():146] handle_request: internal_messages
2024-10-20 04:33:15,326 DEBUG   HandlerThread:3186673 [handler.py:handle_request():146] handle_request: status_report
2024-10-20 04:33:17,520 DEBUG   HandlerThread:3186673 [handler.py:handle_request():146] handle_request: status_report
2024-10-20 04:33:20,327 DEBUG   HandlerThread:3186673 [handler.py:handle_request():146] handle_request: status_report
2024-10-20 04:33:22,521 DEBUG   HandlerThread:3186673 [handler.py:handle_request():146] handle_request: status_report
2024-10-20 04:33:25,101 DEBUG   SenderThread:3186673 [sender.py:send():382] send: stats
2024-10-20 04:33:25,328 DEBUG   HandlerThread:3186673 [handler.py:handle_request():146] handle_request: status_report
2024-10-20 04:33:28,101 DEBUG   HandlerThread:3186673 [handler.py:handle_request():146] handle_request: status_report
2024-10-20 04:33:29,469 DEBUG   HandlerThread:3186673 [handler.py:handle_request():146] handle_request: stop_status
2024-10-20 04:33:29,469 DEBUG   SenderThread:3186673 [sender.py:send_request():409] send_request: stop_status
2024-10-20 04:33:29,509 DEBUG   HandlerThread:3186673 [handler.py:handle_request():146] handle_request: internal_messages
2024-10-20 04:33:30,328 DEBUG   HandlerThread:3186673 [handler.py:handle_request():146] handle_request: status_report
2024-10-20 04:33:33,581 DEBUG   HandlerThread:3186673 [handler.py:handle_request():146] handle_request: status_report
2024-10-20 04:33:35,326 DEBUG   SenderThread:3186673 [sender.py:send():382] send: stats
2024-10-20 04:33:36,326 DEBUG   HandlerThread:3186673 [handler.py:handle_request():146] handle_request: status_report
2024-10-20 04:33:38,582 DEBUG   HandlerThread:3186673 [handler.py:handle_request():146] handle_request: status_report
2024-10-20 04:33:41,327 DEBUG   HandlerThread:3186673 [handler.py:handle_request():146] handle_request: status_report
2024-10-20 04:33:43,583 DEBUG   HandlerThread:3186673 [handler.py:handle_request():146] handle_request: status_report
2024-10-20 04:33:44,469 DEBUG   HandlerThread:3186673 [handler.py:handle_request():146] handle_request: stop_status
2024-10-20 04:33:44,469 DEBUG   SenderThread:3186673 [sender.py:send_request():409] send_request: stop_status
2024-10-20 04:33:44,509 DEBUG   HandlerThread:3186673 [handler.py:handle_request():146] handle_request: internal_messages
2024-10-20 04:33:46,327 DEBUG   HandlerThread:3186673 [handler.py:handle_request():146] handle_request: status_report
2024-10-20 04:33:49,582 DEBUG   HandlerThread:3186673 [handler.py:handle_request():146] handle_request: status_report
2024-10-20 04:33:51,328 DEBUG   HandlerThread:3186673 [handler.py:handle_request():146] handle_request: status_report
2024-10-20 04:33:54,583 DEBUG   HandlerThread:3186673 [handler.py:handle_request():146] handle_request: status_report
2024-10-20 04:33:55,100 DEBUG   SenderThread:3186673 [sender.py:send():382] send: stats
2024-10-20 04:33:56,329 DEBUG   HandlerThread:3186673 [handler.py:handle_request():146] handle_request: status_report
2024-10-20 04:33:59,469 DEBUG   HandlerThread:3186673 [handler.py:handle_request():146] handle_request: stop_status
2024-10-20 04:33:59,469 DEBUG   SenderThread:3186673 [sender.py:send_request():409] send_request: stop_status
2024-10-20 04:33:59,509 DEBUG   HandlerThread:3186673 [handler.py:handle_request():146] handle_request: internal_messages
2024-10-20 04:34:00,557 DEBUG   HandlerThread:3186673 [handler.py:handle_request():146] handle_request: status_report
2024-10-20 04:34:01,329 DEBUG   HandlerThread:3186673 [handler.py:handle_request():146] handle_request: status_report
2024-10-20 04:34:05,327 DEBUG   SenderThread:3186673 [sender.py:send():382] send: stats
2024-10-20 04:34:05,558 DEBUG   HandlerThread:3186673 [handler.py:handle_request():146] handle_request: status_report
2024-10-20 04:34:07,328 DEBUG   HandlerThread:3186673 [handler.py:handle_request():146] handle_request: status_report
2024-10-20 04:34:10,558 DEBUG   HandlerThread:3186673 [handler.py:handle_request():146] handle_request: status_report
2024-10-20 04:34:12,328 DEBUG   HandlerThread:3186673 [handler.py:handle_request():146] handle_request: status_report
2024-10-20 04:34:14,469 DEBUG   HandlerThread:3186673 [handler.py:handle_request():146] handle_request: stop_status
2024-10-20 04:34:14,469 DEBUG   SenderThread:3186673 [sender.py:send_request():409] send_request: stop_status
2024-10-20 04:34:14,509 DEBUG   HandlerThread:3186673 [handler.py:handle_request():146] handle_request: internal_messages
2024-10-20 04:34:15,618 DEBUG   HandlerThread:3186673 [handler.py:handle_request():146] handle_request: status_report
2024-10-20 04:34:17,329 DEBUG   HandlerThread:3186673 [handler.py:handle_request():146] handle_request: status_report
2024-10-20 04:34:20,619 DEBUG   HandlerThread:3186673 [handler.py:handle_request():146] handle_request: status_report
2024-10-20 04:34:22,330 DEBUG   HandlerThread:3186673 [handler.py:handle_request():146] handle_request: status_report
2024-10-20 04:34:25,102 DEBUG   SenderThread:3186673 [sender.py:send():382] send: stats
2024-10-20 04:34:26,102 DEBUG   HandlerThread:3186673 [handler.py:handle_request():146] handle_request: status_report
2024-10-20 04:34:27,330 DEBUG   HandlerThread:3186673 [handler.py:handle_request():146] handle_request: status_report
2024-10-20 04:34:29,469 DEBUG   HandlerThread:3186673 [handler.py:handle_request():146] handle_request: stop_status
2024-10-20 04:34:29,470 DEBUG   SenderThread:3186673 [sender.py:send_request():409] send_request: stop_status
2024-10-20 04:34:29,509 DEBUG   HandlerThread:3186673 [handler.py:handle_request():146] handle_request: internal_messages
2024-10-20 04:34:31,598 DEBUG   HandlerThread:3186673 [handler.py:handle_request():146] handle_request: status_report
2024-10-20 04:34:32,331 DEBUG   HandlerThread:3186673 [handler.py:handle_request():146] handle_request: status_report
2024-10-20 04:34:35,330 DEBUG   SenderThread:3186673 [sender.py:send():382] send: stats
2024-10-20 04:34:36,598 DEBUG   HandlerThread:3186673 [handler.py:handle_request():146] handle_request: status_report
2024-10-20 04:34:38,331 DEBUG   HandlerThread:3186673 [handler.py:handle_request():146] handle_request: status_report
2024-10-20 04:34:41,599 DEBUG   HandlerThread:3186673 [handler.py:handle_request():146] handle_request: status_report
2024-10-20 04:34:43,331 DEBUG   HandlerThread:3186673 [handler.py:handle_request():146] handle_request: status_report
2024-10-20 04:34:44,469 DEBUG   HandlerThread:3186673 [handler.py:handle_request():146] handle_request: stop_status
2024-10-20 04:34:44,470 DEBUG   SenderThread:3186673 [sender.py:send_request():409] send_request: stop_status
2024-10-20 04:34:44,510 DEBUG   HandlerThread:3186673 [handler.py:handle_request():146] handle_request: internal_messages
2024-10-20 04:34:46,624 DEBUG   HandlerThread:3186673 [handler.py:handle_request():146] handle_request: status_report
2024-10-20 04:34:48,332 DEBUG   HandlerThread:3186673 [handler.py:handle_request():146] handle_request: status_report
2024-10-20 04:34:51,625 DEBUG   HandlerThread:3186673 [handler.py:handle_request():146] handle_request: status_report
2024-10-20 04:34:53,332 DEBUG   HandlerThread:3186673 [handler.py:handle_request():146] handle_request: status_report
2024-10-20 04:34:55,102 DEBUG   SenderThread:3186673 [sender.py:send():382] send: stats
2024-10-20 04:34:57,103 DEBUG   HandlerThread:3186673 [handler.py:handle_request():146] handle_request: status_report
2024-10-20 04:34:58,333 DEBUG   HandlerThread:3186673 [handler.py:handle_request():146] handle_request: status_report
2024-10-20 04:34:59,470 DEBUG   HandlerThread:3186673 [handler.py:handle_request():146] handle_request: stop_status
2024-10-20 04:34:59,470 DEBUG   SenderThread:3186673 [sender.py:send_request():409] send_request: stop_status
2024-10-20 04:34:59,510 DEBUG   HandlerThread:3186673 [handler.py:handle_request():146] handle_request: internal_messages
2024-10-20 04:35:02,517 DEBUG   HandlerThread:3186673 [handler.py:handle_request():146] handle_request: status_report
2024-10-20 04:35:03,334 DEBUG   HandlerThread:3186673 [handler.py:handle_request():146] handle_request: status_report
2024-10-20 04:35:05,328 DEBUG   SenderThread:3186673 [sender.py:send():382] send: stats
2024-10-20 04:35:07,518 DEBUG   HandlerThread:3186673 [handler.py:handle_request():146] handle_request: status_report
2024-10-20 04:35:09,329 DEBUG   HandlerThread:3186673 [handler.py:handle_request():146] handle_request: status_report
2024-10-20 04:35:12,519 DEBUG   HandlerThread:3186673 [handler.py:handle_request():146] handle_request: status_report
2024-10-20 04:35:14,330 DEBUG   HandlerThread:3186673 [handler.py:handle_request():146] handle_request: status_report
2024-10-20 04:35:14,470 DEBUG   HandlerThread:3186673 [handler.py:handle_request():146] handle_request: stop_status
2024-10-20 04:35:14,470 DEBUG   SenderThread:3186673 [sender.py:send_request():409] send_request: stop_status
2024-10-20 04:35:14,510 DEBUG   HandlerThread:3186673 [handler.py:handle_request():146] handle_request: internal_messages
2024-10-20 04:35:17,611 DEBUG   HandlerThread:3186673 [handler.py:handle_request():146] handle_request: status_report
2024-10-20 04:35:19,330 DEBUG   HandlerThread:3186673 [handler.py:handle_request():146] handle_request: status_report
2024-10-20 04:35:22,612 DEBUG   HandlerThread:3186673 [handler.py:handle_request():146] handle_request: status_report
2024-10-20 04:35:24,331 DEBUG   HandlerThread:3186673 [handler.py:handle_request():146] handle_request: status_report
2024-10-20 04:35:25,103 DEBUG   SenderThread:3186673 [sender.py:send():382] send: stats
2024-10-20 04:35:28,104 DEBUG   HandlerThread:3186673 [handler.py:handle_request():146] handle_request: status_report
2024-10-20 04:35:29,331 DEBUG   HandlerThread:3186673 [handler.py:handle_request():146] handle_request: status_report
2024-10-20 04:35:29,470 DEBUG   HandlerThread:3186673 [handler.py:handle_request():146] handle_request: stop_status
2024-10-20 04:35:29,470 DEBUG   SenderThread:3186673 [sender.py:send_request():409] send_request: stop_status
2024-10-20 04:35:29,472 DEBUG   HandlerThread:3186673 [handler.py:handle_request():146] handle_request: internal_messages
2024-10-20 04:35:30,759 INFO    Thread-24 :3186673 [dir_watcher.py:_on_file_modified():288] file/dir modified: /data/ljc/aq/hw2/p2/wandb/run-20241020_035254-40nt4ean/files/output.log
2024-10-20 04:35:33,543 DEBUG   HandlerThread:3186673 [handler.py:handle_request():146] handle_request: status_report
2024-10-20 04:35:34,332 DEBUG   HandlerThread:3186673 [handler.py:handle_request():146] handle_request: status_report
2024-10-20 04:35:35,330 DEBUG   SenderThread:3186673 [sender.py:send():382] send: stats
2024-10-20 04:35:38,543 DEBUG   HandlerThread:3186673 [handler.py:handle_request():146] handle_request: status_report
2024-10-20 04:35:40,331 DEBUG   HandlerThread:3186673 [handler.py:handle_request():146] handle_request: status_report
2024-10-20 04:35:43,544 DEBUG   HandlerThread:3186673 [handler.py:handle_request():146] handle_request: status_report
2024-10-20 04:35:44,470 DEBUG   HandlerThread:3186673 [handler.py:handle_request():146] handle_request: stop_status
2024-10-20 04:35:44,470 DEBUG   SenderThread:3186673 [sender.py:send_request():409] send_request: stop_status
2024-10-20 04:35:44,510 DEBUG   HandlerThread:3186673 [handler.py:handle_request():146] handle_request: internal_messages
2024-10-20 04:35:45,332 DEBUG   HandlerThread:3186673 [handler.py:handle_request():146] handle_request: status_report
2024-10-20 04:35:48,593 DEBUG   HandlerThread:3186673 [handler.py:handle_request():146] handle_request: status_report
2024-10-20 04:35:50,332 DEBUG   HandlerThread:3186673 [handler.py:handle_request():146] handle_request: status_report
2024-10-20 04:35:53,594 DEBUG   HandlerThread:3186673 [handler.py:handle_request():146] handle_request: status_report
2024-10-20 04:35:55,103 DEBUG   SenderThread:3186673 [sender.py:send():382] send: stats
2024-10-20 04:35:55,333 DEBUG   HandlerThread:3186673 [handler.py:handle_request():146] handle_request: status_report
2024-10-20 04:35:59,104 DEBUG   HandlerThread:3186673 [handler.py:handle_request():146] handle_request: status_report
2024-10-20 04:35:59,470 DEBUG   HandlerThread:3186673 [handler.py:handle_request():146] handle_request: stop_status
2024-10-20 04:35:59,470 DEBUG   SenderThread:3186673 [sender.py:send_request():409] send_request: stop_status
2024-10-20 04:35:59,510 DEBUG   HandlerThread:3186673 [handler.py:handle_request():146] handle_request: internal_messages
2024-10-20 04:36:00,333 DEBUG   HandlerThread:3186673 [handler.py:handle_request():146] handle_request: status_report
2024-10-20 04:36:04,599 DEBUG   HandlerThread:3186673 [handler.py:handle_request():146] handle_request: status_report
2024-10-20 04:36:05,330 DEBUG   SenderThread:3186673 [sender.py:send():382] send: stats
2024-10-20 04:36:06,331 DEBUG   HandlerThread:3186673 [handler.py:handle_request():146] handle_request: status_report
2024-10-20 04:36:09,600 DEBUG   HandlerThread:3186673 [handler.py:handle_request():146] handle_request: status_report
2024-10-20 04:36:11,331 DEBUG   HandlerThread:3186673 [handler.py:handle_request():146] handle_request: status_report
2024-10-20 04:36:14,470 DEBUG   HandlerThread:3186673 [handler.py:handle_request():146] handle_request: stop_status
2024-10-20 04:36:14,471 DEBUG   SenderThread:3186673 [sender.py:send_request():409] send_request: stop_status
2024-10-20 04:36:14,511 DEBUG   HandlerThread:3186673 [handler.py:handle_request():146] handle_request: internal_messages
2024-10-20 04:36:15,563 DEBUG   HandlerThread:3186673 [handler.py:handle_request():146] handle_request: status_report
2024-10-20 04:36:16,332 DEBUG   HandlerThread:3186673 [handler.py:handle_request():146] handle_request: status_report
2024-10-20 04:36:20,564 DEBUG   HandlerThread:3186673 [handler.py:handle_request():146] handle_request: status_report
2024-10-20 04:36:21,333 DEBUG   HandlerThread:3186673 [handler.py:handle_request():146] handle_request: status_report
2024-10-20 04:36:25,104 DEBUG   SenderThread:3186673 [sender.py:send():382] send: stats
2024-10-20 04:36:26,105 DEBUG   HandlerThread:3186673 [handler.py:handle_request():146] handle_request: status_report
2024-10-20 04:36:26,333 DEBUG   HandlerThread:3186673 [handler.py:handle_request():146] handle_request: status_report
2024-10-20 04:36:29,470 DEBUG   HandlerThread:3186673 [handler.py:handle_request():146] handle_request: stop_status
2024-10-20 04:36:29,471 DEBUG   SenderThread:3186673 [sender.py:send_request():409] send_request: stop_status
2024-10-20 04:36:29,511 DEBUG   HandlerThread:3186673 [handler.py:handle_request():146] handle_request: internal_messages
2024-10-20 04:36:31,334 DEBUG   HandlerThread:3186673 [handler.py:handle_request():146] handle_request: status_report
2024-10-20 04:36:31,612 DEBUG   HandlerThread:3186673 [handler.py:handle_request():146] handle_request: status_report
2024-10-20 04:36:35,331 DEBUG   SenderThread:3186673 [sender.py:send():382] send: stats
2024-10-20 04:36:36,612 DEBUG   HandlerThread:3186673 [handler.py:handle_request():146] handle_request: status_report
2024-10-20 04:36:37,332 DEBUG   HandlerThread:3186673 [handler.py:handle_request():146] handle_request: status_report
2024-10-20 04:36:41,613 DEBUG   HandlerThread:3186673 [handler.py:handle_request():146] handle_request: status_report
2024-10-20 04:36:42,333 DEBUG   HandlerThread:3186673 [handler.py:handle_request():146] handle_request: status_report
2024-10-20 04:36:44,470 DEBUG   HandlerThread:3186673 [handler.py:handle_request():146] handle_request: stop_status
2024-10-20 04:36:44,471 DEBUG   SenderThread:3186673 [sender.py:send_request():409] send_request: stop_status
2024-10-20 04:36:44,511 DEBUG   HandlerThread:3186673 [handler.py:handle_request():146] handle_request: internal_messages
2024-10-20 04:36:47,334 DEBUG   HandlerThread:3186673 [handler.py:handle_request():146] handle_request: status_report
2024-10-20 04:36:47,543 DEBUG   HandlerThread:3186673 [handler.py:handle_request():146] handle_request: status_report
2024-10-20 04:36:52,334 DEBUG   HandlerThread:3186673 [handler.py:handle_request():146] handle_request: status_report
2024-10-20 04:36:52,544 DEBUG   HandlerThread:3186673 [handler.py:handle_request():146] handle_request: status_report
2024-10-20 04:36:55,106 DEBUG   SenderThread:3186673 [sender.py:send():382] send: stats
2024-10-20 04:36:57,335 DEBUG   HandlerThread:3186673 [handler.py:handle_request():146] handle_request: status_report
2024-10-20 04:36:58,107 DEBUG   HandlerThread:3186673 [handler.py:handle_request():146] handle_request: status_report
2024-10-20 04:36:59,470 DEBUG   HandlerThread:3186673 [handler.py:handle_request():146] handle_request: stop_status
2024-10-20 04:36:59,471 DEBUG   SenderThread:3186673 [sender.py:send_request():409] send_request: stop_status
2024-10-20 04:36:59,511 DEBUG   HandlerThread:3186673 [handler.py:handle_request():146] handle_request: internal_messages
2024-10-20 04:37:02,335 DEBUG   HandlerThread:3186673 [handler.py:handle_request():146] handle_request: status_report
2024-10-20 04:37:03,568 DEBUG   HandlerThread:3186673 [handler.py:handle_request():146] handle_request: status_report
2024-10-20 04:37:05,332 DEBUG   SenderThread:3186673 [sender.py:send():382] send: stats
2024-10-20 04:37:08,333 DEBUG   HandlerThread:3186673 [handler.py:handle_request():146] handle_request: status_report
2024-10-20 04:37:08,569 DEBUG   HandlerThread:3186673 [handler.py:handle_request():146] handle_request: status_report
2024-10-20 04:37:13,334 DEBUG   HandlerThread:3186673 [handler.py:handle_request():146] handle_request: status_report
2024-10-20 04:37:13,570 DEBUG   HandlerThread:3186673 [handler.py:handle_request():146] handle_request: status_report
2024-10-20 04:37:14,471 DEBUG   HandlerThread:3186673 [handler.py:handle_request():146] handle_request: stop_status
2024-10-20 04:37:14,471 DEBUG   SenderThread:3186673 [sender.py:send_request():409] send_request: stop_status
2024-10-20 04:37:14,512 DEBUG   HandlerThread:3186673 [handler.py:handle_request():146] handle_request: internal_messages
2024-10-20 04:37:18,335 DEBUG   HandlerThread:3186673 [handler.py:handle_request():146] handle_request: status_report
2024-10-20 04:37:18,663 DEBUG   HandlerThread:3186673 [handler.py:handle_request():146] handle_request: status_report
2024-10-20 04:37:20,786 INFO    Thread-24 :3186673 [dir_watcher.py:_on_file_modified():288] file/dir modified: /data/ljc/aq/hw2/p2/wandb/run-20241020_035254-40nt4ean/files/output.log
2024-10-20 04:37:23,335 DEBUG   HandlerThread:3186673 [handler.py:handle_request():146] handle_request: status_report
2024-10-20 04:37:23,876 DEBUG   HandlerThread:3186673 [handler.py:handle_request():146] handle_request: status_report
2024-10-20 04:37:25,106 DEBUG   SenderThread:3186673 [sender.py:send():382] send: stats
2024-10-20 04:37:28,336 DEBUG   HandlerThread:3186673 [handler.py:handle_request():146] handle_request: status_report
2024-10-20 04:37:29,107 DEBUG   HandlerThread:3186673 [handler.py:handle_request():146] handle_request: status_report
2024-10-20 04:37:29,471 DEBUG   HandlerThread:3186673 [handler.py:handle_request():146] handle_request: stop_status
2024-10-20 04:37:29,471 DEBUG   SenderThread:3186673 [sender.py:send_request():409] send_request: stop_status
2024-10-20 04:37:29,473 DEBUG   HandlerThread:3186673 [handler.py:handle_request():146] handle_request: internal_messages
2024-10-20 04:37:33,336 DEBUG   HandlerThread:3186673 [handler.py:handle_request():146] handle_request: status_report
2024-10-20 04:37:34,599 DEBUG   HandlerThread:3186673 [handler.py:handle_request():146] handle_request: status_report
2024-10-20 04:37:35,334 DEBUG   SenderThread:3186673 [sender.py:send():382] send: stats
2024-10-20 04:37:39,334 DEBUG   HandlerThread:3186673 [handler.py:handle_request():146] handle_request: status_report
2024-10-20 04:37:39,599 DEBUG   HandlerThread:3186673 [handler.py:handle_request():146] handle_request: status_report
2024-10-20 04:37:44,335 DEBUG   HandlerThread:3186673 [handler.py:handle_request():146] handle_request: status_report
2024-10-20 04:37:44,471 DEBUG   HandlerThread:3186673 [handler.py:handle_request():146] handle_request: stop_status
2024-10-20 04:37:44,471 DEBUG   SenderThread:3186673 [sender.py:send_request():409] send_request: stop_status
2024-10-20 04:37:44,512 DEBUG   HandlerThread:3186673 [handler.py:handle_request():146] handle_request: internal_messages
2024-10-20 04:37:45,564 DEBUG   HandlerThread:3186673 [handler.py:handle_request():146] handle_request: status_report
2024-10-20 04:37:49,336 DEBUG   HandlerThread:3186673 [handler.py:handle_request():146] handle_request: status_report
2024-10-20 04:37:50,565 DEBUG   HandlerThread:3186673 [handler.py:handle_request():146] handle_request: status_report
2024-10-20 04:37:54,336 DEBUG   HandlerThread:3186673 [handler.py:handle_request():146] handle_request: status_report
2024-10-20 04:37:55,109 DEBUG   SenderThread:3186673 [sender.py:send():382] send: stats
2024-10-20 04:37:56,110 DEBUG   HandlerThread:3186673 [handler.py:handle_request():146] handle_request: status_report
2024-10-20 04:37:59,337 DEBUG   HandlerThread:3186673 [handler.py:handle_request():146] handle_request: status_report
2024-10-20 04:37:59,471 DEBUG   HandlerThread:3186673 [handler.py:handle_request():146] handle_request: stop_status
2024-10-20 04:37:59,471 DEBUG   SenderThread:3186673 [sender.py:send_request():409] send_request: stop_status
2024-10-20 04:37:59,512 DEBUG   HandlerThread:3186673 [handler.py:handle_request():146] handle_request: internal_messages
2024-10-20 04:38:01,634 DEBUG   HandlerThread:3186673 [handler.py:handle_request():146] handle_request: status_report
2024-10-20 04:38:04,337 DEBUG   HandlerThread:3186673 [handler.py:handle_request():146] handle_request: status_report
2024-10-20 04:38:05,334 DEBUG   SenderThread:3186673 [sender.py:send():382] send: stats
2024-10-20 04:38:06,635 DEBUG   HandlerThread:3186673 [handler.py:handle_request():146] handle_request: status_report
2024-10-20 04:38:10,335 DEBUG   HandlerThread:3186673 [handler.py:handle_request():146] handle_request: status_report
2024-10-20 04:38:11,635 DEBUG   HandlerThread:3186673 [handler.py:handle_request():146] handle_request: status_report
2024-10-20 04:38:14,471 DEBUG   HandlerThread:3186673 [handler.py:handle_request():146] handle_request: stop_status
2024-10-20 04:38:14,472 DEBUG   SenderThread:3186673 [sender.py:send_request():409] send_request: stop_status
2024-10-20 04:38:14,512 DEBUG   HandlerThread:3186673 [handler.py:handle_request():146] handle_request: internal_messages
2024-10-20 04:38:15,336 DEBUG   HandlerThread:3186673 [handler.py:handle_request():146] handle_request: status_report
2024-10-20 04:38:17,606 DEBUG   HandlerThread:3186673 [handler.py:handle_request():146] handle_request: status_report
2024-10-20 04:38:18,803 INFO    Thread-24 :3186673 [dir_watcher.py:_on_file_modified():288] file/dir modified: /data/ljc/aq/hw2/p2/wandb/run-20241020_035254-40nt4ean/files/output.log
2024-10-20 04:38:20,337 DEBUG   HandlerThread:3186673 [handler.py:handle_request():146] handle_request: status_report
2024-10-20 04:38:22,607 DEBUG   HandlerThread:3186673 [handler.py:handle_request():146] handle_request: status_report
2024-10-20 04:38:25,108 DEBUG   SenderThread:3186673 [sender.py:send():382] send: stats
2024-10-20 04:38:25,337 DEBUG   HandlerThread:3186673 [handler.py:handle_request():146] handle_request: status_report
2024-10-20 04:38:28,109 DEBUG   HandlerThread:3186673 [handler.py:handle_request():146] handle_request: status_report
2024-10-20 04:38:29,471 DEBUG   HandlerThread:3186673 [handler.py:handle_request():146] handle_request: stop_status
2024-10-20 04:38:29,472 DEBUG   SenderThread:3186673 [sender.py:send_request():409] send_request: stop_status
2024-10-20 04:38:29,473 DEBUG   HandlerThread:3186673 [handler.py:handle_request():146] handle_request: internal_messages
2024-10-20 04:38:30,338 DEBUG   HandlerThread:3186673 [handler.py:handle_request():146] handle_request: status_report
2024-10-20 04:38:32,807 INFO    Thread-24 :3186673 [dir_watcher.py:_on_file_modified():288] file/dir modified: /data/ljc/aq/hw2/p2/wandb/run-20241020_035254-40nt4ean/files/output.log
2024-10-20 04:38:33,519 DEBUG   HandlerThread:3186673 [handler.py:handle_request():146] handle_request: status_report
2024-10-20 04:38:34,808 INFO    Thread-24 :3186673 [dir_watcher.py:_on_file_modified():288] file/dir modified: /data/ljc/aq/hw2/p2/wandb/run-20241020_035254-40nt4ean/files/output.log
2024-10-20 04:38:35,335 DEBUG   SenderThread:3186673 [sender.py:send():382] send: stats
2024-10-20 04:38:36,336 DEBUG   HandlerThread:3186673 [handler.py:handle_request():146] handle_request: status_report
2024-10-20 04:38:38,519 DEBUG   HandlerThread:3186673 [handler.py:handle_request():146] handle_request: status_report
2024-10-20 04:38:41,336 DEBUG   HandlerThread:3186673 [handler.py:handle_request():146] handle_request: status_report
2024-10-20 04:38:43,536 DEBUG   HandlerThread:3186673 [handler.py:handle_request():146] handle_request: status_report
2024-10-20 04:38:44,471 DEBUG   HandlerThread:3186673 [handler.py:handle_request():146] handle_request: stop_status
2024-10-20 04:38:44,472 DEBUG   SenderThread:3186673 [sender.py:send_request():409] send_request: stop_status
2024-10-20 04:38:44,473 DEBUG   HandlerThread:3186673 [handler.py:handle_request():146] handle_request: internal_messages
2024-10-20 04:38:44,810 INFO    Thread-24 :3186673 [dir_watcher.py:_on_file_modified():288] file/dir modified: /data/ljc/aq/hw2/p2/wandb/run-20241020_035254-40nt4ean/files/output.log
2024-10-20 04:38:46,337 DEBUG   HandlerThread:3186673 [handler.py:handle_request():146] handle_request: status_report
2024-10-20 04:38:48,597 DEBUG   HandlerThread:3186673 [handler.py:handle_request():146] handle_request: status_report
2024-10-20 04:38:51,338 DEBUG   HandlerThread:3186673 [handler.py:handle_request():146] handle_request: status_report
2024-10-20 04:38:53,598 DEBUG   HandlerThread:3186673 [handler.py:handle_request():146] handle_request: status_report
2024-10-20 04:38:55,109 DEBUG   SenderThread:3186673 [sender.py:send():382] send: stats
2024-10-20 04:38:56,338 DEBUG   HandlerThread:3186673 [handler.py:handle_request():146] handle_request: status_report
2024-10-20 04:38:59,110 DEBUG   HandlerThread:3186673 [handler.py:handle_request():146] handle_request: status_report
2024-10-20 04:38:59,472 DEBUG   HandlerThread:3186673 [handler.py:handle_request():146] handle_request: stop_status
2024-10-20 04:38:59,472 DEBUG   SenderThread:3186673 [sender.py:send_request():409] send_request: stop_status
2024-10-20 04:38:59,512 DEBUG   HandlerThread:3186673 [handler.py:handle_request():146] handle_request: internal_messages
2024-10-20 04:39:01,338 DEBUG   HandlerThread:3186673 [handler.py:handle_request():146] handle_request: status_report
2024-10-20 04:39:04,545 DEBUG   HandlerThread:3186673 [handler.py:handle_request():146] handle_request: status_report
2024-10-20 04:39:05,336 DEBUG   SenderThread:3186673 [sender.py:send():382] send: stats
2024-10-20 04:39:07,337 DEBUG   HandlerThread:3186673 [handler.py:handle_request():146] handle_request: status_report
2024-10-20 04:39:09,545 DEBUG   HandlerThread:3186673 [handler.py:handle_request():146] handle_request: status_report
2024-10-20 04:39:12,338 DEBUG   HandlerThread:3186673 [handler.py:handle_request():146] handle_request: status_report
2024-10-20 04:39:14,472 DEBUG   HandlerThread:3186673 [handler.py:handle_request():146] handle_request: stop_status
2024-10-20 04:39:14,472 DEBUG   SenderThread:3186673 [sender.py:send_request():409] send_request: stop_status
2024-10-20 04:39:14,512 DEBUG   HandlerThread:3186673 [handler.py:handle_request():146] handle_request: internal_messages
2024-10-20 04:39:14,632 DEBUG   HandlerThread:3186673 [handler.py:handle_request():146] handle_request: status_report
2024-10-20 04:39:17,338 DEBUG   HandlerThread:3186673 [handler.py:handle_request():146] handle_request: status_report
2024-10-20 04:39:19,632 DEBUG   HandlerThread:3186673 [handler.py:handle_request():146] handle_request: status_report
2024-10-20 04:39:22,339 DEBUG   HandlerThread:3186673 [handler.py:handle_request():146] handle_request: status_report
2024-10-20 04:39:24,820 INFO    Thread-24 :3186673 [dir_watcher.py:_on_file_modified():288] file/dir modified: /data/ljc/aq/hw2/p2/wandb/run-20241020_035254-40nt4ean/files/output.log
2024-10-20 04:39:25,048 DEBUG   HandlerThread:3186673 [handler.py:handle_request():146] handle_request: status_report
2024-10-20 04:39:25,110 DEBUG   SenderThread:3186673 [sender.py:send():382] send: stats
2024-10-20 04:39:27,339 DEBUG   HandlerThread:3186673 [handler.py:handle_request():146] handle_request: status_report
2024-10-20 04:39:28,821 INFO    Thread-24 :3186673 [dir_watcher.py:_on_file_modified():288] file/dir modified: /data/ljc/aq/hw2/p2/wandb/run-20241020_035254-40nt4ean/files/output.log
2024-10-20 04:39:29,472 DEBUG   HandlerThread:3186673 [handler.py:handle_request():146] handle_request: stop_status
2024-10-20 04:39:29,473 DEBUG   SenderThread:3186673 [sender.py:send_request():409] send_request: stop_status
2024-10-20 04:39:29,474 DEBUG   HandlerThread:3186673 [handler.py:handle_request():146] handle_request: internal_messages
2024-10-20 04:39:30,547 DEBUG   HandlerThread:3186673 [handler.py:handle_request():146] handle_request: status_report
2024-10-20 04:39:32,340 DEBUG   HandlerThread:3186673 [handler.py:handle_request():146] handle_request: status_report
2024-10-20 04:39:32,822 INFO    Thread-24 :3186673 [dir_watcher.py:_on_file_modified():288] file/dir modified: /data/ljc/aq/hw2/p2/wandb/run-20241020_035254-40nt4ean/files/output.log
2024-10-20 04:39:34,823 INFO    Thread-24 :3186673 [dir_watcher.py:_on_file_modified():288] file/dir modified: /data/ljc/aq/hw2/p2/wandb/run-20241020_035254-40nt4ean/files/output.log
2024-10-20 04:39:35,339 DEBUG   SenderThread:3186673 [sender.py:send():382] send: stats
2024-10-20 04:39:36,254 DEBUG   HandlerThread:3186673 [handler.py:handle_request():146] handle_request: status_report
2024-10-20 04:39:38,340 DEBUG   HandlerThread:3186673 [handler.py:handle_request():146] handle_request: status_report
2024-10-20 04:39:41,254 DEBUG   HandlerThread:3186673 [handler.py:handle_request():146] handle_request: status_report
2024-10-20 04:39:43,340 DEBUG   HandlerThread:3186673 [handler.py:handle_request():146] handle_request: status_report
2024-10-20 04:39:44,472 DEBUG   HandlerThread:3186673 [handler.py:handle_request():146] handle_request: stop_status
2024-10-20 04:39:44,472 DEBUG   SenderThread:3186673 [sender.py:send_request():409] send_request: stop_status
2024-10-20 04:39:44,474 DEBUG   HandlerThread:3186673 [handler.py:handle_request():146] handle_request: internal_messages
2024-10-20 04:39:46,543 DEBUG   HandlerThread:3186673 [handler.py:handle_request():146] handle_request: status_report
2024-10-20 04:39:48,341 DEBUG   HandlerThread:3186673 [handler.py:handle_request():146] handle_request: status_report
2024-10-20 04:39:52,284 DEBUG   HandlerThread:3186673 [handler.py:handle_request():146] handle_request: status_report
2024-10-20 04:39:52,958 INFO    Thread-24 :3186673 [dir_watcher.py:_on_file_modified():288] file/dir modified: /data/ljc/aq/hw2/p2/wandb/run-20241020_035254-40nt4ean/files/output.log
2024-10-20 04:39:53,872 DEBUG   HandlerThread:3186673 [handler.py:handle_request():146] handle_request: status_report
2024-10-20 04:39:55,111 DEBUG   SenderThread:3186673 [sender.py:send():382] send: stats
2024-10-20 04:39:57,445 DEBUG   HandlerThread:3186673 [handler.py:handle_request():146] handle_request: status_report
2024-10-20 04:39:58,008 INFO    Thread-24 :3186673 [dir_watcher.py:_on_file_modified():288] file/dir modified: /data/ljc/aq/hw2/p2/wandb/run-20241020_035254-40nt4ean/files/output.log
2024-10-20 04:39:58,872 DEBUG   HandlerThread:3186673 [handler.py:handle_request():146] handle_request: status_report
2024-10-20 04:39:59,472 DEBUG   HandlerThread:3186673 [handler.py:handle_request():146] handle_request: stop_status
2024-10-20 04:39:59,473 DEBUG   SenderThread:3186673 [sender.py:send_request():409] send_request: stop_status
2024-10-20 04:39:59,474 DEBUG   HandlerThread:3186673 [handler.py:handle_request():146] handle_request: internal_messages
2024-10-20 04:40:02,593 DEBUG   HandlerThread:3186673 [handler.py:handle_request():146] handle_request: status_report
2024-10-20 04:40:03,873 DEBUG   HandlerThread:3186673 [handler.py:handle_request():146] handle_request: status_report
2024-10-20 04:40:05,338 DEBUG   SenderThread:3186673 [sender.py:send():382] send: stats
2024-10-20 04:40:07,593 DEBUG   HandlerThread:3186673 [handler.py:handle_request():146] handle_request: status_report
2024-10-20 04:40:09,339 DEBUG   HandlerThread:3186673 [handler.py:handle_request():146] handle_request: status_report
2024-10-20 04:40:12,594 DEBUG   HandlerThread:3186673 [handler.py:handle_request():146] handle_request: status_report
2024-10-20 04:40:14,340 DEBUG   HandlerThread:3186673 [handler.py:handle_request():146] handle_request: status_report
2024-10-20 04:40:14,472 DEBUG   HandlerThread:3186673 [handler.py:handle_request():146] handle_request: stop_status
2024-10-20 04:40:14,473 DEBUG   SenderThread:3186673 [sender.py:send_request():409] send_request: stop_status
2024-10-20 04:40:14,512 DEBUG   HandlerThread:3186673 [handler.py:handle_request():146] handle_request: internal_messages
2024-10-20 04:40:18,529 DEBUG   HandlerThread:3186673 [handler.py:handle_request():146] handle_request: status_report
2024-10-20 04:40:19,340 DEBUG   HandlerThread:3186673 [handler.py:handle_request():146] handle_request: status_report
2024-10-20 04:40:23,530 DEBUG   HandlerThread:3186673 [handler.py:handle_request():146] handle_request: status_report
2024-10-20 04:40:24,341 DEBUG   HandlerThread:3186673 [handler.py:handle_request():146] handle_request: status_report
2024-10-20 04:40:25,112 DEBUG   SenderThread:3186673 [sender.py:send():382] send: stats
2024-10-20 04:40:29,113 DEBUG   HandlerThread:3186673 [handler.py:handle_request():146] handle_request: status_report
2024-10-20 04:40:29,341 DEBUG   HandlerThread:3186673 [handler.py:handle_request():146] handle_request: status_report
2024-10-20 04:40:29,472 DEBUG   HandlerThread:3186673 [handler.py:handle_request():146] handle_request: stop_status
2024-10-20 04:40:29,473 DEBUG   SenderThread:3186673 [sender.py:send_request():409] send_request: stop_status
2024-10-20 04:40:29,513 DEBUG   HandlerThread:3186673 [handler.py:handle_request():146] handle_request: internal_messages
2024-10-20 04:40:34,342 DEBUG   HandlerThread:3186673 [handler.py:handle_request():146] handle_request: status_report
2024-10-20 04:40:34,548 DEBUG   HandlerThread:3186673 [handler.py:handle_request():146] handle_request: status_report
2024-10-20 04:40:35,340 DEBUG   SenderThread:3186673 [sender.py:send():382] send: stats
2024-10-20 04:40:39,548 DEBUG   HandlerThread:3186673 [handler.py:handle_request():146] handle_request: status_report
2024-10-20 04:40:40,341 DEBUG   HandlerThread:3186673 [handler.py:handle_request():146] handle_request: status_report
2024-10-20 04:40:44,473 DEBUG   HandlerThread:3186673 [handler.py:handle_request():146] handle_request: stop_status
2024-10-20 04:40:44,473 DEBUG   SenderThread:3186673 [sender.py:send_request():409] send_request: stop_status
2024-10-20 04:40:44,514 DEBUG   HandlerThread:3186673 [handler.py:handle_request():146] handle_request: internal_messages
2024-10-20 04:40:44,641 DEBUG   HandlerThread:3186673 [handler.py:handle_request():146] handle_request: status_report
2024-10-20 04:40:45,342 DEBUG   HandlerThread:3186673 [handler.py:handle_request():146] handle_request: status_report
2024-10-20 04:40:49,642 DEBUG   HandlerThread:3186673 [handler.py:handle_request():146] handle_request: status_report
2024-10-20 04:40:50,342 DEBUG   HandlerThread:3186673 [handler.py:handle_request():146] handle_request: status_report
2024-10-20 04:40:54,643 DEBUG   HandlerThread:3186673 [handler.py:handle_request():146] handle_request: status_report
2024-10-20 04:40:55,113 DEBUG   SenderThread:3186673 [sender.py:send():382] send: stats
2024-10-20 04:40:55,343 DEBUG   HandlerThread:3186673 [handler.py:handle_request():146] handle_request: status_report
2024-10-20 04:40:59,473 DEBUG   HandlerThread:3186673 [handler.py:handle_request():146] handle_request: stop_status
2024-10-20 04:40:59,473 DEBUG   SenderThread:3186673 [sender.py:send_request():409] send_request: stop_status
2024-10-20 04:40:59,514 DEBUG   HandlerThread:3186673 [handler.py:handle_request():146] handle_request: internal_messages
2024-10-20 04:41:00,343 DEBUG   HandlerThread:3186673 [handler.py:handle_request():146] handle_request: status_report
2024-10-20 04:41:00,571 DEBUG   HandlerThread:3186673 [handler.py:handle_request():146] handle_request: status_report
2024-10-20 04:41:05,340 DEBUG   SenderThread:3186673 [sender.py:send():382] send: stats
2024-10-20 04:41:05,572 DEBUG   HandlerThread:3186673 [handler.py:handle_request():146] handle_request: status_report
2024-10-20 04:41:06,341 DEBUG   HandlerThread:3186673 [handler.py:handle_request():146] handle_request: status_report
2024-10-20 04:41:10,573 DEBUG   HandlerThread:3186673 [handler.py:handle_request():146] handle_request: status_report
2024-10-20 04:41:11,342 DEBUG   HandlerThread:3186673 [handler.py:handle_request():146] handle_request: status_report
2024-10-20 04:41:14,473 DEBUG   HandlerThread:3186673 [handler.py:handle_request():146] handle_request: stop_status
2024-10-20 04:41:14,473 DEBUG   SenderThread:3186673 [sender.py:send_request():409] send_request: stop_status
2024-10-20 04:41:14,513 DEBUG   HandlerThread:3186673 [handler.py:handle_request():146] handle_request: internal_messages
2024-10-20 04:41:15,602 DEBUG   HandlerThread:3186673 [handler.py:handle_request():146] handle_request: status_report
2024-10-20 04:41:16,343 DEBUG   HandlerThread:3186673 [handler.py:handle_request():146] handle_request: status_report
2024-10-20 04:41:21,546 DEBUG   HandlerThread:3186673 [handler.py:handle_request():146] handle_request: status_report
2024-10-20 04:41:21,562 DEBUG   HandlerThread:3186673 [handler.py:handle_request():146] handle_request: status_report
2024-10-20 04:41:21,602 INFO    Thread-24 :3186673 [dir_watcher.py:_on_file_modified():288] file/dir modified: /data/ljc/aq/hw2/p2/wandb/run-20241020_035254-40nt4ean/files/output.log
2024-10-20 04:41:23,602 INFO    Thread-24 :3186673 [dir_watcher.py:_on_file_modified():288] file/dir modified: /data/ljc/aq/hw2/p2/wandb/run-20241020_035254-40nt4ean/files/output.log
2024-10-20 04:41:25,114 DEBUG   SenderThread:3186673 [sender.py:send():382] send: stats
2024-10-20 04:41:25,603 INFO    Thread-24 :3186673 [dir_watcher.py:_on_file_modified():288] file/dir modified: /data/ljc/aq/hw2/p2/wandb/run-20241020_035254-40nt4ean/files/output.log
2024-10-20 04:41:26,532 DEBUG   HandlerThread:3186673 [handler.py:handle_request():146] handle_request: status_report
2024-10-20 04:41:27,115 DEBUG   HandlerThread:3186673 [handler.py:handle_request():146] handle_request: status_report
2024-10-20 04:41:29,473 DEBUG   HandlerThread:3186673 [handler.py:handle_request():146] handle_request: stop_status
2024-10-20 04:41:29,473 DEBUG   SenderThread:3186673 [sender.py:send_request():409] send_request: stop_status
2024-10-20 04:41:29,475 DEBUG   HandlerThread:3186673 [handler.py:handle_request():146] handle_request: internal_messages
2024-10-20 04:41:29,607 INFO    Thread-24 :3186673 [dir_watcher.py:_on_file_modified():288] file/dir modified: /data/ljc/aq/hw2/p2/wandb/run-20241020_035254-40nt4ean/files/output.log
2024-10-20 04:41:31,532 DEBUG   HandlerThread:3186673 [handler.py:handle_request():146] handle_request: status_report
2024-10-20 04:41:33,049 DEBUG   HandlerThread:3186673 [handler.py:handle_request():146] handle_request: status_report
2024-10-20 04:41:33,610 INFO    Thread-24 :3186673 [dir_watcher.py:_on_file_modified():288] file/dir modified: /data/ljc/aq/hw2/p2/wandb/run-20241020_035254-40nt4ean/files/output.log
2024-10-20 04:41:35,341 DEBUG   SenderThread:3186673 [sender.py:send():382] send: stats
2024-10-20 04:41:37,342 DEBUG   HandlerThread:3186673 [handler.py:handle_request():146] handle_request: status_report
2024-10-20 04:41:38,049 DEBUG   HandlerThread:3186673 [handler.py:handle_request():146] handle_request: status_report
2024-10-20 04:41:42,342 DEBUG   HandlerThread:3186673 [handler.py:handle_request():146] handle_request: status_report
2024-10-20 04:41:43,050 DEBUG   HandlerThread:3186673 [handler.py:handle_request():146] handle_request: status_report
2024-10-20 04:41:44,473 DEBUG   HandlerThread:3186673 [handler.py:handle_request():146] handle_request: stop_status
2024-10-20 04:41:44,474 DEBUG   SenderThread:3186673 [sender.py:send_request():409] send_request: stop_status
2024-10-20 04:41:44,475 DEBUG   HandlerThread:3186673 [handler.py:handle_request():146] handle_request: internal_messages
2024-10-20 04:41:47,343 DEBUG   HandlerThread:3186673 [handler.py:handle_request():146] handle_request: status_report
2024-10-20 04:41:48,618 DEBUG   HandlerThread:3186673 [handler.py:handle_request():146] handle_request: status_report
2024-10-20 04:41:52,344 DEBUG   HandlerThread:3186673 [handler.py:handle_request():146] handle_request: status_report
2024-10-20 04:41:53,618 DEBUG   HandlerThread:3186673 [handler.py:handle_request():146] handle_request: status_report
2024-10-20 04:41:55,115 DEBUG   SenderThread:3186673 [sender.py:send():382] send: stats
2024-10-20 04:41:57,344 DEBUG   HandlerThread:3186673 [handler.py:handle_request():146] handle_request: status_report
2024-10-20 04:41:59,116 DEBUG   HandlerThread:3186673 [handler.py:handle_request():146] handle_request: status_report
2024-10-20 04:41:59,473 DEBUG   HandlerThread:3186673 [handler.py:handle_request():146] handle_request: stop_status
2024-10-20 04:41:59,474 DEBUG   SenderThread:3186673 [sender.py:send_request():409] send_request: stop_status
2024-10-20 04:41:59,514 DEBUG   HandlerThread:3186673 [handler.py:handle_request():146] handle_request: internal_messages
2024-10-20 04:42:02,345 DEBUG   HandlerThread:3186673 [handler.py:handle_request():146] handle_request: status_report
2024-10-20 04:42:04,579 DEBUG   HandlerThread:3186673 [handler.py:handle_request():146] handle_request: status_report
2024-10-20 04:42:05,342 DEBUG   SenderThread:3186673 [sender.py:send():382] send: stats
2024-10-20 04:42:07,335 DEBUG   SenderThread:3186673 [sender.py:send():382] send: telemetry
2024-10-20 04:42:07,376 DEBUG   SenderThread:3186673 [sender.py:send():382] send: exit
2024-10-20 04:42:07,377 INFO    SenderThread:3186673 [sender.py:send_exit():589] handling exit code: 0
2024-10-20 04:42:07,377 INFO    SenderThread:3186673 [sender.py:send_exit():591] handling runtime: 2922
2024-10-20 04:42:07,377 INFO    SenderThread:3186673 [sender.py:_save_file():1392] saving file wandb-summary.json with policy end
2024-10-20 04:42:07,377 INFO    SenderThread:3186673 [sender.py:send_exit():597] send defer
2024-10-20 04:42:07,378 DEBUG   HandlerThread:3186673 [handler.py:handle_request():146] handle_request: defer
2024-10-20 04:42:07,378 INFO    HandlerThread:3186673 [handler.py:handle_request_defer():172] handle defer: 0
2024-10-20 04:42:07,378 DEBUG   SenderThread:3186673 [sender.py:send_request():409] send_request: defer
2024-10-20 04:42:07,378 INFO    SenderThread:3186673 [sender.py:send_request_defer():613] handle sender defer: 0
2024-10-20 04:42:07,378 INFO    SenderThread:3186673 [sender.py:transition_state():617] send defer: 1
2024-10-20 04:42:07,378 DEBUG   HandlerThread:3186673 [handler.py:handle_request():146] handle_request: defer
2024-10-20 04:42:07,378 INFO    HandlerThread:3186673 [handler.py:handle_request_defer():172] handle defer: 1
2024-10-20 04:42:07,378 DEBUG   SenderThread:3186673 [sender.py:send_request():409] send_request: defer
2024-10-20 04:42:07,378 INFO    SenderThread:3186673 [sender.py:send_request_defer():613] handle sender defer: 1
2024-10-20 04:42:07,378 INFO    SenderThread:3186673 [sender.py:transition_state():617] send defer: 2
2024-10-20 04:42:07,379 DEBUG   HandlerThread:3186673 [handler.py:handle_request():146] handle_request: defer
2024-10-20 04:42:07,379 INFO    HandlerThread:3186673 [handler.py:handle_request_defer():172] handle defer: 2
2024-10-20 04:42:07,379 INFO    HandlerThread:3186673 [system_monitor.py:finish():203] Stopping system monitor
2024-10-20 04:42:07,379 INFO    HandlerThread:3186673 [interfaces.py:finish():202] Joined cpu monitor
2024-10-20 04:42:07,379 DEBUG   SystemMonitor:3186673 [system_monitor.py:_start():179] Finished system metrics aggregation loop
2024-10-20 04:42:07,380 INFO    HandlerThread:3186673 [interfaces.py:finish():202] Joined disk monitor
2024-10-20 04:42:07,380 DEBUG   SystemMonitor:3186673 [system_monitor.py:_start():183] Publishing last batch of metrics
2024-10-20 04:42:07,621 INFO    Thread-24 :3186673 [dir_watcher.py:_on_file_created():271] file/dir created: /data/ljc/aq/hw2/p2/wandb/run-20241020_035254-40nt4ean/files/wandb-summary.json
2024-10-20 04:42:07,725 INFO    HandlerThread:3186673 [interfaces.py:finish():202] Joined gpu monitor
2024-10-20 04:42:07,725 INFO    HandlerThread:3186673 [interfaces.py:finish():202] Joined memory monitor
2024-10-20 04:42:07,725 INFO    HandlerThread:3186673 [interfaces.py:finish():202] Joined network monitor
2024-10-20 04:42:07,725 DEBUG   SenderThread:3186673 [sender.py:send_request():409] send_request: defer
2024-10-20 04:42:07,726 INFO    SenderThread:3186673 [sender.py:send_request_defer():613] handle sender defer: 2
2024-10-20 04:42:07,726 INFO    SenderThread:3186673 [sender.py:transition_state():617] send defer: 3
2024-10-20 04:42:07,726 DEBUG   SenderThread:3186673 [sender.py:send():382] send: stats
2024-10-20 04:42:07,726 DEBUG   HandlerThread:3186673 [handler.py:handle_request():146] handle_request: defer
2024-10-20 04:42:07,726 INFO    HandlerThread:3186673 [handler.py:handle_request_defer():172] handle defer: 3
2024-10-20 04:42:07,727 DEBUG   SenderThread:3186673 [sender.py:send_request():409] send_request: defer
2024-10-20 04:42:07,727 INFO    SenderThread:3186673 [sender.py:send_request_defer():613] handle sender defer: 3
2024-10-20 04:42:07,727 INFO    SenderThread:3186673 [sender.py:transition_state():617] send defer: 4
2024-10-20 04:42:07,727 DEBUG   HandlerThread:3186673 [handler.py:handle_request():146] handle_request: defer
2024-10-20 04:42:07,727 INFO    HandlerThread:3186673 [handler.py:handle_request_defer():172] handle defer: 4
2024-10-20 04:42:07,727 DEBUG   SenderThread:3186673 [sender.py:send_request():409] send_request: defer
2024-10-20 04:42:07,727 INFO    SenderThread:3186673 [sender.py:send_request_defer():613] handle sender defer: 4
2024-10-20 04:42:07,727 INFO    SenderThread:3186673 [sender.py:transition_state():617] send defer: 5
2024-10-20 04:42:07,727 DEBUG   HandlerThread:3186673 [handler.py:handle_request():146] handle_request: defer
2024-10-20 04:42:07,727 INFO    HandlerThread:3186673 [handler.py:handle_request_defer():172] handle defer: 5
2024-10-20 04:42:07,727 DEBUG   SenderThread:3186673 [sender.py:send():382] send: summary
2024-10-20 04:42:07,728 INFO    SenderThread:3186673 [sender.py:_save_file():1392] saving file wandb-summary.json with policy end
2024-10-20 04:42:07,728 DEBUG   SenderThread:3186673 [sender.py:send_request():409] send_request: defer
2024-10-20 04:42:07,728 INFO    SenderThread:3186673 [sender.py:send_request_defer():613] handle sender defer: 5
2024-10-20 04:42:07,728 INFO    SenderThread:3186673 [sender.py:transition_state():617] send defer: 6
2024-10-20 04:42:07,728 DEBUG   HandlerThread:3186673 [handler.py:handle_request():146] handle_request: defer
2024-10-20 04:42:07,728 INFO    HandlerThread:3186673 [handler.py:handle_request_defer():172] handle defer: 6
2024-10-20 04:42:07,728 DEBUG   SenderThread:3186673 [sender.py:send_request():409] send_request: defer
2024-10-20 04:42:07,728 INFO    SenderThread:3186673 [sender.py:send_request_defer():613] handle sender defer: 6
2024-10-20 04:42:07,730 DEBUG   HandlerThread:3186673 [handler.py:handle_request():146] handle_request: status_report
2024-10-20 04:42:07,786 INFO    SenderThread:3186673 [sender.py:transition_state():617] send defer: 7
2024-10-20 04:42:07,787 DEBUG   HandlerThread:3186673 [handler.py:handle_request():146] handle_request: defer
2024-10-20 04:42:07,787 INFO    HandlerThread:3186673 [handler.py:handle_request_defer():172] handle defer: 7
2024-10-20 04:42:07,787 DEBUG   SenderThread:3186673 [sender.py:send_request():409] send_request: defer
2024-10-20 04:42:07,787 INFO    SenderThread:3186673 [sender.py:send_request_defer():613] handle sender defer: 7
2024-10-20 04:42:08,338 DEBUG   HandlerThread:3186673 [handler.py:handle_request():146] handle_request: poll_exit
2024-10-20 04:42:08,343 DEBUG   HandlerThread:3186673 [handler.py:handle_request():146] handle_request: status_report
2024-10-20 04:42:08,621 INFO    Thread-24 :3186673 [dir_watcher.py:_on_file_modified():288] file/dir modified: /data/ljc/aq/hw2/p2/wandb/run-20241020_035254-40nt4ean/files/wandb-summary.json
2024-10-20 04:42:08,621 INFO    Thread-24 :3186673 [dir_watcher.py:_on_file_modified():288] file/dir modified: /data/ljc/aq/hw2/p2/wandb/run-20241020_035254-40nt4ean/files/config.yaml
2024-10-20 04:42:09,615 INFO    SenderThread:3186673 [sender.py:transition_state():617] send defer: 8
2024-10-20 04:42:09,615 DEBUG   SenderThread:3186673 [sender.py:send_request():409] send_request: poll_exit
2024-10-20 04:42:09,615 DEBUG   HandlerThread:3186673 [handler.py:handle_request():146] handle_request: defer
2024-10-20 04:42:09,616 INFO    HandlerThread:3186673 [handler.py:handle_request_defer():172] handle defer: 8
2024-10-20 04:42:09,616 DEBUG   SenderThread:3186673 [sender.py:send_request():409] send_request: defer
2024-10-20 04:42:09,616 INFO    SenderThread:3186673 [sender.py:send_request_defer():613] handle sender defer: 8
2024-10-20 04:42:09,616 INFO    SenderThread:3186673 [job_builder.py:build():298] Attempting to build job artifact
2024-10-20 04:42:09,616 INFO    SenderThread:3186673 [job_builder.py:_get_source_type():428] is repo sourced job
2024-10-20 04:42:09,617 INFO    SenderThread:3186673 [job_builder.py:_get_program_relpath():446] run is notebook based run
2024-10-20 04:42:09,617 INFO    SenderThread:3186673 [sender.py:transition_state():617] send defer: 9
2024-10-20 04:42:09,617 DEBUG   HandlerThread:3186673 [handler.py:handle_request():146] handle_request: defer
2024-10-20 04:42:09,617 INFO    HandlerThread:3186673 [handler.py:handle_request_defer():172] handle defer: 9
2024-10-20 04:42:09,617 DEBUG   SenderThread:3186673 [sender.py:send_request():409] send_request: defer
2024-10-20 04:42:09,617 INFO    SenderThread:3186673 [sender.py:send_request_defer():613] handle sender defer: 9
2024-10-20 04:42:09,617 INFO    SenderThread:3186673 [dir_watcher.py:finish():358] shutting down directory watcher
2024-10-20 04:42:09,621 INFO    Thread-24 :3186673 [dir_watcher.py:_on_file_modified():288] file/dir modified: /data/ljc/aq/hw2/p2/wandb/run-20241020_035254-40nt4ean/files/output.log
2024-10-20 04:42:09,622 INFO    SenderThread:3186673 [dir_watcher.py:finish():388] scan: /data/ljc/aq/hw2/p2/wandb/run-20241020_035254-40nt4ean/files
2024-10-20 04:42:09,622 INFO    SenderThread:3186673 [dir_watcher.py:finish():402] scan save: /data/ljc/aq/hw2/p2/wandb/run-20241020_035254-40nt4ean/files/requirements.txt requirements.txt
2024-10-20 04:42:09,622 INFO    SenderThread:3186673 [dir_watcher.py:finish():402] scan save: /data/ljc/aq/hw2/p2/wandb/run-20241020_035254-40nt4ean/files/output.log output.log
2024-10-20 04:42:09,623 INFO    SenderThread:3186673 [dir_watcher.py:finish():402] scan save: /data/ljc/aq/hw2/p2/wandb/run-20241020_035254-40nt4ean/files/wandb-summary.json wandb-summary.json
2024-10-20 04:42:09,624 INFO    SenderThread:3186673 [dir_watcher.py:finish():402] scan save: /data/ljc/aq/hw2/p2/wandb/run-20241020_035254-40nt4ean/files/wandb-metadata.json wandb-metadata.json
2024-10-20 04:42:09,625 INFO    SenderThread:3186673 [dir_watcher.py:finish():402] scan save: /data/ljc/aq/hw2/p2/wandb/run-20241020_035254-40nt4ean/files/config.yaml config.yaml
2024-10-20 04:42:09,625 INFO    SenderThread:3186673 [dir_watcher.py:finish():402] scan save: /data/ljc/aq/hw2/p2/wandb/run-20241020_035254-40nt4ean/files/conda-environment.yaml conda-environment.yaml
2024-10-20 04:42:09,630 INFO    SenderThread:3186673 [sender.py:transition_state():617] send defer: 10
2024-10-20 04:42:09,631 DEBUG   HandlerThread:3186673 [handler.py:handle_request():146] handle_request: defer
2024-10-20 04:42:09,631 INFO    HandlerThread:3186673 [handler.py:handle_request_defer():172] handle defer: 10
2024-10-20 04:42:09,632 DEBUG   SenderThread:3186673 [sender.py:send_request():409] send_request: defer
2024-10-20 04:42:09,632 INFO    SenderThread:3186673 [sender.py:send_request_defer():613] handle sender defer: 10
2024-10-20 04:42:09,632 INFO    SenderThread:3186673 [file_pusher.py:finish():175] shutting down file pusher
2024-10-20 04:42:09,943 INFO    wandb-upload_0:3186673 [upload_job.py:push():131] Uploaded file /data/ljc/aq/hw2/p2/wandb/run-20241020_035254-40nt4ean/files/requirements.txt
2024-10-20 04:42:10,034 INFO    wandb-upload_4:3186673 [upload_job.py:push():131] Uploaded file /data/ljc/aq/hw2/p2/wandb/run-20241020_035254-40nt4ean/files/conda-environment.yaml
2024-10-20 04:42:10,034 INFO    wandb-upload_2:3186673 [upload_job.py:push():131] Uploaded file /data/ljc/aq/hw2/p2/wandb/run-20241020_035254-40nt4ean/files/wandb-summary.json
2024-10-20 04:42:10,043 INFO    wandb-upload_3:3186673 [upload_job.py:push():131] Uploaded file /data/ljc/aq/hw2/p2/wandb/run-20241020_035254-40nt4ean/files/config.yaml
2024-10-20 04:42:10,064 INFO    wandb-upload_1:3186673 [upload_job.py:push():131] Uploaded file /data/ljc/aq/hw2/p2/wandb/run-20241020_035254-40nt4ean/files/output.log
2024-10-20 04:42:10,265 INFO    Thread-23 (_thread_body):3186673 [sender.py:transition_state():617] send defer: 11
2024-10-20 04:42:10,266 DEBUG   HandlerThread:3186673 [handler.py:handle_request():146] handle_request: defer
2024-10-20 04:42:10,266 INFO    HandlerThread:3186673 [handler.py:handle_request_defer():172] handle defer: 11
2024-10-20 04:42:10,267 DEBUG   SenderThread:3186673 [sender.py:send_request():409] send_request: defer
2024-10-20 04:42:10,267 INFO    SenderThread:3186673 [sender.py:send_request_defer():613] handle sender defer: 11
2024-10-20 04:42:10,267 INFO    SenderThread:3186673 [file_pusher.py:join():181] waiting for file pusher
2024-10-20 04:42:10,267 INFO    SenderThread:3186673 [sender.py:transition_state():617] send defer: 12
2024-10-20 04:42:10,267 DEBUG   HandlerThread:3186673 [handler.py:handle_request():146] handle_request: defer
2024-10-20 04:42:10,267 INFO    HandlerThread:3186673 [handler.py:handle_request_defer():172] handle defer: 12
2024-10-20 04:42:10,267 DEBUG   SenderThread:3186673 [sender.py:send_request():409] send_request: defer
2024-10-20 04:42:10,267 INFO    SenderThread:3186673 [sender.py:send_request_defer():613] handle sender defer: 12
2024-10-20 04:42:10,267 INFO    SenderThread:3186673 [file_stream.py:finish():595] file stream finish called
2024-10-20 04:42:10,338 DEBUG   HandlerThread:3186673 [handler.py:handle_request():146] handle_request: poll_exit
2024-10-20 04:42:10,667 INFO    SenderThread:3186673 [file_stream.py:finish():599] file stream finish is done
2024-10-20 04:42:10,667 INFO    SenderThread:3186673 [sender.py:transition_state():617] send defer: 13
2024-10-20 04:42:10,667 DEBUG   SenderThread:3186673 [sender.py:send_request():409] send_request: poll_exit
2024-10-20 04:42:10,667 DEBUG   HandlerThread:3186673 [handler.py:handle_request():146] handle_request: defer
2024-10-20 04:42:10,668 INFO    HandlerThread:3186673 [handler.py:handle_request_defer():172] handle defer: 13
2024-10-20 04:42:10,668 DEBUG   SenderThread:3186673 [sender.py:send_request():409] send_request: defer
2024-10-20 04:42:10,668 INFO    SenderThread:3186673 [sender.py:send_request_defer():613] handle sender defer: 13
2024-10-20 04:42:10,668 INFO    SenderThread:3186673 [sender.py:transition_state():617] send defer: 14
2024-10-20 04:42:10,668 DEBUG   SenderThread:3186673 [sender.py:send():382] send: final
2024-10-20 04:42:10,668 DEBUG   HandlerThread:3186673 [handler.py:handle_request():146] handle_request: defer
2024-10-20 04:42:10,668 DEBUG   SenderThread:3186673 [sender.py:send():382] send: footer
2024-10-20 04:42:10,668 INFO    HandlerThread:3186673 [handler.py:handle_request_defer():172] handle defer: 14
2024-10-20 04:42:10,669 DEBUG   SenderThread:3186673 [sender.py:send_request():409] send_request: defer
2024-10-20 04:42:10,669 INFO    SenderThread:3186673 [sender.py:send_request_defer():613] handle sender defer: 14
2024-10-20 04:42:10,669 DEBUG   HandlerThread:3186673 [handler.py:handle_request():146] handle_request: poll_exit
2024-10-20 04:42:10,669 DEBUG   SenderThread:3186673 [sender.py:send_request():409] send_request: poll_exit
2024-10-20 04:42:10,670 DEBUG   HandlerThread:3186673 [handler.py:handle_request():146] handle_request: internal_messages
2024-10-20 04:42:10,671 DEBUG   HandlerThread:3186673 [handler.py:handle_request():146] handle_request: server_info
2024-10-20 04:42:10,671 DEBUG   SenderThread:3186673 [sender.py:send_request():409] send_request: server_info
2024-10-20 04:42:10,711 DEBUG   HandlerThread:3186673 [handler.py:handle_request():146] handle_request: get_summary
2024-10-20 04:42:10,711 DEBUG   HandlerThread:3186673 [handler.py:handle_request():146] handle_request: sampled_history
2024-10-20 04:42:10,712 DEBUG   HandlerThread:3186673 [handler.py:handle_request():146] handle_request: job_info
2024-10-20 04:42:10,743 DEBUG   SenderThread:3186673 [sender.py:send_request():409] send_request: job_info
2024-10-20 04:42:10,753 DEBUG   HandlerThread:3186673 [handler.py:handle_request():146] handle_request: shutdown
2024-10-20 04:42:10,753 INFO    HandlerThread:3186673 [handler.py:finish():866] shutting down handler
2024-10-20 04:42:11,712 INFO    WriterThread:3186673 [datastore.py:close():294] close: /data/ljc/aq/hw2/p2/wandb/run-20241020_035254-40nt4ean/run-40nt4ean.wandb
2024-10-20 04:42:11,743 INFO    SenderThread:3186673 [sender.py:finish():1548] shutting down sender
2024-10-20 04:42:11,743 INFO    SenderThread:3186673 [file_pusher.py:finish():175] shutting down file pusher
2024-10-20 04:42:11,743 INFO    SenderThread:3186673 [file_pusher.py:join():181] waiting for file pusher
