ID,Label
0,0.4606732130050659
1,0.5836777687072754
2,0.4432106018066406
3,0.37344735860824585
4,0.6344743967056274
5,0.5895264744758606
6,0.38874971866607666
7,0.35257336497306824
8,0.6205401420593262
9,0.8014645576477051
10,0.5996782779693604
11,0.6288576126098633
12,0.49939003586769104
13,0.43730199337005615
14,0.8421781063079834
15,0.4474468231201172
16,0.44761979579925537
17,0.3800472021102905
18,0.3014208674430847
19,0.5809342265129089
20,0.27635279297828674
21,0.6194460391998291
22,0.3019601106643677
23,0.43910151720046997
24,0.3059866428375244
25,0.5495417714118958
26,0.5913244485855103
27,0.5748967528343201
28,0.37784576416015625
29,0.7319366335868835
30,0.6448677182197571
31,0.5191383361816406
32,0.34164005517959595
33,0.5734123587608337
34,0.39301663637161255
35,0.4155067801475525
36,0.33284813165664673
37,0.7871031761169434
38,0.3647531569004059
39,0.738045334815979
40,0.36186644434928894
41,0.5822150707244873
42,0.38449588418006897
43,0.309761106967926
44,0.4494856595993042
45,0.2707478404045105
46,0.39450201392173767
47,0.5843567252159119
48,0.4549281895160675
49,0.30686432123184204
50,0.6856690645217896
51,0.516096830368042
52,0.5538948178291321
53,0.2336522489786148
54,0.5412091016769409
55,0.4670751094818115
56,0.34775233268737793
57,0.29464736580848694
58,0.24734067916870117
59,0.3781875669956207
60,0.5800763368606567
61,0.7961927652359009
62,0.8153281211853027
63,0.4028465151786804
64,0.6748368144035339
65,0.29419615864753723
66,0.6300830841064453
67,0.5237274169921875
68,0.5372664332389832
69,0.513362467288971
70,0.8489180207252502
71,0.5286825895309448
72,0.5217648148536682
73,0.31888020038604736
74,0.27627140283584595
75,0.38791120052337646
76,0.2738434076309204
77,0.33026742935180664
78,0.41176795959472656
79,0.3037830591201782
80,0.37458550930023193
81,0.5796367526054382
82,0.5896089673042297
83,0.43536895513534546
84,0.519150972366333
85,0.3288901448249817
86,0.4641440510749817
87,0.34155336022377014
88,0.5887014865875244
89,0.5560029745101929
90,0.38937026262283325
91,0.38422492146492004
92,0.4166995584964752
93,0.7804446816444397
94,0.6576274037361145
95,0.5373832583427429
96,0.6594806909561157
97,0.6844890117645264
98,0.2986222505569458
99,0.43123453855514526
100,0.27924472093582153
101,0.3380817174911499
102,0.333499014377594
103,0.5620589256286621
104,0.5016990900039673
105,0.6592241525650024
106,0.2611894905567169
107,0.7509312033653259
108,0.688524067401886
109,0.4100843667984009
110,0.5408780574798584
111,0.5746011137962341
112,0.46220317482948303
113,0.3296888470649719
114,0.641380250453949
115,0.33986812829971313
116,0.5136653184890747
117,0.74314284324646
118,0.3906848728656769
119,0.542165219783783
120,0.3375973105430603
121,0.7606463432312012
122,0.7959338426589966
123,0.40308141708374023
124,0.29092320799827576
125,0.5534813404083252
126,0.29875361919403076
127,0.3820808231830597
128,0.4903436601161957
129,0.5468076467514038
130,0.5614068508148193
131,0.6503186225891113
132,0.47317826747894287
133,0.496826708316803
134,0.3743187189102173
135,0.5085633993148804
136,0.39064979553222656
137,0.2375253438949585
138,0.2518083453178406
139,0.6802468299865723
140,0.873568058013916
141,0.7350804805755615
142,0.7603267431259155
143,0.7117006182670593
144,0.42552149295806885
145,0.3588070571422577
146,0.3786024749279022
147,0.12896771728992462
148,0.550740122795105
149,0.7720221281051636
150,0.39628246426582336
151,0.6094469428062439
152,0.2876296639442444
153,0.49061259627342224
154,0.4613715410232544
155,0.4736013412475586
156,0.46092647314071655
157,0.3607814610004425
158,0.47674673795700073
159,0.6437784433364868
160,0.4062604308128357
161,0.4442007541656494
162,0.38350385427474976
163,0.6368951797485352
164,0.28880786895751953
165,0.5794109106063843
166,0.30538612604141235
167,0.5266858339309692
168,0.6559838652610779
169,0.45178791880607605
170,0.695673406124115
171,0.6238536834716797
172,0.4441055655479431
173,0.7504864931106567
174,0.591070830821991
175,0.28866955637931824
176,0.526175856590271
177,0.6497341394424438
178,0.259183794260025
179,0.3889726400375366
180,0.29742205142974854
181,0.21424537897109985
182,0.2275339812040329
183,0.7082816362380981
184,0.38445472717285156
185,0.6257919073104858
186,0.6052052974700928
187,0.41918158531188965
188,0.5885751843452454
189,0.4828900694847107
190,0.6935759782791138
191,0.729036271572113
192,0.7172600030899048
193,0.7990237474441528
194,0.2882135510444641
195,0.5792036056518555
196,0.3347262144088745
197,0.37692469358444214
198,0.6754733920097351
199,0.6571095585823059
200,0.6674505472183228
201,0.6665980815887451
202,0.2981916069984436
203,0.8391047716140747
204,0.7624685764312744
205,0.527808666229248
206,0.49265536665916443
207,0.32922104001045227
208,0.6458221673965454
209,0.23373106122016907
210,0.3346458375453949
211,0.7803555727005005
212,0.6741292476654053
213,0.7414599657058716
214,0.48609232902526855
215,0.4791102707386017
216,0.5767084956169128
217,0.7062610387802124
218,0.6751335263252258
219,0.7117598652839661
220,0.19171233475208282
221,0.34665730595588684
222,0.6208386421203613
223,0.3969947099685669
224,0.21341006457805634
225,0.3415519595146179
226,0.30504047870635986
227,0.3292796015739441
228,0.5651576519012451
229,0.7478243112564087
230,0.5833282470703125
231,0.3395625054836273
232,0.3920223116874695
233,0.3802978992462158
234,0.3378254175186157
235,0.7299841642379761
236,0.2276601791381836
237,0.6813303232192993
238,0.2687745690345764
239,0.36364465951919556
240,0.6267324686050415
241,0.7325935959815979
242,0.31525057554244995
243,0.5515180826187134
244,0.5786705613136292
245,0.49757176637649536
246,0.42160558700561523
247,0.42350947856903076
248,0.525605320930481
249,0.4080418646335602
250,0.25455811619758606
251,0.32065773010253906
252,0.4306315779685974
253,0.39338093996047974
254,0.5175261497497559
255,0.6592197418212891
256,0.36363571882247925
257,0.679219126701355
258,0.5709463953971863
259,0.35106727480888367
260,0.6093505024909973
261,0.641308605670929
262,0.39406293630599976
263,0.21093812584877014
264,0.5867545008659363
265,0.7228721976280212
266,0.47882699966430664
267,0.3132098913192749
268,0.6881178617477417
269,0.6338450908660889
270,0.5092254281044006
271,0.5189799070358276
272,0.4684523940086365
273,0.3037531077861786
274,0.6095213890075684
275,0.7568354606628418
276,0.3763466477394104
277,0.46212446689605713
278,0.3981332778930664
279,0.7009601593017578
280,0.5094461441040039
281,0.7842633724212646
282,0.3497956395149231
283,0.6737759113311768
284,0.34661951661109924
285,0.4535665512084961
286,0.46238774061203003
287,0.43067383766174316
288,0.290863037109375
289,0.7119295001029968
290,0.514240026473999
291,0.3488181233406067
292,0.42462635040283203
293,0.6806608438491821
294,0.33503788709640503
295,0.6690104007720947
296,0.5157135725021362
297,0.30357134342193604
298,0.3492736518383026
299,0.4928961992263794
300,0.7471312284469604
301,0.5673338174819946
302,0.46719688177108765
303,0.6528615951538086
304,0.3949753940105438
305,0.5904527902603149
306,0.598621129989624
307,0.5709773302078247
308,0.4095801115036011
309,0.4600185751914978
310,0.6797530055046082
311,0.4082062840461731
312,0.3421984314918518
313,0.6130547523498535
314,0.24679043889045715
315,0.34244418144226074
316,0.501810610294342
317,0.26856619119644165
318,0.47797101736068726
319,0.29441216588020325
320,0.6640051007270813
321,0.3667371869087219
322,0.3244168162345886
323,0.6301687359809875
324,0.5822538137435913
325,0.48538193106651306
326,0.3808145225048065
327,0.8404168486595154
328,0.40925198793411255
329,0.4275670051574707
330,0.3543781638145447
331,0.3405410051345825
332,0.4090993404388428
333,0.28926315903663635
334,0.37373363971710205
335,0.3015404939651489
336,0.4871824383735657
337,0.6665759086608887
338,0.5226163864135742
339,0.668170690536499
340,0.3944445252418518
341,0.3439220190048218
342,0.7320632934570312
343,0.7683656215667725
344,0.5505118370056152
345,0.6541810035705566
346,0.7358382940292358
347,0.45292699337005615
348,0.8125627040863037
349,0.4366203844547272
350,0.4201660752296448
351,0.3830627501010895
352,0.6335976123809814
353,0.5402304530143738
354,0.6069098711013794
355,0.4326457977294922
356,0.25011003017425537
357,0.49945682287216187
358,0.7003506422042847
359,0.5495438575744629
360,0.7108219861984253
361,0.6166664361953735
362,0.46289294958114624
363,0.25659042596817017
364,0.3065569996833801
365,0.5216248631477356
366,0.4730849862098694
367,0.6643925905227661
368,0.3727796971797943
369,0.2798154354095459
370,0.4065206050872803
371,0.441649854183197
372,0.422113835811615
373,0.4077572822570801
374,0.4706767499446869
375,0.28144577145576477
376,0.5266354084014893
377,0.47539764642715454
378,0.6024855375289917
379,0.5281838774681091
380,0.25257211923599243
381,0.3292533755302429
382,0.6090673208236694
383,0.5606074333190918
384,0.4298226833343506
385,0.3621085286140442
386,0.26887667179107666
387,0.3757421672344208
388,0.3665664792060852
389,0.23910576105117798
390,0.35275155305862427
391,0.39788126945495605
392,0.8079396486282349
393,0.32809749245643616
394,0.7094665765762329
395,0.41341108083724976
396,0.31256166100502014
397,0.6273505687713623
398,0.6910722851753235
399,0.3090156316757202
400,0.23502451181411743
401,0.3629230260848999
402,0.6296567916870117
403,0.5236660838127136
404,0.329670786857605
405,0.6004879474639893
406,0.5827380418777466
407,0.39700305461883545
408,0.4688217341899872
409,0.27110767364501953
410,0.2703510522842407
411,0.47365498542785645
412,0.7303262948989868
413,0.3813042938709259
414,0.7032845616340637
415,0.6359232068061829
416,0.5370632410049438
417,0.6324651837348938
418,0.530138373374939
419,0.3375753164291382
420,0.3463687002658844
421,0.34783273935317993
422,0.7207503318786621
423,0.4931092858314514
424,0.5499075055122375
425,0.3223404288291931
426,0.40514665842056274
427,0.5616422891616821
428,0.678959846496582
429,0.6735156774520874
430,0.5517351627349854
431,0.4396577477455139
432,0.30646032094955444
433,0.3071928918361664
434,0.4281986951828003
435,0.40621888637542725
436,0.6590138673782349
437,0.39996537566185
438,0.4131651818752289
439,0.5195656418800354
440,0.3928973078727722
441,0.458278626203537
442,0.49119439721107483
443,0.32981792092323303
444,0.4213408827781677
445,0.26091647148132324
446,0.33349958062171936
447,0.24070438742637634
448,0.6045756340026855
449,0.654303789138794
450,0.6928317546844482
451,0.4476108253002167
452,0.3710591495037079
453,0.7726473808288574
454,0.8690091371536255
455,0.4007869064807892
456,0.27700984477996826
457,0.5926351547241211
458,0.7010244131088257
459,0.37954825162887573
460,0.5467743277549744
461,0.49389657378196716
462,0.6743829250335693
463,0.34568285942077637
464,0.7534646391868591
465,0.48485302925109863
466,0.3537653386592865
467,0.3178751468658447
468,0.748450517654419
469,0.44565820693969727
470,0.3852824866771698
471,0.7916677594184875
472,0.3774240016937256
473,0.43616095185279846
474,0.7008581161499023
475,0.4621058702468872
476,0.4270169734954834
477,0.23083221912384033
478,0.6083927154541016
479,0.44766661524772644
480,0.6901327967643738
481,0.4681116044521332
482,0.3807816505432129
483,0.31545791029930115
484,0.6018808484077454
485,0.20610953867435455
486,0.2730441987514496
487,0.5156068205833435
488,0.5569374561309814
489,0.5772005915641785
490,0.4842528700828552
491,0.3340650200843811
492,0.2167760729789734
493,0.9749460816383362
494,0.7176581621170044
495,0.444358766078949
496,0.309220552444458
497,0.26817765831947327
498,0.3670438230037689
499,0.433648943901062
500,0.3385160267353058
501,0.6947048306465149
502,0.3074437975883484
503,0.34047961235046387
504,0.3658893406391144
505,0.17486891150474548
506,0.48188018798828125
507,0.44014477729797363
508,0.5544650554656982
509,0.637244701385498
510,0.45128127932548523
511,0.7133054733276367
512,0.37792980670928955
513,0.5260636806488037
514,0.39403653144836426
515,0.4624534845352173
516,0.2788500189781189
517,0.31905949115753174
518,0.4405447840690613
519,0.5382378101348877
520,0.28875723481178284
521,0.49780258536338806
522,0.4798898696899414
523,0.34636157751083374
524,0.5298029184341431
525,0.3813849687576294
526,0.6926686763763428
527,0.37835991382598877
528,0.538474977016449
529,0.5964972972869873
530,0.35943603515625
531,0.6627168655395508
532,0.6546273231506348
533,0.5500128269195557
534,0.4769631326198578
535,0.3201846480369568
536,0.6071396470069885
537,0.7187892198562622
538,0.6260071992874146
539,0.9790414571762085
540,0.4518722891807556
541,0.3513721227645874
542,0.6532166004180908
543,0.21312648057937622
544,0.31041795015335083
545,0.5918411016464233
546,0.3923180103302002
547,0.3185729384422302
548,0.2576490044593811
549,0.6245613694190979
550,0.569995105266571
551,0.25055474042892456
552,0.3205970525741577
553,0.33247512578964233
554,0.228324294090271
555,0.3240737318992615
556,0.504146158695221
557,0.2847609221935272
558,0.43728339672088623
559,0.8051809668540955
560,0.4005017876625061
561,0.38418322801589966
562,0.26993483304977417
563,0.42184382677078247
564,0.19591748714447021
565,0.6402313113212585
566,0.6158420443534851
567,0.36294007301330566
568,0.6324613094329834
569,0.6318671703338623
570,0.5831174850463867
571,0.4546163082122803
572,0.4761068522930145
573,0.3930993676185608
574,0.7615540027618408
575,0.24411341547966003
576,0.668617844581604
577,0.6679989695549011
578,0.3984892666339874
579,0.2839077115058899
580,0.2680117189884186
581,0.3922640085220337
582,0.2663159668445587
583,0.38417983055114746
584,0.3438517451286316
585,0.6689389944076538
586,0.44463521242141724
587,0.3819510340690613
588,0.44626179337501526
589,0.5022104978561401
590,0.43114787340164185
591,0.2909856140613556
592,0.33192765712738037
593,0.21927772462368011
594,0.5217380523681641
595,0.4942692518234253
596,0.6593783497810364
597,0.5773564577102661
598,0.6159051656723022
599,0.6601027250289917
600,0.5449576377868652
601,0.34524938464164734
602,0.31052157282829285
603,0.26128631830215454
604,0.3764333128929138
605,0.48635903000831604
606,0.5393785238265991
607,0.5756125450134277
608,0.56022047996521
609,0.588592529296875
610,0.355940043926239
611,0.4537198543548584
612,0.6324893236160278
613,0.5909473896026611
614,0.573572039604187
615,0.5243436694145203
616,0.34833458065986633
617,0.5697485208511353
618,0.6238671541213989
619,0.3549096882343292
620,0.31598326563835144
621,0.39257174730300903
622,0.370272159576416
623,0.28874632716178894
624,0.464271605014801
625,0.3439129590988159
626,0.2680361270904541
627,0.6458615064620972
628,0.6377493143081665
629,0.3520527482032776
630,0.6020435094833374
631,0.7099838256835938
632,0.48582932353019714
633,0.3730672001838684
634,0.3123829960823059
635,0.43399113416671753
636,0.45672792196273804
637,0.3430142104625702
638,0.4212798476219177
639,0.4007607102394104
640,0.319568395614624
641,0.3749130964279175
642,0.3058134615421295
643,0.4781501889228821
644,0.35619500279426575
645,0.7710365056991577
646,0.8208937644958496
647,0.3461102247238159
648,0.7675409913063049
649,0.3771178126335144
650,0.5920394659042358
651,0.37711775302886963
652,0.40176668763160706
653,0.6993268728256226
654,0.589687705039978
655,0.5006537437438965
656,0.8402175903320312
657,0.3675551116466522
658,0.39293473958969116
659,0.48875105381011963
660,0.5765994191169739
661,0.4454946219921112
662,0.25698113441467285
663,0.4107401371002197
664,0.36592093110084534
665,0.34337761998176575
666,0.6958185434341431
667,0.30717185139656067
668,0.5485355257987976
669,0.6587145328521729
670,0.3188249468803406
671,0.6038722395896912
672,0.8692101240158081
673,0.6124488115310669
674,0.46951302886009216
675,0.4890560507774353
676,0.38065868616104126
677,0.700164794921875
678,0.4342053234577179
679,0.6144721508026123
680,0.3722609877586365
681,0.3322339951992035
682,0.5443816781044006
683,0.36936044692993164
684,0.2796245515346527
685,0.6227688193321228
686,0.31333115696907043
687,0.39650464057922363
688,0.47402092814445496
689,0.5653631687164307
690,0.8394285440444946
691,0.32102349400520325
692,0.2328314483165741
693,0.5627785921096802
694,0.4300437569618225
695,0.3112447261810303
696,0.6754730343818665
697,0.4729141592979431
698,0.41366106271743774
699,0.37616318464279175
700,0.6488909721374512
701,0.40104591846466064
702,0.22677241265773773
703,0.6606206893920898
704,0.4122120141983032
705,0.4461151361465454
706,0.47215956449508667
707,0.29070186614990234
708,0.6617403030395508
709,0.6034056544303894
710,0.30585718154907227
711,0.37144824862480164
712,0.36822205781936646
713,0.45101234316825867
714,0.25646620988845825
715,0.327226459980011
716,0.3024311363697052
717,0.28544819355010986
718,0.6384618282318115
719,0.585425853729248
720,0.500027060508728
721,0.39720818400382996
722,0.5611380338668823
723,0.23781535029411316
724,0.3796120584011078
725,0.21005553007125854
726,0.4169776439666748
727,0.2842535078525543
728,0.5005566477775574
729,0.4074465036392212
730,0.5501932501792908
731,0.6229498982429504
732,0.252267062664032
733,0.5402219295501709
734,0.5394205451011658
735,0.5248398780822754
736,0.6086488366127014
737,0.519142746925354
738,0.2466142177581787
739,0.33598244190216064
740,0.36716681718826294
741,0.5623294115066528
742,0.685921847820282
743,0.7013726234436035
744,0.2623148560523987
745,0.4584785997867584
746,0.589781641960144
747,0.2789187431335449
748,0.2735210359096527
749,0.366560697555542
750,0.2697053551673889
751,0.6170915365219116
752,0.5530850887298584
753,0.37962016463279724
754,0.6404026746749878
755,0.4803623855113983
756,0.2884243130683899
757,0.5461640357971191
758,0.3306954503059387
759,0.5950367450714111
760,0.31325972080230713
761,0.427288293838501
762,0.6129060983657837
763,0.31676703691482544
764,0.3517778813838959
765,0.4452431797981262
766,0.3908749222755432
767,0.3452517092227936
768,0.6964070796966553
769,0.22816720604896545
770,0.400279700756073
771,0.5912790298461914
772,0.5558520555496216
773,0.6392083764076233
774,0.4869024157524109
775,0.2574723958969116
776,0.47789865732192993
777,0.635118305683136
778,0.6217885613441467
779,0.39960306882858276
780,0.5064560174942017
781,0.4640970230102539
782,0.30630791187286377
783,0.543032705783844
784,0.466464638710022
785,0.36353600025177
786,0.37738001346588135
787,0.346855491399765
788,0.3280879855155945
789,0.39803850650787354
790,0.5394680500030518
791,0.6159278154373169
792,0.7111344337463379
793,0.4359927773475647
794,0.6451285481452942
795,0.39667585492134094
796,0.40073928236961365
797,0.6938214302062988
798,0.7229551076889038
799,0.6868377923965454
800,0.250241219997406
801,0.84303879737854
802,0.40867921710014343
803,0.6889138221740723
804,0.4483462870121002
805,0.48667147755622864
806,0.5118438005447388
807,0.5521275997161865
808,0.21593482792377472
809,0.5768479108810425
810,0.31061065196990967
811,0.4454842209815979
812,0.5977240800857544
813,0.395599365234375
814,0.4860600233078003
815,0.5225704908370972
816,0.22387094795703888
817,0.38637739419937134
818,0.5634238719940186
819,0.21064290404319763
820,0.5552557110786438
821,0.6405240297317505
822,0.7622914910316467
823,0.20309995114803314
824,0.23731601238250732
825,0.5494982600212097
826,0.4437430500984192
827,0.6957020163536072
828,0.33736705780029297
829,0.705803632736206
830,0.34575560688972473
831,0.6193833351135254
832,0.36904922127723694
833,0.6505351066589355
834,0.5604317784309387
835,0.6552843451499939
836,0.27948862314224243
837,0.6903836727142334
838,0.3749169707298279
839,0.2113915979862213
840,0.34294357895851135
841,0.6097292900085449
842,0.5845556855201721
843,0.828799843788147
844,0.40843889117240906
845,0.4451453983783722
846,0.5216965675354004
847,0.5200905799865723
848,0.6985839009284973
849,0.713243305683136
850,0.4345080256462097
851,0.4185483753681183
852,0.330168753862381
853,0.5593562126159668
854,0.802395224571228
855,0.6318349838256836
856,0.5348522067070007
857,0.4888457953929901
858,0.7513031959533691
859,0.5669538974761963
860,0.745909571647644
861,0.5206025242805481
862,0.6948342323303223
863,0.31298092007637024
864,0.7743792533874512
865,0.33247268199920654
866,0.6323474645614624
867,0.6146283149719238
868,0.730726957321167
869,0.7184666395187378
870,0.5361873507499695
871,0.7433298826217651
872,0.48928943276405334
873,0.5656633377075195
874,0.5286880135536194
875,0.16725732386112213
876,0.5831121802330017
877,0.4492388367652893
878,0.3292083442211151
879,0.4781973958015442
880,0.6534675359725952
881,0.5308138728141785
882,0.2798980176448822
883,0.33202293515205383
884,0.36962634325027466
885,0.7354204654693604
886,0.337088406085968
887,0.4862671196460724
888,0.8290280699729919
889,0.36458176374435425
890,0.4502296447753906
891,0.6894179582595825
892,0.24902844429016113
893,0.5955613851547241
894,0.35933154821395874
895,0.6773681044578552
896,0.6910209655761719
897,0.4227824807167053
898,0.48692867159843445
899,0.22180980443954468
900,0.523353099822998
901,0.3249429762363434
902,0.3771509826183319
903,0.37044739723205566
904,0.7072262167930603
905,0.7443850040435791
906,0.3814955949783325
907,0.31202176213264465
908,0.3935457468032837
909,0.34516072273254395
910,0.6222585439682007
911,0.386984646320343
912,0.3527468144893646
913,0.7729777097702026
914,0.2861085534095764
915,0.47586703300476074
916,0.7010781168937683
917,0.39525848627090454
918,0.3792097568511963
919,0.4014124870300293
920,0.3262006342411041
921,0.7320051193237305
922,0.4389559030532837
923,0.5350964069366455
924,0.48467767238616943
925,0.5046677589416504
926,0.8155974745750427
927,0.6027390956878662
928,0.34703218936920166
929,0.20407319068908691
930,0.4701029658317566
931,0.5897427797317505
932,0.38783174753189087
933,0.2855541408061981
934,0.4709155261516571
935,0.2123325765132904
936,0.38836193084716797
937,0.7165408730506897
938,0.6129500865936279
939,0.30067235231399536
940,0.3846900463104248
941,0.6110795736312866
942,0.28362005949020386
943,0.6148101091384888
944,0.5021296739578247
945,0.29922470450401306
946,0.24393241107463837
947,0.5188384652137756
948,0.3114636242389679
949,0.6774426698684692
950,0.7364060878753662
951,0.23237156867980957
952,0.4479827880859375
953,0.5915180444717407
954,0.5828907489776611
955,0.26073890924453735
956,0.532638430595398
957,0.5509461164474487
958,0.4435284435749054
959,0.7605065107345581
960,0.5645416975021362
961,0.6940637826919556
962,0.5066670179367065
963,0.6752339601516724
964,0.5772290229797363
965,0.6750192642211914
966,0.40241503715515137
967,0.34514179825782776
968,0.3753810524940491
969,0.3034118413925171
970,0.8871043920516968
971,0.22836782038211823
972,0.7671563625335693
973,0.38422930240631104
974,0.40412938594818115
975,0.5184617042541504
976,0.3864949643611908
977,0.4472326338291168
978,0.31343674659729004
979,0.5903913378715515
980,0.37203967571258545
981,0.6484229564666748
982,0.6909017562866211
983,0.3301875591278076
984,0.33308732509613037
985,0.45012038946151733
986,0.5280565023422241
987,0.45362138748168945
988,0.4634038805961609
989,0.4464835524559021
990,0.2582400441169739
991,0.31528881192207336
992,0.6612070202827454
993,0.7442158460617065
994,0.31512126326560974
995,0.6522550582885742
996,0.6566730737686157
997,0.3806963562965393
998,0.7012201547622681
999,0.7421754002571106
1000,0.4595475494861603
1001,0.40557414293289185
1002,0.3752579391002655
1003,0.4370378255844116
1004,0.8422252535820007
1005,0.3939869999885559
1006,0.4135090410709381
1007,0.3523062467575073
1008,0.28257128596305847
1009,0.43271881341934204
1010,0.6053329706192017
1011,0.44830912351608276
1012,0.38885825872421265
1013,0.3706374168395996
1014,0.3202309012413025
1015,0.4646362066268921
1016,0.4784752130508423
1017,0.3413657546043396
1018,0.32535722851753235
1019,0.5176481604576111
1020,0.4211978316307068
1021,0.41356974840164185
1022,0.48696255683898926
1023,0.4163241684436798
1024,0.5553417801856995
1025,0.30306240916252136
1026,0.5195462703704834
1027,0.36861056089401245
1028,0.8443851470947266
1029,0.555660605430603
1030,0.3160577416419983
1031,0.5722577571868896
1032,0.5968512296676636
1033,0.700686514377594
1034,0.40830057859420776
1035,0.7565230131149292
1036,0.4424775242805481
1037,0.46732252836227417
1038,0.6218872666358948
1039,0.6199082732200623
1040,0.7510984539985657
1041,0.34335988759994507
1042,0.36679452657699585
1043,0.7410172820091248
1044,0.2047906070947647
1045,0.4068371653556824
1046,0.44416460394859314
1047,0.4344409108161926
1048,0.4276047945022583
1049,0.6412304043769836
1050,0.6978251934051514
1051,0.3599322438240051
1052,0.7262632846832275
1053,0.6869991421699524
1054,0.5041118860244751
1055,0.42308980226516724
1056,0.2739211320877075
1057,0.31508082151412964
1058,0.7503408789634705
1059,0.48249441385269165
1060,0.6098994016647339
1061,0.28046971559524536
1062,0.4280376434326172
1063,0.2854558229446411
1064,0.6163610219955444
1065,0.39843371510505676
1066,0.5038635730743408
1067,0.5260521173477173
1068,0.4805144965648651
1069,0.424520879983902
1070,0.2982514500617981
1071,0.33655881881713867
1072,0.2816775441169739
1073,0.23587599396705627
1074,0.3456541895866394
1075,0.3877698481082916
1076,0.7785485982894897
1077,0.5490757822990417
1078,0.5009881258010864
1079,0.80317223072052
1080,0.32910802960395813
1081,0.3437153697013855
1082,0.3467458486557007
1083,0.41276875138282776
1084,0.5691046714782715
1085,0.48969823122024536
1086,0.81510329246521
1087,0.2078382819890976
1088,0.40975478291511536
1089,0.4859549403190613
1090,0.7739320993423462
1091,0.576123058795929
1092,0.29710543155670166
1093,0.7309982776641846
1094,0.4310387372970581
1095,0.48072919249534607
1096,0.6868135929107666
1097,0.5044198036193848
1098,0.31767821311950684
1099,0.5442588925361633
1100,0.5318306684494019
1101,0.8955702185630798
1102,0.3461916446685791
1103,0.36832621693611145
1104,0.48541343212127686
1105,0.5175374746322632
1106,0.4498785734176636
1107,0.5822633504867554
1108,0.15290261805057526
1109,0.48681169748306274
1110,0.763756275177002
1111,0.570573091506958
1112,0.5906618237495422
1113,0.6202747821807861
1114,0.3494003117084503
1115,0.5774538516998291
1116,0.2844615876674652
1117,0.7337440252304077
1118,0.654342770576477
1119,0.7576134204864502
1120,0.3175175189971924
1121,0.5069658160209656
1122,0.34270086884498596
1123,0.24467206001281738
1124,0.5677627325057983
1125,0.4784572124481201
1126,0.5025089979171753
1127,0.6377193331718445
1128,0.24548913538455963
1129,0.33713042736053467
1130,0.3949022889137268
1131,0.5299205183982849
1132,0.7017065286636353
1133,0.2937639355659485
1134,0.3044503927230835
1135,0.49615079164505005
1136,0.6873538494110107
1137,0.292688250541687
1138,0.19685286283493042
1139,0.42176806926727295
1140,0.40920525789260864
1141,0.29439792037010193
1142,0.4769904613494873
1143,0.39853763580322266
1144,0.647591769695282
1145,0.6434361338615417
1146,0.4555351734161377
1147,0.4466453194618225
1148,0.2900876998901367
1149,0.5720452070236206
1150,0.35427457094192505
1151,0.6053909063339233
1152,0.5304760932922363
1153,0.3903144598007202
1154,0.7859014272689819
1155,0.44507795572280884
1156,0.30100759863853455
1157,0.649387776851654
1158,0.41412338614463806
1159,0.5031545162200928
1160,0.6794191598892212
1161,0.7260310649871826
1162,0.5573738217353821
1163,0.5339318513870239
1164,0.5869406461715698
1165,0.2969178557395935
1166,0.5507333278656006
1167,0.5747473239898682
1168,0.3032664656639099
1169,0.3569229543209076
1170,0.32849058508872986
1171,0.3857934772968292
1172,0.5722326040267944
1173,0.2989460527896881
1174,0.7559527158737183
1175,0.6309218406677246
1176,0.4969802498817444
1177,0.453380823135376
1178,0.3954833745956421
1179,0.5156766772270203
1180,0.7073063850402832
1181,0.39679473638534546
1182,0.2793656587600708
1183,0.30168166756629944
1184,0.22733937203884125
1185,0.5131237506866455
1186,0.2802571654319763
1187,0.4985625743865967
1188,0.36750468611717224
1189,0.5452635288238525
1190,0.6507315039634705
1191,0.6000114679336548
1192,0.4613136053085327
1193,0.38725319504737854
1194,0.33174893260002136
1195,0.52298504114151
1196,0.8424713611602783
1197,0.3520141839981079
1198,0.5379900932312012
1199,0.7469245195388794
1200,0.5529837012290955
1201,0.1828363835811615
1202,0.5028864145278931
1203,0.4240344166755676
1204,0.3634025454521179
1205,0.40717193484306335
1206,0.7124980688095093
1207,0.4029483199119568
1208,0.2394654005765915
1209,0.23825031518936157
1210,0.5746886730194092
1211,0.3156436085700989
1212,0.44418245553970337
1213,0.31661057472229004
1214,0.6598083972930908
1215,0.7284937500953674
1216,0.25380444526672363
1217,0.587112307548523
1218,0.49864596128463745
1219,0.5094542503356934
1220,0.386801540851593
1221,0.5187538862228394
1222,0.8015629649162292
1223,0.3686450123786926
1224,0.22450648248195648
1225,0.4416971802711487
1226,0.4870137870311737
1227,0.3064224123954773
1228,0.32950782775878906
1229,0.35855382680892944
1230,0.22162169218063354
1231,0.250169038772583
1232,0.673438549041748
1233,0.5245446562767029
1234,0.5309543609619141
1235,0.7758004665374756
1236,0.3339632451534271
1237,0.7281440496444702
1238,0.6166728734970093
1239,0.5679505467414856
1240,0.6607053875923157
1241,0.5092257261276245
1242,0.333054780960083
1243,0.7599455118179321
1244,0.4770541191101074
1245,0.3484652638435364
1246,0.8133094310760498
1247,0.54287189245224
1248,0.32253730297088623
1249,0.4400390386581421
1250,0.44994452595710754
1251,0.5491207242012024
1252,0.35572895407676697
1253,0.39573296904563904
1254,0.7325979471206665
1255,0.283125102519989
1256,0.4068751633167267
1257,0.6309971809387207
1258,0.8400146961212158
1259,0.37280696630477905
1260,0.4775894582271576
1261,0.5752418637275696
1262,0.5378441214561462
1263,0.39157190918922424
1264,0.683197557926178
1265,0.36786073446273804
1266,0.5342453718185425
1267,0.4760975241661072
1268,0.5978795289993286
1269,0.3836914300918579
1270,0.40824568271636963
1271,0.2658236026763916
1272,0.26147329807281494
1273,0.424712210893631
1274,0.2583373188972473
1275,0.40729618072509766
1276,0.8040910959243774
1277,0.3020849823951721
1278,0.5569943189620972
1279,0.4048660695552826
1280,0.3586632013320923
1281,0.2535136938095093
1282,0.5577124357223511
1283,0.48685190081596375
1284,0.39644426107406616
1285,0.437359094619751
1286,0.6345899105072021
1287,0.2712385356426239
1288,0.2766915559768677
1289,0.5345873832702637
1290,0.2567886710166931
1291,0.6299476623535156
1292,0.6491578817367554
1293,0.29509687423706055
1294,0.41832923889160156
1295,0.21073254942893982
1296,0.5671926736831665
1297,0.4079223871231079
1298,0.5166898369789124
1299,0.21710774302482605
1300,0.3109140396118164
1301,0.7432713508605957
1302,0.3930206894874573
1303,0.17324760556221008
1304,0.7420420050621033
1305,0.46072179079055786
1306,0.7589405179023743
1307,0.6874755620956421
1308,0.6153572797775269
1309,0.4275624752044678
1310,0.6364688873291016
1311,0.37191158533096313
1312,0.4367312490940094
1313,0.730504035949707
1314,0.6381689310073853
1315,0.8352832198143005
1316,0.7361430525779724
1317,0.554190993309021
1318,0.4031803607940674
1319,0.3685287833213806
1320,0.8402913808822632
1321,0.33825990557670593
1322,0.83663010597229
1323,0.46933040022850037
1324,0.513312041759491
1325,0.6962704062461853
1326,0.40122807025909424
1327,0.5510732531547546
1328,0.39682742953300476
1329,0.29008036851882935
1330,0.505619466304779
1331,0.30719488859176636
1332,0.2000071257352829
1333,0.3273218274116516
1334,0.41051000356674194
1335,0.5800768733024597
1336,0.5197842121124268
1337,0.3779982328414917
1338,0.42896556854248047
1339,0.3808680772781372
1340,0.3254576027393341
1341,0.3989495635032654
1342,0.2619553208351135
1343,0.4234883487224579
1344,0.26710426807403564
1345,0.4139009118080139
1346,0.5264526009559631
1347,0.6365336179733276
1348,0.3925790786743164
1349,0.6811436414718628
1350,0.7551911473274231
1351,0.37129300832748413
1352,0.39482900500297546
1353,0.5246187448501587
1354,0.4143451452255249
1355,0.377086877822876
1356,0.377159059047699
1357,0.6172276139259338
1358,0.30175310373306274
1359,0.3429185748100281
1360,0.36408737301826477
1361,0.2782636284828186
1362,0.28185924887657166
1363,0.3441097140312195
1364,0.7057220339775085
1365,0.44696512818336487
1366,0.44529989361763
1367,0.40983933210372925
1368,0.664455235004425
1369,0.605690062046051
1370,0.3633670210838318
1371,0.20265305042266846
1372,0.6048150062561035
1373,0.43415936827659607
1374,0.3163563013076782
1375,0.3578225374221802
1376,0.63969486951828
1377,0.3373202085494995
1378,0.3033968210220337
1379,0.4079430103302002
1380,0.7019048929214478
1381,0.22482609748840332
1382,0.44085070490837097
1383,0.3656642436981201
1384,0.6502773761749268
1385,0.5116986036300659
1386,0.5846222639083862
1387,0.551432192325592
1388,0.6409174203872681
1389,0.621530294418335
1390,0.577869176864624
1391,0.6525022983551025
1392,0.24589350819587708
1393,0.46699655055999756
1394,0.6513468027114868
1395,0.4560152590274811
1396,0.486851304769516
1397,0.511804461479187
1398,0.3749394714832306
1399,0.5998928546905518
1400,0.6898546814918518
1401,0.556459903717041
1402,0.406430721282959
1403,0.35496413707733154
1404,0.3179013133049011
1405,0.7542065382003784
1406,0.3421262502670288
1407,0.9241824150085449
1408,0.8469378352165222
1409,0.5529716610908508
1410,0.34352609515190125
1411,0.6516536474227905
1412,0.7537681460380554
1413,0.22317036986351013
1414,0.5723167657852173
1415,0.569088339805603
1416,0.7417972087860107
1417,0.2719390392303467
1418,0.47322407364845276
1419,0.38745784759521484
1420,0.6830735206604004
1421,0.5393834114074707
1422,0.42025837302207947
1423,0.49608686566352844
1424,0.4881792366504669
1425,0.5703837275505066
1426,0.5737067461013794
1427,0.5691229104995728
1428,0.628125011920929
1429,0.37859439849853516
1430,0.18253454566001892
1431,0.43704643845558167
1432,0.6418517827987671
1433,0.506878137588501
1434,0.4590092599391937
1435,0.3834259808063507
1436,0.398255854845047
1437,0.41078630089759827
1438,0.3325812816619873
1439,0.5985010862350464
1440,0.8442723751068115
1441,0.3883278965950012
1442,0.37369486689567566
1443,0.6703923940658569
1444,0.3286827802658081
1445,0.5131962895393372
1446,0.59876549243927
1447,0.5490337610244751
1448,0.31467780470848083
1449,0.7307242155075073
1450,0.8550216555595398
1451,0.3674360513687134
1452,0.17240296304225922
1453,0.4983139634132385
1454,0.35805413126945496
1455,0.28001368045806885
1456,0.4633101224899292
1457,0.40279680490493774
1458,0.31940746307373047
1459,0.4668184220790863
1460,0.3799159824848175
1461,0.21774084866046906
1462,0.26524439454078674
1463,0.6640864014625549
1464,0.37025970220565796
1465,0.21064209938049316
1466,0.7055692672729492
1467,0.5509430766105652
1468,0.3867461085319519
1469,0.7241692543029785
1470,0.61313796043396
1471,0.5014386177062988
1472,0.4060470461845398
1473,0.3307531177997589
1474,0.615024745464325
1475,0.5503280758857727
1476,0.42835402488708496
1477,0.3477436602115631
1478,0.37184590101242065
1479,0.2777932286262512
1480,0.3882271647453308
1481,0.24532495439052582
1482,0.32412007451057434
1483,0.6716970205307007
1484,0.4051056504249573
1485,0.274684339761734
1486,0.8001320362091064
1487,0.3844291865825653
1488,0.24539616703987122
1489,0.15932148694992065
1490,0.26036274433135986
1491,0.4073144197463989
1492,0.2929500341415405
1493,0.553263783454895
1494,0.31015434861183167
1495,0.31816351413726807
1496,0.33897295594215393
1497,0.705825924873352
1498,0.37143462896347046
1499,0.3991175889968872
1500,0.6933474540710449
1501,0.5100105404853821
1502,0.36711448431015015
1503,0.6011427640914917
1504,0.6279944181442261
1505,0.31188738346099854
1506,0.6413893699645996
1507,0.7248625755310059
1508,0.7324147820472717
1509,0.5021160244941711
1510,0.40810391306877136
1511,0.6496580839157104
1512,0.4758286774158478
1513,0.3619075417518616
1514,0.5605797171592712
1515,0.4055860638618469
1516,0.3379594683647156
1517,0.4961511492729187
1518,0.4517143964767456
1519,0.4257475733757019
1520,0.4173232913017273
1521,0.44954168796539307
1522,0.5304797887802124
1523,0.581745982170105
1524,0.49978500604629517
1525,0.47127819061279297
1526,0.35807186365127563
1527,0.5253782272338867
1528,0.3592057526111603
1529,0.611076831817627
1530,0.9145329594612122
1531,0.553273618221283
1532,0.41523510217666626
1533,0.6026811003684998
1534,0.35769814252853394
1535,0.5928802490234375
1536,0.36177754402160645
1537,0.8165616989135742
1538,0.608659565448761
1539,0.411640465259552
1540,0.514024019241333
1541,0.5461946725845337
1542,0.8692461848258972
1543,0.8399227857589722
1544,0.2863016724586487
1545,0.7164525985717773
1546,0.28082776069641113
1547,0.2738286256790161
1548,0.6915453672409058
1549,0.5516538619995117
1550,0.5090235471725464
1551,0.6299020648002625
1552,0.6775654554367065
1553,0.7681857943534851
1554,0.7546981573104858
1555,0.3702083230018616
1556,0.3612811267375946
1557,0.5441169738769531
1558,0.5044990181922913
1559,0.5793830156326294
1560,0.2999941408634186
1561,0.30067360401153564
1562,0.24959327280521393
1563,0.4313599169254303
1564,0.35739412903785706
1565,0.4015113115310669
1566,0.5807188749313354
1567,0.5849772691726685
1568,0.360922247171402
1569,0.6226922273635864
1570,0.7498487234115601
1571,0.44845104217529297
1572,0.5025292634963989
1573,0.5325741767883301
1574,0.28114229440689087
1575,0.598699688911438
1576,0.5874450206756592
1577,0.503477156162262
1578,0.42486831545829773
1579,0.5716680288314819
1580,0.6368283629417419
1581,0.8124339580535889
1582,0.5558670163154602
1583,0.6683765649795532
1584,0.575937032699585
1585,0.3458016812801361
1586,0.7510232925415039
1587,0.2405514121055603
1588,0.22394070029258728
1589,0.4315217435359955
1590,0.2724321186542511
1591,0.53107750415802
1592,0.6276035904884338
1593,0.22062909603118896
1594,0.5079174041748047
1595,0.38070639967918396
1596,0.286886990070343
1597,0.726016104221344
1598,0.38327276706695557
1599,0.2732027769088745
1600,0.7086324691772461
1601,0.34500986337661743
1602,0.3088366687297821
1603,0.2702215909957886
1604,0.31394875049591064
1605,0.5622053146362305
1606,0.9076945781707764
1607,0.2962304651737213
1608,0.3767227232456207
1609,0.2841348648071289
1610,0.5936639308929443
1611,0.6399420499801636
1612,0.8265323638916016
1613,0.6081360578536987
1614,0.6527664661407471
1615,0.2708078622817993
1616,0.433887243270874
1617,0.48290395736694336
1618,0.4965969920158386
1619,0.2832079529762268
1620,0.6898918747901917
1621,0.43598049879074097
1622,0.19621089100837708
1623,0.3456957936286926
1624,0.6896884441375732
1625,0.40117108821868896
1626,0.3700830936431885
1627,0.7261080145835876
1628,0.4909551739692688
1629,0.5591810941696167
1630,0.6206943392753601
1631,0.5242928862571716
1632,0.5557142496109009
1633,0.6729725003242493
1634,0.3804418444633484
1635,0.36479952931404114
1636,0.45118093490600586
1637,0.2929297685623169
1638,0.24586057662963867
1639,0.19596701860427856
1640,0.37107497453689575
1641,0.3682039976119995
1642,0.6149345636367798
1643,0.41330504417419434
1644,0.4484913647174835
1645,0.223392054438591
1646,0.3871185779571533
1647,0.31039586663246155
1648,0.47143256664276123
1649,0.37708812952041626
1650,0.35200023651123047
1651,0.2968892753124237
1652,0.6894253492355347
1653,0.6879427433013916
1654,0.5769640207290649
1655,0.41681599617004395
1656,0.7569901943206787
1657,0.5031970739364624
1658,0.4034978151321411
1659,0.34886884689331055
1660,0.3256978988647461
1661,0.31983092427253723
1662,0.4130026698112488
1663,0.2357235848903656
1664,0.2871329188346863
1665,0.5067035555839539
1666,0.35245317220687866
1667,0.5694189071655273
1668,0.744979739189148
1669,0.5732802152633667
1670,0.5198472738265991
1671,0.2705608010292053
1672,0.5900369882583618
1673,0.7176740169525146
1674,0.35484448075294495
1675,0.3900001049041748
1676,0.7223021984100342
1677,0.8836246728897095
1678,0.468792200088501
1679,0.4640098810195923
1680,0.6642686724662781
1681,0.5548620223999023
1682,0.687907338142395
1683,0.6328632831573486
1684,0.3565804660320282
1685,0.6155807375907898
1686,0.34919410943984985
1687,0.4814651310443878
1688,0.4737786650657654
1689,0.8044869899749756
1690,0.31758570671081543
1691,0.633823037147522
1692,0.45276710391044617
1693,0.8164973258972168
1694,0.4570541977882385
1695,0.3781079649925232
1696,0.5496754050254822
1697,0.5262906551361084
1698,0.7156462669372559
1699,0.7159369587898254
1700,0.6350073218345642
1701,0.3581730127334595
1702,0.37029755115509033
1703,0.3381263017654419
1704,0.553790807723999
1705,0.6045763492584229
1706,0.5485663414001465
1707,0.48882821202278137
1708,0.47400879859924316
1709,0.39707064628601074
1710,0.38195180892944336
1711,0.28591328859329224
1712,0.39162003993988037
1713,0.21196487545967102
1714,0.4736701250076294
1715,0.5347339510917664
1716,0.574276328086853
1717,0.3355638086795807
1718,0.30649274587631226
1719,0.7014498114585876
1720,0.7151952385902405
1721,0.360245943069458
1722,0.24299784004688263
1723,0.20876523852348328
1724,0.645458459854126
1725,0.35670343041419983
1726,0.42100948095321655
1727,0.8370987176895142
1728,0.26882797479629517
1729,0.40958017110824585
1730,0.5507748126983643
1731,0.7200869917869568
1732,0.6345589756965637
1733,0.27656614780426025
1734,0.6059098243713379
1735,0.2680928111076355
1736,0.47389668226242065
1737,0.3453828990459442
1738,0.6846004724502563
1739,0.41803354024887085
1740,0.5315251350402832
1741,0.30459117889404297
1742,0.6154443025588989
1743,0.37054383754730225
1744,0.5246680378913879
1745,0.4101581573486328
1746,0.5498788356781006
1747,0.44823896884918213
1748,0.27824071049690247
1749,0.23557235300540924
1750,0.3892799913883209
1751,0.2706270217895508
1752,0.6046788692474365
1753,0.28643763065338135
1754,0.6645594835281372
1755,0.5483243465423584
1756,0.334496408700943
1757,0.6558273434638977
1758,0.7298126816749573
1759,0.34417253732681274
1760,0.2359583079814911
1761,0.3331785500049591
1762,0.8743046522140503
1763,0.5095900297164917
1764,0.5847601890563965
1765,0.27905192971229553
1766,0.7293496131896973
1767,0.3747527003288269
1768,0.4331700801849365
1769,0.3793928027153015
1770,0.3835822343826294
1771,0.5252470374107361
1772,0.7053918838500977
1773,0.5489871501922607
1774,0.7656575441360474
1775,0.4584173560142517
1776,0.44533467292785645
1777,0.539482057094574
1778,0.6699927449226379
1779,0.3723888099193573
1780,0.4851033389568329
1781,0.28364914655685425
1782,0.39595717191696167
1783,0.40821778774261475
1784,0.3448258638381958
1785,0.573043704032898
1786,0.5006895065307617
1787,0.5345427989959717
1788,0.33631038665771484
1789,0.47404342889785767
1790,0.6310564279556274
1791,0.39825111627578735
1792,0.4149184823036194
1793,0.593666672706604
1794,0.3390926122665405
1795,0.282867968082428
1796,0.7176147103309631
1797,0.40722084045410156
1798,0.6329799294471741
1799,0.8624224662780762
1800,0.46041712164878845
1801,0.40714237093925476
1802,0.6458548903465271
1803,0.2548193335533142
1804,0.23848354816436768
1805,0.3536662459373474
1806,0.5464508533477783
1807,0.85783851146698
1808,0.4273323118686676
1809,0.37113040685653687
1810,0.3967565596103668
1811,0.5857704877853394
1812,0.3549949526786804
1813,0.7123539447784424
1814,0.24958747625350952
1815,0.2853304147720337
1816,0.2882491946220398
1817,0.23294751346111298
1818,0.34061551094055176
1819,0.28305426239967346
1820,0.5612632632255554
1821,0.6734593510627747
1822,0.3049331605434418
1823,0.3986579477787018
1824,0.6224592924118042
1825,0.3840200901031494
1826,0.7538671493530273
1827,0.13607054948806763
1828,0.5250210762023926
1829,0.7354429364204407
1830,0.37906524538993835
1831,0.2833579480648041
1832,0.5853474736213684
1833,0.5912895202636719
1834,0.3722793757915497
1835,0.4311729073524475
1836,0.5849765539169312
1837,0.4372834265232086
1838,0.6028271913528442
1839,0.5171312689781189
1840,0.5676643252372742
1841,0.4933367371559143
1842,0.24516957998275757
1843,0.578158974647522
1844,0.491023987531662
1845,0.6626394987106323
1846,0.24646209180355072
1847,0.371097207069397
1848,0.23052212595939636
1849,0.46086469292640686
1850,0.2375340461730957
1851,0.7104442715644836
1852,0.6094890832901001
1853,0.2143036127090454
1854,0.2747488021850586
1855,0.36880600452423096
1856,0.5215381979942322
1857,0.40998518466949463
1858,0.4630414843559265
1859,0.39662593603134155
1860,0.7864693403244019
1861,0.6388646960258484
1862,0.5524339079856873
1863,0.6785610914230347
1864,0.6014456748962402
1865,0.36298322677612305
1866,0.7566983699798584
1867,0.2942476272583008
1868,0.4189046025276184
1869,0.35188689827919006
1870,0.4401019811630249
1871,0.3409566283226013
1872,0.3103023171424866
1873,0.6144089698791504
1874,0.5168142318725586
1875,0.7956975698471069
1876,0.2931674122810364
1877,0.6967152953147888
1878,0.24154148995876312
1879,0.683199405670166
1880,0.23312832415103912
1881,0.5824121236801147
1882,0.2030719816684723
1883,0.4255464971065521
1884,0.5907188653945923
1885,0.44230133295059204
1886,0.39575445652008057
1887,0.6602935791015625
1888,0.4430053234100342
1889,0.3460071086883545
1890,0.4037122130393982
1891,0.33626657724380493
1892,0.46305614709854126
1893,0.60565185546875
1894,0.7179636359214783
1895,0.484106183052063
1896,0.7106344103813171
1897,0.6620013117790222
1898,0.35747385025024414
1899,0.32105129957199097
1900,0.377758264541626
1901,0.41102465987205505
1902,0.2241305410861969
1903,0.8362512588500977
1904,0.5986834764480591
1905,0.44914618134498596
1906,0.27815818786621094
1907,0.39137086272239685
1908,0.2871716022491455
1909,0.8830684423446655
1910,0.3296879827976227
1911,0.49742889404296875
1912,0.5352532863616943
1913,0.5524156093597412
1914,0.23261621594429016
1915,0.7304136753082275
1916,0.6047166585922241
1917,0.5593968629837036
1918,0.3704344928264618
1919,0.33313506841659546
1920,0.35217463970184326
1921,0.6713994145393372
1922,0.4531094431877136
1923,0.3770025968551636
1924,0.23915597796440125
1925,0.4483135938644409
1926,0.4938439130783081
1927,0.2649688124656677
1928,0.40913641452789307
1929,0.6506858468055725
1930,0.5287127494812012
1931,0.5383551120758057
1932,0.43765079975128174
1933,0.53334641456604
1934,0.5943381786346436
1935,0.30846840143203735
1936,0.3580637574195862
1937,0.5106735825538635
1938,0.4987167716026306
1939,0.5791776180267334
1940,0.6209897994995117
1941,0.33630624413490295
1942,0.34906139969825745
1943,0.386147141456604
1944,0.570064127445221
1945,0.3668883740901947
1946,0.27994412183761597
1947,0.3012441396713257
1948,0.6421424746513367
1949,0.6569909453392029
1950,0.843602180480957
1951,0.7179862856864929
1952,0.5423534512519836
1953,0.5132444500923157
1954,0.3845456838607788
1955,0.6193816661834717
1956,0.42385774850845337
1957,0.3293971121311188
1958,0.540803849697113
1959,0.45477521419525146
1960,0.5391792058944702
1961,0.42020589113235474
1962,0.5159829258918762
1963,0.4523499011993408
1964,0.4764896631240845
1965,0.22091415524482727
1966,0.3431716859340668
1967,0.2998446822166443
1968,0.6180679798126221
1969,0.6674472093582153
1970,0.8014020919799805
1971,0.752753734588623
1972,0.5184645652770996
1973,0.3164060711860657
1974,0.7866995334625244
1975,0.2764235734939575
1976,0.49810177087783813
1977,0.36441662907600403
1978,0.5254658460617065
1979,0.6138675808906555
1980,0.5469898581504822
1981,0.47563761472702026
1982,0.6014010906219482
1983,0.4141618609428406
1984,0.27389928698539734
1985,0.3842111825942993
1986,0.31873834133148193
1987,0.42024916410446167
1988,0.5506103038787842
1989,0.30216002464294434
1990,0.45931047201156616
1991,0.8935976624488831
1992,0.3230794668197632
1993,0.575400710105896
1994,0.4416138827800751
1995,0.28419700264930725
1996,0.2802625000476837
1997,0.449609637260437
1998,0.3427966833114624
1999,0.1881418526172638
2000,0.4926854372024536
2001,0.47422605752944946
2002,0.4066770672798157
2003,0.5489883422851562
2004,0.40384146571159363
2005,0.3025187849998474
2006,0.47697848081588745
2007,0.6368595361709595
2008,0.7626236081123352
2009,0.43004530668258667
2010,0.2503260672092438
2011,0.8056156635284424
2012,0.5009816288948059
2013,0.460741251707077
2014,0.30719810724258423
2015,0.5875067114830017
2016,0.47558945417404175
2017,0.260824054479599
2018,0.2678076922893524
2019,0.4573346972465515
2020,0.23116590082645416
2021,0.783606767654419
2022,0.6596881151199341
2023,0.669141948223114
2024,0.5980080962181091
2025,0.3827162981033325
2026,0.27818208932876587
2027,0.7074801325798035
2028,0.7100324034690857
2029,0.4174533188343048
2030,0.7532861232757568
2031,0.38265931606292725
2032,0.31441378593444824
2033,0.8011335134506226
2034,0.3737071752548218
2035,0.42510902881622314
2036,0.274270236492157
2037,0.3972605764865875
2038,0.20158235728740692
2039,0.327138215303421
2040,0.35905981063842773
2041,0.5807857513427734
2042,0.2823612093925476
2043,0.29516804218292236
2044,0.7666427493095398
2045,0.4917890131473541
2046,0.7679538726806641
2047,0.335768461227417
2048,0.3662099540233612
2049,0.4924653172492981
2050,0.5507843494415283
2051,0.305630087852478
2052,0.636146068572998
2053,0.37640291452407837
2054,0.7099618911743164
2055,0.45235365629196167
2056,0.4379372000694275
2057,0.6985766887664795
2058,0.34343764185905457
2059,0.3199823498725891
2060,0.6144777536392212
2061,0.3286186456680298
2062,0.5898467302322388
2063,0.331811785697937
2064,0.2991871237754822
2065,0.5040411949157715
2066,0.47332829236984253
2067,0.626809298992157
2068,0.28590744733810425
2069,0.6942518949508667
2070,0.4651227295398712
2071,0.3020528554916382
2072,0.18972247838974
2073,0.6717557907104492
2074,0.47561609745025635
2075,0.5224297642707825
2076,0.4726250171661377
2077,0.25156939029693604
2078,0.5457101464271545
2079,0.3369782567024231
2080,0.5419967770576477
2081,0.3383084833621979
2082,0.3781251311302185
2083,0.38469892740249634
2084,0.44753649830818176
2085,0.4186180531978607
2086,0.5295270681381226
2087,0.6864484548568726
2088,0.32531261444091797
2089,0.6248307228088379
2090,0.3157396912574768
2091,0.5481067895889282
2092,0.6543054580688477
2093,0.29499536752700806
2094,0.4392145872116089
2095,0.3111374080181122
2096,0.5875062942504883
2097,0.6433994174003601
2098,0.3113124370574951
2099,0.3281802535057068
2100,0.38266539573669434
2101,0.7207109928131104
2102,0.472611665725708
2103,0.5836199522018433
2104,0.5066990852355957
2105,0.4525926113128662
2106,0.177625373005867
2107,0.5190437436103821
2108,0.3835211992263794
2109,0.5902659893035889
2110,0.47931361198425293
2111,0.35799798369407654
2112,0.2974201738834381
2113,0.7888410687446594
2114,0.4860605001449585
2115,0.6785117387771606
2116,0.6114211082458496
2117,0.7357408404350281
2118,0.859920859336853
2119,0.6742841005325317
2120,0.29845473170280457
2121,0.3332645893096924
2122,0.4446045756340027
2123,0.6549080610275269
2124,0.5505692958831787
2125,0.6187903881072998
2126,0.6423835754394531
2127,0.2658138871192932
2128,0.4280734062194824
2129,0.39165472984313965
2130,0.2873116433620453
2131,0.4092475175857544
2132,0.5611763000488281
2133,0.5067700743675232
2134,0.6832109689712524
2135,0.4373076260089874
2136,0.29477953910827637
2137,0.6809442639350891
2138,0.44773057103157043
2139,0.4393268823623657
2140,0.6117616295814514
2141,0.3930774927139282
2142,0.755832314491272
2143,0.5590078830718994
2144,0.4016079008579254
2145,0.26940226554870605
2146,0.8202414512634277
2147,0.7704178690910339
2148,0.26608872413635254
2149,0.6393938064575195
2150,0.7107853293418884
2151,0.3532986342906952
2152,0.31436485052108765
2153,0.6169091463088989
2154,0.38713860511779785
2155,0.20155957341194153
2156,0.5627524852752686
2157,0.7011868953704834
2158,0.3870781362056732
2159,0.30392903089523315
2160,0.5015349388122559
2161,0.25971049070358276
2162,0.3948277235031128
2163,0.42891305685043335
2164,0.43163001537323
2165,0.4484875798225403
2166,0.6683197021484375
2167,0.4757290482521057
2168,0.4904760718345642
2169,0.35012829303741455
2170,0.4880865514278412
2171,0.7000745534896851
2172,0.7883854508399963
2173,0.273232102394104
2174,0.4876778721809387
2175,0.7177914381027222
2176,0.18038097023963928
2177,0.47793078422546387
2178,0.35415637493133545
2179,0.3738868236541748
2180,0.23732957243919373
2181,0.4113870859146118
2182,0.716377854347229
2183,0.3897726535797119
2184,0.39706993103027344
2185,0.5833553671836853
2186,0.21530579030513763
2187,0.4947778582572937
2188,0.646864652633667
2189,0.27294135093688965
2190,0.3657340407371521
2191,0.500586211681366
2192,0.5947897434234619
2193,0.4941026568412781
2194,0.5503934621810913
2195,0.3394995927810669
2196,0.6373858451843262
2197,0.5301238298416138
2198,0.7164521813392639
2199,0.4594098627567291
2200,0.39630380272865295
2201,0.6288622617721558
2202,0.5761318206787109
2203,0.4503616988658905
2204,0.6661161184310913
2205,0.35029512643814087
2206,0.7108988761901855
2207,0.9263015389442444
2208,0.29558199644088745
2209,0.7112046480178833
2210,0.4163277745246887
2211,0.6403610706329346
2212,0.35957860946655273
2213,0.217929869890213
2214,0.4078865647315979
2215,0.5875105857849121
2216,0.33769893646240234
2217,0.6041238307952881
2218,0.32711148262023926
2219,0.509774923324585
2220,0.2571128010749817
2221,0.3487352132797241
2222,0.30002665519714355
2223,0.5924352407455444
2224,0.7604036331176758
2225,0.816601574420929
2226,0.3078877925872803
2227,0.16760218143463135
2228,0.621830940246582
2229,0.7464848756790161
2230,0.5789812803268433
2231,0.5463078022003174
2232,0.6848611235618591
2233,0.30317309498786926
2234,0.8957163095474243
2235,0.36796027421951294
2236,0.5574617385864258
2237,0.5567964911460876
2238,0.4496670365333557
2239,0.2453613579273224
2240,0.8951665759086609
2241,0.4104708433151245
2242,0.46677935123443604
2243,0.6531888246536255
2244,0.2972387671470642
2245,0.5712282657623291
2246,0.348969966173172
2247,0.40453583002090454
2248,0.23814666271209717
2249,0.5828521251678467
2250,0.37218812108039856
2251,0.352533757686615
2252,0.377668559551239
2253,0.3515748083591461
2254,0.6082664728164673
2255,0.33650320768356323
2256,0.332797646522522
2257,0.5524796843528748
2258,0.6760579347610474
2259,0.6673935651779175
2260,0.5802357196807861
2261,0.4007521867752075
2262,0.5816773772239685
2263,0.41407057642936707
2264,0.3836648166179657
2265,0.5474876761436462
2266,0.6505324840545654
2267,0.4567563831806183
2268,0.7831448912620544
2269,0.3065369129180908
2270,0.47776004672050476
2271,0.5542638301849365
2272,0.5402737259864807
2273,0.50990891456604
2274,0.6596418619155884
2275,0.38152962923049927
2276,0.5284101963043213
2277,0.595035970211029
2278,0.349242627620697
2279,0.3730578124523163
2280,0.5309717059135437
2281,0.7908535003662109
2282,0.36939194798469543
2283,0.5953458547592163
2284,0.262580931186676
2285,0.45906585454940796
2286,0.5345627665519714
2287,0.5539032816886902
2288,0.7032009959220886
2289,0.6852823495864868
2290,0.36774855852127075
2291,0.30318284034729004
2292,0.7073993682861328
2293,0.5026364326477051
2294,0.2819119095802307
2295,0.62132328748703
2296,0.5186485052108765
2297,0.40571415424346924
2298,0.731277585029602
2299,0.8375767469406128
2300,0.6959086656570435
2301,0.627600908279419
2302,0.33388835191726685
2303,0.2928323745727539
2304,0.7580991387367249
2305,0.4162144660949707
2306,0.25090640783309937
2307,0.5846255421638489
2308,0.7299538850784302
2309,0.41276562213897705
2310,0.36934518814086914
2311,0.641815185546875
2312,0.29282382130622864
2313,0.27225226163864136
2314,0.30456972122192383
2315,0.4059373140335083
2316,0.23686832189559937
2317,0.41290783882141113
2318,0.6226837635040283
2319,0.5888327360153198
2320,0.7026105523109436
2321,0.5703733563423157
2322,0.7206849455833435
2323,0.7131145000457764
2324,0.4216398596763611
2325,0.28456246852874756
2326,0.7685554027557373
2327,0.4059205651283264
2328,0.658240795135498
2329,0.3423888087272644
2330,0.2543768882751465
2331,0.7535223960876465
2332,0.3898952305316925
2333,0.4303542375564575
2334,0.5547860264778137
2335,0.29327625036239624
2336,0.4008042812347412
2337,0.42366719245910645
2338,0.604882001876831
2339,0.32662272453308105
2340,0.36860209703445435
2341,0.5546189546585083
2342,0.3254987895488739
2343,0.4679345488548279
2344,0.5854589939117432
2345,0.3785853683948517
2346,0.38060903549194336
2347,0.212090402841568
2348,0.5721616148948669
2349,0.48826050758361816
2350,0.3828665316104889
2351,0.2956010401248932
2352,0.392852783203125
2353,0.6648239493370056
2354,0.5543758273124695
2355,0.33000579476356506
2356,0.4294520616531372
2357,0.6397292017936707
2358,0.5417182445526123
2359,0.4714460074901581
2360,0.34513628482818604
2361,0.3976883888244629
2362,0.5230873823165894
2363,0.520587682723999
2364,0.6978317499160767
2365,0.4829276204109192
2366,0.42971354722976685
2367,0.4211117625236511
2368,0.24921107292175293
2369,0.3254157304763794
2370,0.29374879598617554
2371,0.6969062089920044
2372,0.2319517880678177
2373,0.24795669317245483
2374,0.5113295912742615
2375,0.6232973337173462
2376,0.37485766410827637
2377,0.3664076328277588
2378,0.4112710654735565
2379,0.582999050617218
2380,0.42328840494155884
2381,0.270069420337677
2382,0.7423369884490967
2383,0.33508360385894775
2384,0.40318167209625244
2385,0.25691184401512146
2386,0.7528588175773621
2387,0.24091647565364838
2388,0.6719207763671875
2389,0.32277610898017883
2390,0.6435086727142334
2391,0.220013827085495
2392,0.4484478235244751
2393,0.4823097288608551
2394,0.32026106119155884
2395,0.7424770593643188
2396,0.6118440628051758
2397,0.44088250398635864
2398,0.16851630806922913
2399,0.24014151096343994
2400,0.2830156683921814
2401,0.7498533129692078
2402,0.7579911947250366
2403,0.388008177280426
2404,0.39647698402404785
2405,0.4246102571487427
2406,0.400393009185791
2407,0.6699520349502563
2408,0.5321414470672607
2409,0.2632952928543091
2410,0.5919561386108398
2411,0.8355835676193237
2412,0.6934731006622314
2413,0.9053221940994263
2414,0.4932136833667755
2415,0.7472391128540039
2416,0.6874115467071533
2417,0.3049633502960205
2418,0.26609155535697937
2419,0.8185445070266724
2420,0.5515706539154053
2421,0.3757219910621643
2422,0.6323911547660828
2423,0.2548924684524536
2424,0.3046824336051941
2425,0.3339524269104004
2426,0.288869708776474
2427,0.55851149559021
2428,0.23104605078697205
2429,0.3771370053291321
2430,0.42315536737442017
2431,0.2602508068084717
2432,0.5685608983039856
2433,0.40660330653190613
2434,0.2462494820356369
2435,0.430799663066864
2436,0.5269958972930908
2437,0.31708037853240967
2438,0.6664615869522095
2439,0.6538997888565063
2440,0.6090131402015686
2441,0.3478124737739563
2442,0.5836324691772461
2443,0.5583286285400391
2444,0.9016323089599609
2445,0.272344708442688
2446,0.9188618659973145
2447,0.5870685577392578
2448,0.639481782913208
2449,0.6589323282241821
2450,0.18364042043685913
2451,0.3105194866657257
2452,0.40362346172332764
2453,0.5006294250488281
2454,0.609215497970581
2455,0.4242796301841736
2456,0.5777714252471924
2457,0.5650771260261536
2458,0.8031560182571411
2459,0.485069215297699
2460,0.42255064845085144
2461,0.3780869245529175
2462,0.27379995584487915
2463,0.48882314562797546
2464,0.7987145781517029
2465,0.6546934843063354
2466,0.40788623690605164
2467,0.46073171496391296
2468,0.7707945108413696
2469,0.1800195872783661
2470,0.32564252614974976
2471,0.742717981338501
2472,0.6807036995887756
2473,0.5449264049530029
2474,0.499567449092865
2475,0.4979552924633026
2476,0.6683287024497986
2477,0.6146208643913269
2478,0.3464188575744629
2479,0.400400310754776
2480,0.5443137288093567
2481,0.4499194920063019
2482,0.5632233619689941
2483,0.24805384874343872
2484,0.4571974575519562
2485,0.7769792079925537
2486,0.7300024032592773
2487,0.2523685097694397
2488,0.652987003326416
2489,0.2831053137779236
2490,0.28662943840026855
2491,0.6997533440589905
2492,0.5454196333885193
2493,0.35871946811676025
2494,0.6237228512763977
2495,0.6751948595046997
2496,0.3741554319858551
2497,0.686767041683197
2498,0.5779082775115967
2499,0.5318294763565063
2500,0.37508389353752136
2501,0.6678897142410278
2502,0.4070054590702057
2503,0.3613935112953186
2504,0.45884549617767334
2505,0.5312497615814209
2506,0.6556812524795532
2507,0.48066481947898865
2508,0.46536388993263245
2509,0.7502114176750183
2510,0.7143280506134033
2511,0.39835649728775024
2512,0.7415346503257751
2513,0.4808501601219177
2514,0.29623425006866455
2515,0.6840982437133789
2516,0.364967405796051
2517,0.40500542521476746
2518,0.546042799949646
2519,0.7458242177963257
2520,0.17796753346920013
2521,0.7563675045967102
2522,0.33269593119621277
2523,0.4456546902656555
2524,0.3425232768058777
2525,0.29041871428489685
2526,0.38458824157714844
2527,0.5914643406867981
2528,0.40634503960609436
2529,0.3609827756881714
2530,0.6625850200653076
2531,0.9163287878036499
2532,0.509560227394104
2533,0.3407478630542755
2534,0.807919979095459
2535,0.6413978338241577
2536,0.38559120893478394
2537,0.4466175138950348
2538,0.7068531513214111
2539,0.7121541500091553
2540,0.37362241744995117
2541,0.46281784772872925
2542,0.688166618347168
2543,0.36759260296821594
2544,0.37951764464378357
2545,0.43649643659591675
2546,0.6720802783966064
2547,0.4881379008293152
2548,0.29241040349006653
2549,0.38063907623291016
2550,0.631894588470459
2551,0.32289624214172363
2552,0.40085750818252563
2553,0.3317079544067383
2554,0.6502516865730286
2555,0.708243727684021
2556,0.7021929025650024
2557,0.6648269891738892
2558,0.6163058280944824
2559,0.7253304719924927
2560,0.3785511255264282
2561,0.25523051619529724
2562,0.16598403453826904
2563,0.2902122437953949
2564,0.5749939680099487
2565,0.5097246170043945
2566,0.24721768498420715
2567,0.3524409532546997
2568,0.41270139813423157
2569,0.8275556564331055
2570,0.6218830347061157
2571,0.3708035945892334
2572,0.7759124636650085
2573,0.5539679527282715
2574,0.6249023675918579
2575,0.5682233572006226
2576,0.3553426265716553
2577,0.7220370769500732
2578,0.8475340008735657
2579,0.3991260528564453
2580,0.46414899826049805
2581,0.5617842674255371
2582,0.6813028454780579
2583,0.4190250039100647
2584,0.39509710669517517
2585,0.5116278529167175
2586,0.5982725620269775
2587,0.5536981821060181
2588,0.493634432554245
2589,0.2876255512237549
2590,0.5357726812362671
2591,0.44830459356307983
2592,0.5766202211380005
2593,0.3306434452533722
2594,0.4032427966594696
2595,0.6381145715713501
2596,0.6261462569236755
2597,0.6875414848327637
2598,0.6023913621902466
2599,0.5548175573348999
2600,0.2818228304386139
2601,0.5501160025596619
2602,0.42987412214279175
2603,0.49524855613708496
2604,0.30531832575798035
2605,0.29458051919937134
2606,0.5336388349533081
2607,0.7528809309005737
2608,0.4108133912086487
2609,0.5734653472900391
2610,0.27808910608291626
2611,0.5571774244308472
2612,0.5795018076896667
2613,0.6581169962882996
2614,0.5531007051467896
2615,0.284737765789032
2616,0.5926663875579834
2617,0.571796178817749
2618,0.7409330606460571
2619,0.28402069211006165
2620,0.3852613568305969
2621,0.8471261262893677
2622,0.2580329179763794
2623,0.44018036127090454
2624,0.3078988492488861
2625,0.38350218534469604
2626,0.42043596506118774
2627,0.3624110221862793
2628,0.619086503982544
2629,0.6189911365509033
2630,0.43000301718711853
2631,0.5183905959129333
2632,0.23375242948532104
2633,0.565876305103302
2634,0.4620048999786377
2635,0.7019267082214355
2636,0.2659996449947357
2637,0.2590102255344391
2638,0.38157302141189575
2639,0.5513827800750732
2640,0.24433177709579468
2641,0.8526594638824463
2642,0.4043577015399933
2643,0.6712580323219299
2644,0.2921566963195801
2645,0.6902837157249451
2646,0.24730797111988068
2647,0.34678709506988525
2648,0.30105826258659363
2649,0.26785093545913696
2650,0.2707490921020508
2651,0.20569980144500732
2652,0.4744614362716675
2653,0.8523913025856018
2654,0.46443718671798706
2655,0.6332621574401855
2656,0.49723613262176514
2657,0.2642761468887329
2658,0.25472667813301086
2659,0.528172492980957
2660,0.6423431634902954
2661,0.5841068029403687
2662,0.6022189855575562
2663,0.4545215964317322
2664,0.39339253306388855
2665,0.742827296257019
2666,0.6182877421379089
2667,0.4822400212287903
2668,0.353050172328949
2669,0.302704393863678
2670,0.6710292100906372
2671,0.7634308934211731
2672,0.7121008038520813
2673,0.7275545597076416
2674,0.24389278888702393
2675,0.3209453225135803
2676,0.3355444669723511
2677,0.46435877680778503
2678,0.49186718463897705
2679,0.5334662199020386
2680,0.41300469636917114
2681,0.5458378195762634
2682,0.6401852369308472
2683,0.6577701568603516
2684,0.2274368405342102
2685,0.43371570110321045
2686,0.4572543203830719
2687,0.4182010591030121
2688,0.31760749220848083
2689,0.7477210760116577
2690,0.5190200805664062
2691,0.6336948275566101
2692,0.6934055089950562
2693,0.5802059173583984
2694,0.5008030533790588
2695,0.3133719265460968
2696,0.5016071796417236
2697,0.4827847480773926
2698,0.3823997378349304
2699,0.39189764857292175
2700,0.3493701219558716
2701,0.3304169178009033
2702,0.3600253462791443
2703,0.6442488431930542
2704,0.7048718929290771
2705,0.38738179206848145
2706,0.7298412322998047
2707,0.5500564575195312
2708,0.3578786551952362
2709,0.5934127569198608
2710,0.23393514752388
2711,0.3764554262161255
2712,0.5199999213218689
2713,0.5387192964553833
2714,0.41887837648391724
2715,0.52154541015625
2716,0.23513399064540863
2717,0.4892163574695587
2718,0.4244861304759979
2719,0.302963525056839
2720,0.6602420210838318
2721,0.5291295051574707
2722,0.3561645746231079
2723,0.2600000500679016
2724,0.6984992623329163
2725,0.7740186452865601
2726,0.4583272337913513
2727,0.5536965131759644
2728,0.364168256521225
2729,0.23281073570251465
2730,0.3323000371456146
2731,0.47238945960998535
2732,0.5139490962028503
2733,0.7060354948043823
2734,0.7525634765625
2735,0.30602771043777466
2736,0.3794724643230438
2737,0.2944343090057373
2738,0.26995599269866943
2739,0.3072255253791809
2740,0.6425445079803467
2741,0.36824649572372437
2742,0.7230762243270874
2743,0.35273969173431396
2744,0.6410700082778931
2745,0.47984981536865234
2746,0.3969637155532837
2747,0.4041997492313385
2748,0.3362046480178833
2749,0.6677493453025818
2750,0.37941598892211914
2751,0.7467268109321594
2752,0.5828734636306763
2753,0.46239301562309265
2754,0.4747992157936096
2755,0.2687085270881653
2756,0.29850560426712036
2757,0.2532196640968323
2758,0.5253000855445862
2759,0.39596813917160034
2760,0.735419750213623
2761,0.608718991279602
2762,0.6000097990036011
2763,0.33722737431526184
2764,0.3110921084880829
2765,0.7311215400695801
2766,0.7265847325325012
2767,0.8498507142066956
2768,0.7355262637138367
2769,0.647972583770752
2770,0.6485629081726074
2771,0.6875332593917847
2772,0.22463974356651306
2773,0.26739439368247986
2774,0.35227593779563904
2775,0.34975099563598633
2776,0.3740757703781128
2777,0.5929187536239624
2778,0.5644712448120117
2779,0.5650889873504639
2780,0.2973898947238922
2781,0.4300822913646698
2782,0.3471683859825134
2783,0.2717145085334778
2784,0.5273139476776123
2785,0.5223309993743896
2786,0.24739742279052734
2787,0.6414839029312134
2788,0.5267761945724487
2789,0.39643368124961853
2790,0.6996709108352661
2791,0.7063882350921631
2792,0.3749653995037079
2793,0.5593003034591675
2794,0.39563626050949097
2795,0.770239531993866
2796,0.45717793703079224
2797,0.37935271859169006
2798,0.6937689185142517
2799,0.20646685361862183
2800,0.7474628686904907
2801,0.3021230101585388
2802,0.46494391560554504
2803,0.4133124053478241
2804,0.31378012895584106
2805,0.33033254742622375
2806,0.7334368228912354
2807,0.6988663673400879
2808,0.6547081470489502
2809,0.5575557351112366
2810,0.8566504716873169
2811,0.4540659189224243
2812,0.2873196005821228
2813,0.24369090795516968
2814,0.3243866562843323
2815,0.5683960914611816
2816,0.5101222991943359
2817,0.5916057825088501
2818,0.6295492649078369
2819,0.4106687903404236
2820,0.5933072566986084
2821,0.5704523324966431
2822,0.16818492114543915
2823,0.4782707095146179
2824,0.45508888363838196
2825,0.2938989996910095
2826,0.33929240703582764
2827,0.47145527601242065
2828,0.46393299102783203
2829,0.30842265486717224
2830,0.6048159599304199
2831,0.362601637840271
2832,0.31116020679473877
2833,0.7341939806938171
2834,0.7568396329879761
2835,0.5103159546852112
2836,0.5818756222724915
2837,0.5089423060417175
2838,0.45570242404937744
2839,0.2913893461227417
2840,0.4742423892021179
2841,0.46123620867729187
2842,0.36604800820350647
2843,0.7600204348564148
2844,0.588761568069458
2845,0.367509126663208
2846,0.43066641688346863
2847,0.29450005292892456
2848,0.45913296937942505
2849,0.33905866742134094
2850,0.4483456015586853
2851,0.3512333631515503
2852,0.39796555042266846
2853,0.6313859224319458
2854,0.6404955387115479
2855,0.3418983817100525
2856,0.5397779941558838
2857,0.4203963875770569
2858,0.26913541555404663
2859,0.3340752124786377
2860,0.5289909839630127
2861,0.5032923817634583
2862,0.4287201762199402
2863,0.39378854632377625
2864,0.7296048402786255
2865,0.5209153890609741
2866,0.3129468560218811
2867,0.8154375553131104
2868,0.6136232018470764
2869,0.2868632674217224
2870,0.6888012886047363
2871,0.269199013710022
2872,0.708744466304779
2873,0.6963497996330261
2874,0.41686615347862244
2875,0.6965585947036743
2876,0.45941877365112305
2877,0.573045015335083
2878,0.6978686451911926
2879,0.277055025100708
2880,0.5232597589492798
2881,0.19584345817565918
2882,0.7976353168487549
2883,0.6527758836746216
2884,0.3266480565071106
2885,0.6935075521469116
2886,0.43247660994529724
2887,0.35405096411705017
2888,0.3540618121623993
2889,0.5016206502914429
2890,0.5564725399017334
2891,0.408305287361145
2892,0.6823023557662964
2893,0.300797700881958
2894,0.7816257476806641
2895,0.7647544741630554
2896,0.36259743571281433
2897,0.5323725342750549
2898,0.4529736638069153
2899,0.5067313313484192
2900,0.3098544180393219
2901,0.433380126953125
2902,0.5793208479881287
2903,0.5325019359588623
2904,0.5115587115287781
2905,0.2585623860359192
2906,0.749923586845398
2907,0.31617164611816406
2908,0.29137760400772095
2909,0.5210778713226318
2910,0.5001450181007385
2911,0.40467968583106995
2912,0.5206211805343628
2913,0.2593718469142914
2914,0.7044141292572021
2915,0.5448427200317383
2916,0.3649213910102844
2917,0.7009145021438599
2918,0.45988184213638306
2919,0.5583562850952148
2920,0.3683079183101654
2921,0.3911619782447815
2922,0.4327995777130127
2923,0.2978318929672241
2924,0.6910139322280884
2925,0.4229315519332886
2926,0.3733150064945221
2927,0.6024881601333618
2928,0.3470938801765442
2929,0.31675776839256287
2930,0.4379425346851349
2931,0.4008345305919647
2932,0.6619362831115723
2933,0.42083829641342163
2934,0.5045616626739502
2935,0.4544103145599365
2936,0.2878792881965637
2937,0.6092575788497925
2938,0.6355834007263184
2939,0.5934466123580933
2940,0.2985314130783081
2941,0.4788394570350647
2942,0.3804752826690674
2943,0.44705280661582947
2944,0.7314989566802979
2945,0.5135315656661987
2946,0.49966275691986084
2947,0.46555644273757935
2948,0.5470832586288452
2949,0.5962347984313965
2950,0.29047733545303345
2951,0.5321663618087769
2952,0.7664477825164795
2953,0.3208504617214203
2954,0.45155662298202515
2955,0.4091961681842804
2956,0.5644490718841553
2957,0.8067352771759033
2958,0.8059442639350891
2959,0.2935621738433838
2960,0.6584452390670776
2961,0.5643645524978638
2962,0.2839062809944153
2963,0.3749195337295532
2964,0.5714956521987915
2965,0.5319160223007202
2966,0.4822145998477936
2967,0.2414284348487854
2968,0.4329415559768677
2969,0.6291595101356506
2970,0.5664188861846924
2971,0.2834452986717224
2972,0.4950266182422638
2973,0.39093881845474243
2974,0.3404129147529602
2975,0.19791173934936523
2976,0.17874862253665924
2977,0.6902467608451843
2978,0.5955798625946045
2979,0.4608321487903595
2980,0.32712048292160034
2981,0.7274706363677979
2982,0.6668105125427246
2983,0.524250864982605
2984,0.6774629354476929
2985,0.591421902179718
2986,0.3906711935997009
2987,0.38169732689857483
2988,0.24426054954528809
2989,0.7611782550811768
2990,0.5674682855606079
2991,0.6070963144302368
2992,0.5723916292190552
2993,0.35898861289024353
2994,0.6581718921661377
2995,0.4539547264575958
2996,0.44261640310287476
2997,0.4789596199989319
2998,0.8288990259170532
2999,0.32694128155708313
3000,0.32590752840042114
3001,0.24804720282554626
3002,0.39879709482192993
3003,0.7856535315513611
3004,0.37248551845550537
3005,0.7023805379867554
3006,0.45247143507003784
3007,0.36933618783950806
3008,0.2524561285972595
3009,0.800980269908905
3010,0.7489630579948425
3011,0.2317807972431183
3012,0.2784583568572998
3013,0.5177990794181824
3014,0.7173312902450562
3015,0.7311936020851135
3016,0.3125842809677124
3017,0.5443705320358276
3018,0.41293197870254517
3019,0.5054546594619751
3020,0.3482760190963745
3021,0.3670245409011841
3022,0.17429563403129578
3023,0.527987003326416
3024,0.25521624088287354
3025,0.4047934412956238
3026,0.5327585935592651
3027,0.33100879192352295
3028,0.4868166446685791
3029,0.5336734056472778
3030,0.5456385612487793
3031,0.598881721496582
3032,0.6592885851860046
3033,0.789152979850769
3034,0.35465407371520996
3035,0.49594777822494507
3036,0.9135667681694031
3037,0.5545073747634888
3038,0.46176815032958984
3039,0.7461140155792236
3040,0.580290675163269
3041,0.40602970123291016
3042,0.6272410154342651
3043,0.6157931685447693
3044,0.31288450956344604
3045,0.5469971299171448
3046,0.39726313948631287
3047,0.372236430644989
3048,0.48036932945251465
3049,0.546164870262146
3050,0.682360827922821
3051,0.21930217742919922
3052,0.6058089733123779
3053,0.4639838933944702
3054,0.41345304250717163
3055,0.7110809087753296
3056,0.48817989230155945
3057,0.5234005451202393
3058,0.6189862489700317
3059,0.6605996489524841
3060,0.4114886522293091
3061,0.3674723207950592
3062,0.660753607749939
3063,0.44929438829421997
3064,0.6404612064361572
3065,0.3590133786201477
3066,0.3233012557029724
3067,0.7871459722518921
3068,0.4024309515953064
3069,0.47959354519844055
3070,0.40715160965919495
3071,0.4145640432834625
3072,0.7967178225517273
3073,0.482147216796875
3074,0.5233197212219238
3075,0.8394145369529724
3076,0.7332119941711426
3077,0.5849135518074036
3078,0.6117089986801147
3079,0.3253477215766907
3080,0.4967716634273529
3081,0.8595388531684875
3082,0.6225282549858093
3083,0.34161484241485596
3084,0.6924659609794617
3085,0.7722247838973999
3086,0.6001999378204346
3087,0.575803279876709
3088,0.7273147702217102
3089,0.6543330550193787
3090,0.7382304072380066
3091,0.2774210572242737
3092,0.3078501224517822
3093,0.4618438482284546
3094,0.755473792552948
3095,0.7397724986076355
3096,0.669640839099884
3097,0.3051145672798157
3098,0.5752869248390198
3099,0.40771976113319397
3100,0.3555235266685486
3101,0.8231030702590942
3102,0.4665427505970001
3103,0.6015691161155701
3104,0.6884075403213501
3105,0.36258405447006226
3106,0.7833120226860046
3107,0.6974917054176331
3108,0.33535659313201904
3109,0.5211541056632996
3110,0.4853433668613434
3111,0.6683788299560547
3112,0.4886895418167114
3113,0.3418963551521301
3114,0.44832897186279297
3115,0.3524740934371948
3116,0.29773759841918945
3117,0.7459111213684082
3118,0.41040533781051636
3119,0.36245661973953247
3120,0.43946903944015503
3121,0.6266685128211975
3122,0.4150499105453491
3123,0.27797847986221313
3124,0.7073355913162231
3125,0.18472421169281006
3126,0.23988279700279236
3127,0.4820132553577423
3128,0.34515297412872314
3129,0.7188841104507446
3130,0.39788585901260376
3131,0.5046595335006714
3132,0.4978174567222595
3133,0.2419930100440979
3134,0.8236021995544434
3135,0.6248332262039185
3136,0.47140082716941833
3137,0.6283615827560425
3138,0.36002522706985474
3139,0.7901033759117126
3140,0.5660760402679443
3141,0.278780460357666
3142,0.6420943140983582
3143,0.6719411015510559
3144,0.17680607736110687
3145,0.45164400339126587
3146,0.9471390247344971
3147,0.2823992967605591
3148,0.4596869647502899
3149,0.3696495294570923
3150,0.44351696968078613
3151,0.6955146789550781
3152,0.47776204347610474
3153,0.49501439929008484
3154,0.24578623473644257
3155,0.5144180059432983
3156,0.5617855787277222
3157,0.41573309898376465
3158,0.5810816884040833
3159,0.784557580947876
3160,0.5083723664283752
3161,0.4823935031890869
3162,0.711881160736084
3163,0.3825184106826782
3164,0.483621209859848
3165,0.5994040369987488
3166,0.7703675031661987
3167,0.3068171441555023
3168,0.38143619894981384
3169,0.2681629955768585
3170,0.5191135406494141
3171,0.3466486632823944
3172,0.4029788374900818
3173,0.600956916809082
3174,0.5014604330062866
3175,0.2508756220340729
3176,0.4901445508003235
3177,0.7005857825279236
3178,0.5319341421127319
3179,0.6433663368225098
3180,0.5539533495903015
3181,0.21518266201019287
3182,0.3151983618736267
3183,0.8216269016265869
3184,0.5228760242462158
3185,0.37064480781555176
3186,0.670935869216919
3187,0.4852491617202759
3188,0.2950226664543152
3189,0.25225284695625305
3190,0.3509823679924011
3191,0.6700919270515442
3192,0.5546514391899109
3193,0.3064238131046295
3194,0.40710902214050293
3195,0.8538790345191956
3196,0.3940027952194214
3197,0.5050964951515198
3198,0.4412686228752136
3199,0.5960936546325684
3200,0.48230963945388794
3201,0.6427596807479858
3202,0.4587848484516144
3203,0.5940953493118286
3204,0.3156874477863312
3205,0.23243123292922974
3206,0.8567453026771545
3207,0.3229615092277527
3208,0.6059285998344421
3209,0.3552795350551605
3210,0.559266209602356
3211,0.4266800880432129
3212,0.734679639339447
3213,0.4294641613960266
3214,0.32417577505111694
3215,0.3697965145111084
3216,0.4165610074996948
3217,0.6742088794708252
3218,0.6615040302276611
3219,0.754813551902771
3220,0.4469178020954132
3221,0.3256027102470398
3222,0.5344598293304443
3223,0.523949146270752
3224,0.3660596013069153
3225,0.5856376886367798
3226,0.4420899748802185
3227,0.41225728392601013
3228,0.5942850708961487
3229,0.7517806887626648
3230,0.30768701434135437
3231,0.6011190414428711
3232,0.5001603364944458
3233,0.4236655533313751
3234,0.6041646003723145
3235,0.24265232682228088
3236,0.7578351497650146
3237,0.4669331908226013
3238,0.47030460834503174
3239,0.4650878310203552
3240,0.45590561628341675
3241,0.5090233087539673
3242,0.42770054936408997
3243,0.5870712399482727
3244,0.42032739520072937
3245,0.6020805239677429
3246,0.2158348262310028
3247,0.18759512901306152
3248,0.5574213862419128
3249,0.6522904634475708
3250,0.47073590755462646
3251,0.5505611896514893
3252,0.7128718495368958
3253,0.35886019468307495
3254,0.5409992933273315
3255,0.4122576415538788
3256,0.8684202432632446
3257,0.5630533695220947
3258,0.29456856846809387
3259,0.6276640295982361
3260,0.2803381383419037
3261,0.3733896017074585
3262,0.6036980152130127
3263,0.3935624957084656
3264,0.4482869505882263
3265,0.5396958589553833
3266,0.4855981469154358
3267,0.35407745838165283
3268,0.6441653370857239
3269,0.43510574102401733
3270,0.3442315459251404
3271,0.5316892862319946
3272,0.25298047065734863
3273,0.6151866912841797
3274,0.6457161903381348
3275,0.22907301783561707
3276,0.2999759614467621
3277,0.4850536584854126
3278,0.8022267818450928
3279,0.2203906774520874
3280,0.3895319402217865
3281,0.3695003390312195
3282,0.3931596577167511
3283,0.335141122341156
3284,0.32025665044784546
3285,0.5622285008430481
3286,0.37691980600357056
3287,0.34292206168174744
3288,0.2683306038379669
3289,0.382121205329895
3290,0.6326949596405029
3291,0.42250627279281616
3292,0.4945724308490753
3293,0.363008975982666
3294,0.4426538944244385
3295,0.7892991304397583
3296,0.8651972413063049
3297,0.480337530374527
3298,0.3240527808666229
3299,0.20045456290245056
3300,0.29622000455856323
3301,0.5787529945373535
3302,0.5996876955032349
3303,0.611204206943512
3304,0.38925766944885254
3305,0.4417703449726105
3306,0.5935642123222351
3307,0.7132962942123413
3308,0.6377462148666382
3309,0.4854090213775635
3310,0.825879693031311
3311,0.43247002363204956
3312,0.5897786617279053
3313,0.5269664525985718
3314,0.2822034955024719
3315,0.4902838468551636
3316,0.6148954629898071
3317,0.6230497360229492
3318,0.16531023383140564
3319,0.3156563341617584
3320,0.24625706672668457
3321,0.3534323275089264
3322,0.5762585401535034
3323,0.4087704122066498
3324,0.6120842695236206
3325,0.26323845982551575
3326,0.45326775312423706
3327,0.46200138330459595
3328,0.30042487382888794
3329,0.40113598108291626
3330,0.7055449485778809
3331,0.3506448566913605
3332,0.5955998301506042
3333,0.3183838129043579
3334,0.5466194152832031
3335,0.34971004724502563
3336,0.58687824010849
3337,0.4222920536994934
3338,0.42529404163360596
3339,0.35171210765838623
3340,0.24673554301261902
3341,0.40690457820892334
3342,0.3079218864440918
3343,0.5135358572006226
3344,0.3375067710876465
3345,0.6927556991577148
3346,0.2970004379749298
3347,0.5383789539337158
3348,0.3128296732902527
3349,0.5835793018341064
3350,0.3687741756439209
3351,0.36962056159973145
3352,0.3657945692539215
3353,0.37901270389556885
3354,0.5834217071533203
3355,0.3298761546611786
3356,0.820518970489502
3357,0.3268370032310486
3358,0.8688116073608398
3359,0.6548935174942017
3360,0.3518826365470886
3361,0.2431652992963791
3362,0.3297457695007324
3363,0.5691861510276794
3364,0.5970786809921265
3365,0.39643508195877075
3366,0.3454170227050781
3367,0.6584545373916626
3368,0.3656439781188965
3369,0.3905419707298279
3370,0.32020479440689087
3371,0.3936467468738556
3372,0.7135161757469177
3373,0.3935045301914215
3374,0.5737532377243042
3375,0.3354540467262268
3376,0.6774364709854126
3377,0.5566277503967285
3378,0.7076020240783691
3379,0.6286776065826416
3380,0.2673618793487549
3381,0.49822473526000977
3382,0.3057684600353241
3383,0.25570106506347656
3384,0.2626292109489441
3385,0.22015172243118286
3386,0.34967541694641113
3387,0.26051366329193115
3388,0.5753335952758789
3389,0.46443939208984375
3390,0.3514547646045685
3391,0.4254247546195984
3392,0.48547008633613586
3393,0.5338583588600159
3394,0.4755204916000366
3395,0.22147804498672485
3396,0.9086941480636597
3397,0.36422502994537354
3398,0.6999639272689819
3399,0.3741985261440277
3400,0.7649153470993042
3401,0.6600254774093628
3402,0.5745010375976562
3403,0.5602174401283264
3404,0.5776100158691406
3405,0.28541088104248047
3406,0.49842455983161926
3407,0.6007512807846069
3408,0.3968648910522461
3409,0.8810831308364868
3410,0.4705132246017456
3411,0.3606812357902527
3412,0.7152067422866821
3413,0.5573649406433105
3414,0.4897453188896179
3415,0.5091519355773926
3416,0.22060084342956543
3417,0.478432297706604
3418,0.6672381162643433
3419,0.3332013785839081
3420,0.5002609491348267
3421,0.5329990386962891
3422,0.2571890354156494
3423,0.27782320976257324
3424,0.37471285462379456
3425,0.6296696662902832
3426,0.3301135301589966
3427,0.4087218642234802
3428,0.28916236758232117
3429,0.29229050874710083
3430,0.45365241169929504
3431,0.2248552143573761
3432,0.21459883451461792
3433,0.5203046798706055
3434,0.6793162226676941
3435,0.8533596396446228
3436,0.5243040323257446
3437,0.44262775778770447
3438,0.2571912705898285
3439,0.539929986000061
3440,0.5591810941696167
3441,0.298300176858902
3442,0.3136798143386841
3443,0.7303116917610168
3444,0.47064322233200073
3445,0.7214241623878479
3446,0.732992947101593
3447,0.3842932879924774
3448,0.5439684987068176
3449,0.607788622379303
3450,0.7747567892074585
3451,0.34344443678855896
3452,0.34284815192222595
3453,0.41215628385543823
3454,0.6692275404930115
3455,0.4358396530151367
3456,0.3152381181716919
3457,0.6957587003707886
3458,0.6876002550125122
3459,0.45671117305755615
3460,0.30979278683662415
3461,0.18751686811447144
3462,0.6086832880973816
3463,0.34947341680526733
3464,0.7163522243499756
3465,0.6351475119590759
3466,0.4313831329345703
3467,0.4790705442428589
3468,0.4361862540245056
3469,0.5695691108703613
3470,0.4440145492553711
3471,0.7175723314285278
3472,0.27345868945121765
3473,0.6844340562820435
3474,0.2623156011104584
3475,0.6388746500015259
3476,0.39689648151397705
3477,0.40314632654190063
3478,0.8384659290313721
3479,0.6166890859603882
3480,0.31874626874923706
3481,0.31194594502449036
3482,0.34671750664711
3483,0.36197203397750854
3484,0.329697847366333
3485,0.30714255571365356
3486,0.24926882982254028
3487,0.5782299041748047
3488,0.5225151181221008
3489,0.1942109316587448
3490,0.6568880081176758
3491,0.6933014392852783
3492,0.7166101932525635
3493,0.33861249685287476
3494,0.4239957332611084
3495,0.5795390605926514
3496,0.24621683359146118
3497,0.2872641086578369
3498,0.42451977729797363
3499,0.7097715735435486
3500,0.26248908042907715
3501,0.41648292541503906
3502,0.26542115211486816
3503,0.19758105278015137
3504,0.5736359357833862
3505,0.3685073256492615
3506,0.588884711265564
3507,0.5414026379585266
3508,0.4865628778934479
3509,0.37555527687072754
3510,0.26406580209732056
3511,0.36133113503456116
3512,0.5274013876914978
3513,0.396580308675766
3514,0.5777108073234558
3515,0.6683132648468018
3516,0.43596839904785156
3517,0.7221935391426086
3518,0.6138694882392883
3519,0.2912779450416565
3520,0.8261592388153076
3521,0.7033465504646301
3522,0.7052727341651917
3523,0.6591895818710327
3524,0.683616042137146
3525,0.2967376112937927
3526,0.3812386989593506
3527,0.668299674987793
3528,0.6415759325027466
3529,0.4909307360649109
3530,0.4390392303466797
3531,0.3866261839866638
3532,0.5586918592453003
3533,0.7026249170303345
3534,0.3746500611305237
3535,0.24486126005649567
3536,0.5699844360351562
3537,0.3883081078529358
3538,0.25855693221092224
3539,0.3229100704193115
3540,0.5378948450088501
3541,0.6577093005180359
3542,0.548547089099884
3543,0.45210111141204834
3544,0.4555474519729614
3545,0.5084295272827148
3546,0.5799985527992249
3547,0.3979312777519226
3548,0.35726359486579895
3549,0.34341371059417725
3550,0.5730199217796326
3551,0.28745710849761963
3552,0.33657392859458923
3553,0.46608561277389526
3554,0.5225921869277954
3555,0.3494424819946289
3556,0.6332893371582031
3557,0.6627578139305115
3558,0.6222162246704102
3559,0.28742146492004395
3560,0.7633907198905945
3561,0.39362314343452454
3562,0.5379034876823425
3563,0.2280636429786682
3564,0.32397133111953735
3565,0.32935893535614014
3566,0.7526977062225342
3567,0.4567696750164032
3568,0.36702418327331543
3569,0.42904967069625854
3570,0.26260167360305786
3571,0.8603752851486206
3572,0.6504706144332886
3573,0.503261923789978
3574,0.5781030058860779
3575,0.38321495056152344
3576,0.8039422035217285
3577,0.31826385855674744
3578,0.35413041710853577
3579,0.673653244972229
3580,0.5821412801742554
3581,0.7384985685348511
3582,0.7658058404922485
3583,0.8528185486793518
3584,0.5304615497589111
3585,0.5117269158363342
3586,0.36969006061553955
3587,0.49748268723487854
3588,0.32416409254074097
3589,0.28958120942115784
3590,0.5940945744514465
3591,0.2516615390777588
3592,0.5211459398269653
3593,0.34286415576934814
3594,0.6730824708938599
3595,0.2708449363708496
3596,0.32522332668304443
3597,0.2952984869480133
3598,0.531353771686554
3599,0.775515079498291
3600,0.35148078203201294
3601,0.7220840454101562
3602,0.8194016218185425
3603,0.571372389793396
3604,0.5819644331932068
3605,0.4012283980846405
3606,0.47576987743377686
3607,0.2663193941116333
3608,0.24401748180389404
3609,0.4706411063671112
3610,0.5581988096237183
3611,0.31998133659362793
3612,0.5097806453704834
3613,0.22010943293571472
3614,0.4852128326892853
3615,0.3823743462562561
3616,0.42728227376937866
3617,0.30366989970207214
3618,0.5817301273345947
3619,0.698992133140564
3620,0.6058028340339661
3621,0.4062625467777252
3622,0.47958695888519287
3623,0.48632967472076416
3624,0.47004377841949463
3625,0.482390820980072
3626,0.6439652442932129
3627,0.3378981947898865
3628,0.6198890805244446
3629,0.5313301086425781
3630,0.2769463062286377
3631,0.5759791135787964
3632,0.42758575081825256
3633,0.7366565465927124
3634,0.33035463094711304
3635,0.5483156442642212
3636,0.3800298571586609
3637,0.5824894905090332
3638,0.37664416432380676
3639,0.6124692559242249
3640,0.4921689033508301
3641,0.38569653034210205
3642,0.4824456572532654
3643,0.4239013195037842
3644,0.30601245164871216
3645,0.3658846616744995
3646,0.5795071125030518
3647,0.6418945789337158
3648,0.43836838006973267
3649,0.4316186308860779
3650,0.24648340046405792
3651,0.6660177707672119
3652,0.5075873732566833
3653,0.33586323261260986
3654,0.310362309217453
3655,0.33072444796562195
3656,0.3279462158679962
3657,0.4234714210033417
3658,0.27589887380599976
3659,0.42859676480293274
3660,0.5651423931121826
3661,0.31237590312957764
3662,0.247433602809906
3663,0.26105329394340515
3664,0.5174548625946045
3665,0.24828116595745087
3666,0.552902102470398
3667,0.6300460696220398
3668,0.46680915355682373
3669,0.43755903840065
3670,0.6798672676086426
3671,0.3604065775871277
3672,0.5205592513084412
3673,0.49781733751296997
3674,0.36565709114074707
3675,0.39968112111091614
3676,0.840604305267334
3677,0.31292784214019775
3678,0.22516998648643494
3679,0.31302517652511597
3680,0.7398076057434082
3681,0.5444966554641724
3682,0.5266581773757935
3683,0.4084875285625458
3684,0.552249014377594
3685,0.6136736273765564
3686,0.5394330024719238
3687,0.6804017424583435
3688,0.5040299892425537
3689,0.3163299560546875
3690,0.3193146288394928
3691,0.5668745040893555
3692,0.40910646319389343
3693,0.695399284362793
3694,0.5216628313064575
3695,0.8328641057014465
3696,0.674372673034668
3697,0.5195755958557129
3698,0.33402663469314575
3699,0.25261038541793823
3700,0.32747650146484375
3701,0.638066291809082
3702,0.5083767771720886
3703,0.46558287739753723
3704,0.2888248562812805
3705,0.35500356554985046
3706,0.6355886459350586
3707,0.3171125650405884
3708,0.2871285676956177
3709,0.606779932975769
3710,0.4256839454174042
3711,0.5611427426338196
3712,0.27131718397140503
3713,0.36430904269218445
3714,0.33663225173950195
3715,0.6036616563796997
3716,0.6573072671890259
3717,0.6335921287536621
3718,0.3337898850440979
3719,0.7387722730636597
3720,0.7420141100883484
3721,0.6740837693214417
3722,0.569651186466217
3723,0.2882499098777771
3724,0.5420864820480347
3725,0.7053937315940857
3726,0.5254279375076294
3727,0.1956416666507721
3728,0.3013262152671814
3729,0.2974722981452942
3730,0.4868709444999695
3731,0.7736730575561523
3732,0.6122308969497681
3733,0.5253006815910339
3734,0.43897995352745056
3735,0.5507458448410034
3736,0.460446834564209
3737,0.22300942242145538
3738,0.5768303275108337
3739,0.4081486463546753
3740,0.28768807649612427
3741,0.25745245814323425
3742,0.4776066839694977
3743,0.5545791387557983
3744,0.3246423602104187
3745,0.5254778265953064
3746,0.901498019695282
3747,0.2776394784450531
3748,0.23564893007278442
3749,0.7994710206985474
3750,0.7804534435272217
3751,0.4334377944469452
3752,0.4815039336681366
3753,0.19542434811592102
3754,0.46167826652526855
3755,0.291218101978302
3756,0.43064218759536743
3757,0.2366936355829239
3758,0.3235829174518585
3759,0.2991555333137512
3760,0.5631383061408997
3761,0.2838916778564453
3762,0.5454891920089722
3763,0.7772729396820068
3764,0.2441054880619049
3765,0.3241891860961914
3766,0.6832879781723022
3767,0.37533503770828247
3768,0.2687593102455139
3769,0.30238866806030273
3770,0.42347824573516846
3771,0.5218415856361389
3772,0.5150493383407593
3773,0.38401222229003906
3774,0.4744681715965271
3775,0.3874475657939911
3776,0.287556529045105
3777,0.5145794153213501
3778,0.629249095916748
3779,0.6807370781898499
3780,0.3936567008495331
3781,0.6083285212516785
3782,0.24796688556671143
3783,0.32183849811553955
3784,0.7532668113708496
3785,0.30044594407081604
3786,0.39514976739883423
3787,0.5695997476577759
3788,0.36599764227867126
3789,0.23222975432872772
3790,0.4983992576599121
3791,0.44427573680877686
3792,0.5639486312866211
3793,0.3473493456840515
3794,0.47471654415130615
3795,0.541293740272522
3796,0.40909528732299805
3797,0.5361046195030212
3798,0.34125036001205444
3799,0.43756812810897827
3800,0.27779197692871094
3801,0.31227603554725647
3802,0.4082452654838562
3803,0.5926346778869629
3804,0.43647292256355286
3805,0.41041284799575806
3806,0.35865283012390137
3807,0.6352827548980713
3808,0.7773069739341736
3809,0.3996041417121887
3810,0.25745856761932373
3811,0.6451152563095093
3812,0.31070676445961
3813,0.3605024814605713
3814,0.5667296648025513
3815,0.69945228099823
3816,0.26042985916137695
3817,0.5376465916633606
3818,0.4761830270290375
3819,0.6834392547607422
3820,0.22969290614128113
3821,0.8509148359298706
3822,0.7383299469947815
3823,0.6782259345054626
3824,0.3654763400554657
3825,0.3400479555130005
3826,0.29272133111953735
3827,0.8371672630310059
3828,0.5112977027893066
3829,0.5908446311950684
3830,0.6585706472396851
3831,0.3267650604248047
3832,0.7578755617141724
3833,0.6630877256393433
3834,0.20000672340393066
3835,0.35055649280548096
3836,0.3247527480125427
3837,0.3664435148239136
3838,0.3295121490955353
3839,0.5754685997962952
3840,0.528522253036499
3841,0.5093807578086853
3842,0.3780590295791626
3843,0.6068885326385498
3844,0.4696766436100006
3845,0.33682966232299805
3846,0.5218939781188965
3847,0.2627204358577728
3848,0.610942006111145
3849,0.521993100643158
3850,0.3918020725250244
3851,0.6897753477096558
3852,0.33499783277511597
3853,0.2997817397117615
3854,0.34436118602752686
3855,0.4045352637767792
3856,0.35438475012779236
3857,0.4207282066345215
3858,0.3040196895599365
3859,0.8442496657371521
3860,0.41177964210510254
3861,0.472608745098114
3862,0.36833375692367554
3863,0.5461604595184326
3864,0.2978842854499817
3865,0.5572247505187988
3866,0.8150511980056763
3867,0.2907800078392029
3868,0.38203680515289307
3869,0.8667241930961609
3870,0.7917725443840027
3871,0.5351207256317139
3872,0.440388023853302
3873,0.2836354374885559
3874,0.45206475257873535
3875,0.6434875726699829
3876,0.4211052656173706
3877,0.36671584844589233
3878,0.3824000358581543
3879,0.3507235646247864
3880,0.6904030442237854
3881,0.34057196974754333
3882,0.4592735767364502
3883,0.6196285486221313
3884,0.3369397819042206
3885,0.6558583974838257
3886,0.4939298629760742
3887,0.27076491713523865
3888,0.35580208897590637
3889,0.809140682220459
3890,0.3212871849536896
3891,0.38874584436416626
3892,0.3798547089099884
3893,0.6644523739814758
3894,0.4377240836620331
3895,0.40754368901252747
3896,0.7289463877677917
3897,0.30135008692741394
3898,0.634749174118042
3899,0.4913804531097412
3900,0.2664894461631775
3901,0.3594447076320648
3902,0.7117717266082764
3903,0.8001580238342285
3904,0.576525866985321
3905,0.6597802639007568
3906,0.6258800029754639
3907,0.44958704710006714
3908,0.37431639432907104
3909,0.6492884159088135
3910,0.6704940795898438
3911,0.521060049533844
3912,0.9009579420089722
3913,0.6033371686935425
3914,0.3838406205177307
3915,0.3131731152534485
3916,0.7534494400024414
3917,0.4607912003993988
3918,0.5914994478225708
3919,0.4514342248439789
3920,0.3813399374485016
3921,0.4877074360847473
3922,0.8039537668228149
3923,0.6531342267990112
3924,0.579753577709198
3925,0.7491666674613953
3926,0.3894761800765991
3927,0.22835642099380493
3928,0.36459189653396606
3929,0.4131484925746918
3930,0.27285030484199524
3931,0.20636865496635437
3932,0.47521743178367615
3933,0.46724700927734375
3934,0.7646052837371826
3935,0.23568397760391235
3936,0.33797311782836914
3937,0.5540611743927002
3938,0.3668673634529114
3939,0.34695515036582947
3940,0.31328439712524414
3941,0.4205993413925171
3942,0.28073710203170776
3943,0.6403065919876099
3944,0.5567363500595093
3945,0.6033158302307129
3946,0.8687762022018433
3947,0.4221692979335785
3948,0.8128767609596252
3949,0.33608686923980713
3950,0.5198911428451538
3951,0.32012617588043213
3952,0.5782091617584229
3953,0.6707528829574585
3954,0.6757767796516418
3955,0.3522995710372925
3956,0.39366814494132996
3957,0.5143795013427734
3958,0.4684739112854004
3959,0.3207138180732727
3960,0.4011574387550354
3961,0.32933858036994934
3962,0.19365397095680237
3963,0.35726532340049744
3964,0.4666694104671478
3965,0.590868353843689
3966,0.6198505163192749
3967,0.5237140655517578
3968,0.6775660514831543
3969,0.6053206920623779
3970,0.5141001343727112
3971,0.5494552254676819
3972,0.50026935338974
3973,0.759306788444519
3974,0.39338529109954834
3975,0.42177435755729675
3976,0.256890207529068
3977,0.5206453204154968
3978,0.44889748096466064
3979,0.3815775513648987
3980,0.5141959190368652
3981,0.8591823577880859
3982,0.41535186767578125
3983,0.3897605836391449
3984,0.6202674508094788
3985,0.47238636016845703
3986,0.6433379650115967
3987,0.4028300642967224
3988,0.655243992805481
3989,0.2206525206565857
3990,0.4831870198249817
3991,0.5802323818206787
3992,0.7331252694129944
3993,0.5175327062606812
3994,0.40151247382164
3995,0.3345738351345062
3996,0.40819692611694336
3997,0.7485861778259277
3998,0.6306023597717285
3999,0.8713757991790771
4000,0.7039930820465088
4001,0.4211634695529938
4002,0.37668392062187195
4003,0.45367324352264404
4004,0.5875152349472046
4005,0.8225438594818115
4006,0.5712098479270935
4007,0.29108184576034546
4008,0.26183754205703735
4009,0.3002561330795288
4010,0.28596097230911255
4011,0.49562200903892517
4012,0.3721911311149597
4013,0.3529897928237915
4014,0.702415943145752
4015,0.48529404401779175
4016,0.22372516989707947
4017,0.6611037850379944
4018,0.4230402708053589
4019,0.5754873752593994
4020,0.29917776584625244
4021,0.24961891770362854
4022,0.4420914351940155
4023,0.7513294219970703
4024,0.594022274017334
4025,0.3315437436103821
4026,0.6310044527053833
4027,0.5452601313591003
4028,0.2847714424133301
4029,0.5550968647003174
4030,0.6402777433395386
4031,0.3892221748828888
4032,0.2698532044887543
4033,0.6683498024940491
4034,0.4938923716545105
4035,0.47075438499450684
4036,0.441378116607666
4037,0.7150688171386719
4038,0.6062291264533997
4039,0.5335775017738342
4040,0.5864741802215576
4041,0.44064855575561523
4042,0.44660910964012146
4043,0.33145344257354736
4044,0.27674251794815063
4045,0.2731929421424866
4046,0.3169553279876709
4047,0.3544422388076782
4048,0.5219111442565918
4049,0.6893190145492554
4050,0.5793929696083069
4051,0.5557183027267456
4052,0.5005795955657959
4053,0.45877307653427124
4054,0.4438723921775818
4055,0.342495322227478
4056,0.2044794112443924
4057,0.44475358724594116
4058,0.8228377103805542
4059,0.5629112124443054
4060,0.6675450205802917
4061,0.3092111051082611
4062,0.6629961729049683
4063,0.3457501530647278
4064,0.30103275179862976
4065,0.41790854930877686
4066,0.6439424753189087
4067,0.5586717128753662
4068,0.687593400478363
4069,0.7616509199142456
4070,0.6815453171730042
4071,0.6920614242553711
4072,0.4114421010017395
4073,0.328011691570282
4074,0.4877173900604248
4075,0.27859726548194885
4076,0.5208486318588257
4077,0.42515140771865845
4078,0.49860602617263794
4079,0.41389915347099304
4080,0.6704128980636597
4081,0.3556038737297058
4082,0.3807171583175659
4083,0.6107474565505981
4084,0.26754435896873474
4085,0.5163362622261047
4086,0.2824128568172455
4087,0.30809730291366577
4088,0.2178470641374588
4089,0.6833659410476685
4090,0.6273733973503113
4091,0.7437921762466431
4092,0.430856853723526
4093,0.32495105266571045
4094,0.5354569554328918
4095,0.5691372752189636
4096,0.16151954233646393
4097,0.6080478429794312
4098,0.35947132110595703
4099,0.39778685569763184
4100,0.5367242693901062
4101,0.4933898150920868
4102,0.7011243104934692
4103,0.2670343518257141
4104,0.6822776794433594
4105,0.35946202278137207
4106,0.5147485733032227
4107,0.32482290267944336
4108,0.3818417191505432
4109,0.5165697932243347
4110,0.7124050855636597
4111,0.20656634867191315
4112,0.4144604206085205
4113,0.6404029130935669
4114,0.782723605632782
4115,0.37084415555000305
4116,0.6825395822525024
4117,0.4187853932380676
4118,0.2117101550102234
4119,0.7917715311050415
4120,0.32539963722229004
4121,0.34444618225097656
4122,0.7346600294113159
4123,0.49634015560150146
4124,0.406934916973114
4125,0.46964600682258606
4126,0.7476499080657959
4127,0.4561159610748291
4128,0.27189674973487854
4129,0.29426562786102295
4130,0.4328653812408447
4131,0.6157255172729492
4132,0.6276100873947144
4133,0.3814983069896698
4134,0.2832883596420288
4135,0.4204329252243042
4136,0.4334922432899475
4137,0.29998987913131714
4138,0.23557688295841217
4139,0.5743025541305542
4140,0.6476188898086548
4141,0.7463328838348389
4142,0.6220195293426514
4143,0.729851484298706
4144,0.31677356362342834
4145,0.5771923065185547
4146,0.365843266248703
4147,0.862253725528717
4148,0.3155020475387573
4149,0.4467708468437195
4150,0.40946847200393677
4151,0.8401883244514465
4152,0.3687068521976471
4153,0.2920985221862793
4154,0.3330443799495697
4155,0.8201239109039307
4156,0.45523184537887573
4157,0.6541551947593689
4158,0.4571857452392578
4159,0.6470947265625
4160,0.39870619773864746
4161,0.2929084300994873
4162,0.43825119733810425
4163,0.5103421211242676
4164,0.296714186668396
4165,0.7817245125770569
4166,0.6584739089012146
4167,0.5056166648864746
4168,0.5786190032958984
4169,0.323045015335083
4170,0.5117560625076294
4171,0.43294525146484375
4172,0.5485575199127197
4173,0.6115620136260986
4174,0.5583397150039673
4175,0.7290849685668945
4176,0.30931538343429565
4177,0.6362041234970093
4178,0.39015406370162964
4179,0.6934851408004761
4180,0.4169805347919464
4181,0.2624109387397766
4182,0.4655393660068512
4183,0.7335564494132996
4184,0.5413029193878174
4185,0.7135178446769714
4186,0.3950459361076355
4187,0.33682894706726074
4188,0.5035500526428223
4189,0.31072163581848145
4190,0.27207010984420776
4191,0.6811832189559937
4192,0.25641417503356934
4193,0.3875642418861389
4194,0.33934175968170166
4195,0.4244498610496521
4196,0.38430529832839966
4197,0.5621932744979858
4198,0.36454927921295166
4199,0.5583080649375916
4200,0.3632713556289673
4201,0.49649012088775635
4202,0.4897325038909912
4203,0.512730598449707
4204,0.696887731552124
4205,0.7019906044006348
4206,0.573172926902771
4207,0.44089534878730774
4208,0.24360358715057373
4209,0.33758509159088135
4210,0.6199681162834167
4211,0.6218701601028442
4212,0.26019853353500366
4213,0.6927438974380493
4214,0.5600452423095703
4215,0.41513216495513916
4216,0.25006917119026184
4217,0.6970912218093872
4218,0.3149116039276123
4219,0.6091839671134949
4220,0.7103922367095947
4221,0.344914048910141
4222,0.6704566478729248
4223,0.5074619650840759
4224,0.433587908744812
4225,0.2716830372810364
4226,0.6564918160438538
4227,0.5260659456253052
4228,0.565247654914856
4229,0.1818481683731079
4230,0.4318029284477234
4231,0.5383825302124023
4232,0.499728798866272
4233,0.3628053665161133
4234,0.2919781506061554
4235,0.32939818501472473
4236,0.6684623956680298
4237,0.6929830312728882
4238,0.5011190176010132
4239,0.3767492175102234
4240,0.6816025972366333
4241,0.33451205492019653
4242,0.2729889154434204
4243,0.7123251557350159
4244,0.5256723165512085
4245,0.4435691237449646
4246,0.6307598352432251
4247,0.3095157742500305
4248,0.41456860303878784
4249,0.3073873817920685
4250,0.6152253150939941
4251,0.35882019996643066
4252,0.3866247534751892
4253,0.4081588387489319
4254,0.6359977126121521
4255,0.47400274872779846
4256,0.35384345054626465
4257,0.40039345622062683
4258,0.23303699493408203
4259,0.527827262878418
4260,0.7592516541481018
4261,0.8173356652259827
4262,0.4764648377895355
4263,0.4151937663555145
4264,0.27219030261039734
4265,0.3753355145454407
4266,0.7071319818496704
4267,0.4500890374183655
4268,0.241359680891037
4269,0.33025413751602173
4270,0.4395456314086914
4271,0.3977605402469635
4272,0.3052603602409363
4273,0.559952974319458
4274,0.669183611869812
4275,0.2557673156261444
4276,0.3727078437805176
4277,0.3981446325778961
4278,0.23394179344177246
4279,0.3016716241836548
4280,0.6642327308654785
4281,0.502800464630127
4282,0.7438881397247314
4283,0.5802727341651917
4284,0.6723676323890686
4285,0.29002559185028076
4286,0.4922124147415161
4287,0.34928032755851746
4288,0.5148569941520691
4289,0.6640026569366455
4290,0.6658706665039062
4291,0.6076312065124512
4292,0.5920495986938477
4293,0.7534728646278381
4294,0.694637656211853
4295,0.28282201290130615
4296,0.3959338366985321
4297,0.5593626499176025
4298,0.6544176340103149
4299,0.5268022418022156
4300,0.6352007389068604
4301,0.670884370803833
4302,0.5146340131759644
4303,0.3732955753803253
4304,0.6857171058654785
4305,0.26884832978248596
4306,0.6001808643341064
4307,0.3296526074409485
4308,0.5213326215744019
4309,0.33359837532043457
4310,0.5543581247329712
4311,0.5437471866607666
4312,0.45298558473587036
4313,0.4952605664730072
4314,0.6882436275482178
4315,0.644611120223999
4316,0.5447694659233093
4317,0.40376436710357666
4318,0.24070478975772858
4319,0.43702247738838196
4320,0.4516898989677429
4321,0.36302411556243896
4322,0.3536871671676636
4323,0.7726496458053589
4324,0.3816157281398773
4325,0.421711266040802
4326,0.42837491631507874
4327,0.5752363801002502
4328,0.6597740650177002
4329,0.3572891652584076
4330,0.25705263018608093
4331,0.28389492630958557
4332,0.1834956258535385
4333,0.4878903031349182
4334,0.2909889817237854
4335,0.42194294929504395
4336,0.4381275177001953
4337,0.4056060314178467
4338,0.5582877397537231
4339,0.4291595220565796
4340,0.3780980408191681
4341,0.2184458076953888
4342,0.5444488525390625
4343,0.6443662643432617
4344,0.40355145931243896
4345,0.3523179888725281
4346,0.4511148929595947
4347,0.3315025866031647
4348,0.3740891218185425
4349,0.3251144289970398
4350,0.3123242259025574
4351,0.2039012610912323
4352,0.578122615814209
4353,0.3084248900413513
4354,0.7230751514434814
4355,0.5660327076911926
4356,0.6412332653999329
4357,0.5899898409843445
4358,0.3588714599609375
4359,0.3480292558670044
4360,0.26804858446121216
4361,0.49692264199256897
4362,0.37179839611053467
4363,0.5566847920417786
4364,0.732509970664978
4365,0.49068525433540344
4366,0.24937443435192108
4367,0.3529738485813141
4368,0.3231421709060669
4369,0.4084235429763794
4370,0.5389301776885986
4371,0.42580217123031616
4372,0.35909342765808105
4373,0.37060150504112244
4374,0.2615775167942047
4375,0.31814125180244446
4376,0.6309703588485718
4377,0.48945876955986023
4378,0.6504126191139221
4379,0.6156524419784546
4380,0.7018321752548218
4381,0.8782194256782532
4382,0.29292231798171997
4383,0.6468100547790527
4384,0.5827152132987976
4385,0.3373757004737854
4386,0.5272002220153809
4387,0.2911498546600342
4388,0.36770832538604736
4389,0.4283774495124817
4390,0.5361361503601074
4391,0.4817560315132141
4392,0.7035523653030396
4393,0.6428065299987793
4394,0.6262741088867188
4395,0.4407769739627838
4396,0.46926289796829224
4397,0.4826899766921997
4398,0.2070668786764145
4399,0.5878208875656128
4400,0.20882834494113922
4401,0.6537941694259644
4402,0.471049040555954
4403,0.5679898858070374
4404,0.5937898755073547
4405,0.34317663311958313
4406,0.8774883151054382
4407,0.5798102617263794
4408,0.3072947859764099
4409,0.7753432989120483
4410,0.3148272633552551
4411,0.2619786858558655
4412,0.48272812366485596
4413,0.3907833695411682
4414,0.6724812984466553
4415,0.3250681459903717
4416,0.3218034505844116
4417,0.5399624705314636
4418,0.42990076541900635
4419,0.27109384536743164
4420,0.30326128005981445
4421,0.4001454710960388
4422,0.5636649131774902
4423,0.3750529885292053
4424,0.5108017921447754
4425,0.5626120567321777
4426,0.5983366966247559
4427,0.6258522272109985
4428,0.48413047194480896
4429,0.43420466780662537
4430,0.43463051319122314
4431,0.7501516342163086
4432,0.4414842426776886
4433,0.7033474445343018
4434,0.685502290725708
4435,0.6269984245300293
4436,0.39279046654701233
4437,0.3070598244667053
4438,0.34111449122428894
4439,0.47200828790664673
4440,0.2888343334197998
4441,0.3092811107635498
4442,0.5041103959083557
4443,0.417944997549057
4444,0.4049149453639984
4445,0.3628087043762207
4446,0.3156430721282959
4447,0.6544811725616455
4448,0.793387770652771
4449,0.2993471622467041
4450,0.5411176681518555
4451,0.49409598112106323
4452,0.3863166570663452
4453,0.4126080572605133
4454,0.4839946925640106
4455,0.5743734836578369
4456,0.6864502429962158
4457,0.24051091074943542
4458,0.38223063945770264
4459,0.4035639464855194
4460,0.5811408758163452
4461,0.5758154392242432
4462,0.35461270809173584
4463,0.30659109354019165
4464,0.7014064192771912
4465,0.3035878837108612
4466,0.39782264828681946
4467,0.8828200101852417
4468,0.29672151803970337
4469,0.272220253944397
4470,0.5175617337226868
4471,0.35920894145965576
4472,0.4971115291118622
4473,0.8818124532699585
4474,0.9152691960334778
4475,0.6393072605133057
4476,0.39231443405151367
4477,0.6623388528823853
4478,0.3694112300872803
4479,0.4546278715133667
4480,0.5560570955276489
4481,0.33434808254241943
4482,0.5426453351974487
4483,0.579857349395752
4484,0.3666329085826874
4485,0.6993494033813477
4486,0.4605059027671814
4487,0.3603735566139221
4488,0.32399338483810425
4489,0.293015718460083
4490,0.4938729703426361
4491,0.6759801506996155
4492,0.35245150327682495
4493,0.6112234592437744
4494,0.5575947761535645
4495,0.4218911826610565
4496,0.8071057796478271
4497,0.38872575759887695
4498,0.6931439638137817
4499,0.4951474070549011
4500,0.23621617257595062
4501,0.5877191424369812
4502,0.8026160001754761
4503,0.30985864996910095
4504,0.7986221313476562
4505,0.519801139831543
4506,0.35855498909950256
4507,0.5171604156494141
4508,0.42416930198669434
4509,0.7271105051040649
4510,0.2624206244945526
4511,0.5933984518051147
4512,0.2745693325996399
4513,0.42366355657577515
4514,0.4826629161834717
4515,0.5244468450546265
4516,0.3528560400009155
4517,0.5825063586235046
4518,0.5617800354957581
4519,0.4833388328552246
4520,0.5827769041061401
4521,0.5096583962440491
4522,0.31119608879089355
4523,0.29401475191116333
4524,0.3504728674888611
4525,0.7048962712287903
4526,0.7750566005706787
4527,0.6528453230857849
4528,0.7468847632408142
4529,0.566504955291748
4530,0.2510398030281067
4531,0.6850186586380005
4532,0.5260047912597656
4533,0.7141417264938354
4534,0.736362636089325
4535,0.23954856395721436
4536,0.4669118821620941
4537,0.4530986547470093
4538,0.45859411358833313
4539,0.4024832248687744
4540,0.3987925052642822
4541,0.6166690587997437
4542,0.2945612072944641
4543,0.27984970808029175
4544,0.29680392146110535
4545,0.8358973264694214
4546,0.7550457715988159
4547,0.519569993019104
4548,0.34155404567718506
4549,0.5917649865150452
4550,0.30989474058151245
4551,0.4120903015136719
4552,0.377888947725296
4553,0.6249170303344727
4554,0.4007669687271118
4555,0.39019328355789185
4556,0.4959193766117096
4557,0.5040044784545898
4558,0.370169460773468
4559,0.5727578401565552
4560,0.49528375267982483
4561,0.26437312364578247
4562,0.4481697678565979
4563,0.339496374130249
4564,0.39802801609039307
4565,0.26442208886146545
4566,0.6979856491088867
4567,0.38512858748435974
4568,0.3381084203720093
4569,0.4757623076438904
4570,0.31688517332077026
4571,0.33023524284362793
4572,0.31751230359077454
4573,0.5087943077087402
4574,0.6166636943817139
4575,0.6568426489830017
4576,0.5681577920913696
4577,0.604454517364502
4578,0.32124626636505127
4579,0.5139025449752808
4580,0.391291081905365
4581,0.3783990144729614
4582,0.43009257316589355
4583,0.638153076171875
4584,0.8191518187522888
4585,0.41711097955703735
4586,0.5382274985313416
4587,0.46151530742645264
4588,0.26854467391967773
4589,0.6150797605514526
4590,0.312430202960968
4591,0.4289509057998657
4592,0.525183379650116
4593,0.7458902597427368
4594,0.42582499980926514
4595,0.31311672925949097
4596,0.4541025161743164
4597,0.5347241163253784
4598,0.7276269197463989
4599,0.5640469789505005
4600,0.7670038938522339
4601,0.5057202577590942
4602,0.5002579092979431
4603,0.3849244713783264
4604,0.6821964979171753
4605,0.5521920323371887
4606,0.6869935989379883
4607,0.6745688915252686
4608,0.5918395519256592
4609,0.7611678838729858
4610,0.3163057565689087
4611,0.3307301998138428
4612,0.4899738132953644
4613,0.592529296875
4614,0.36961829662323
4615,0.4164647161960602
4616,0.3583698272705078
4617,0.6550624370574951
4618,0.792107343673706
4619,0.3716335594654083
4620,0.5676285028457642
4621,0.3254951238632202
4622,0.6258419156074524
4623,0.6445921063423157
4624,0.42890214920043945
4625,0.696773886680603
4626,0.575247049331665
4627,0.7161717414855957
4628,0.48680394887924194
4629,0.5751420855522156
4630,0.5721411108970642
4631,0.504355788230896
4632,0.38743674755096436
4633,0.5552938580513
4634,0.283814400434494
4635,0.6490792036056519
4636,0.49312353134155273
4637,0.3274431824684143
4638,0.5355435609817505
4639,0.34090912342071533
4640,0.2904420793056488
4641,0.32306283712387085
4642,0.4352145195007324
4643,0.5271391868591309
4644,0.7705063223838806
4645,0.7960007190704346
4646,0.39045536518096924
4647,0.3916442394256592
4648,0.7714253664016724
4649,0.36444932222366333
4650,0.5567543506622314
4651,0.49806028604507446
4652,0.5528559684753418
4653,0.45057234168052673
4654,0.3544396162033081
4655,0.37218523025512695
4656,0.3228590786457062
4657,0.2815873622894287
4658,0.36557209491729736
4659,0.2649117410182953
4660,0.5843266844749451
4661,0.16548995673656464
4662,0.6483933925628662
4663,0.4431149363517761
4664,0.5796458721160889
4665,0.2289673238992691
4666,0.23296833038330078
4667,0.22539226710796356
4668,0.34166690707206726
4669,0.3284740447998047
4670,0.5263429880142212
4671,0.3675956130027771
4672,0.5666787624359131
4673,0.43456992506980896
4674,0.5154635906219482
4675,0.33889979124069214
4676,0.6380687952041626
4677,0.2086518108844757
4678,0.42046958208084106
4679,0.5638339519500732
4680,0.44557225704193115
4681,0.3733234703540802
4682,0.6043683886528015
4683,0.3543679118156433
4684,0.47850731015205383
4685,0.452328622341156
4686,0.5849635004997253
4687,0.29687392711639404
4688,0.6242673397064209
4689,0.6535329818725586
4690,0.6888139247894287
4691,0.48022225499153137
4692,0.4958493411540985
4693,0.2408810257911682
4694,0.5561705231666565
4695,0.38032835721969604
4696,0.5817018747329712
4697,0.4621856212615967
4698,0.4914318025112152
4699,0.6279264688491821
4700,0.6556012630462646
4701,0.620563268661499
4702,0.34432142972946167
4703,0.5292242169380188
4704,0.42017313838005066
4705,0.49216192960739136
4706,0.3973793387413025
4707,0.4671373963356018
4708,0.5496141910552979
4709,0.4548153281211853
4710,0.761249303817749
4711,0.8468841910362244
4712,0.6284823417663574
4713,0.5486466884613037
4714,0.5358954668045044
4715,0.5358082056045532
4716,0.6865518689155579
4717,0.6930545568466187
4718,0.64057457447052
4719,0.24395868182182312
4720,0.348593533039093
4721,0.2847040295600891
4722,0.5386805534362793
4723,0.6150100231170654
4724,0.23580074310302734
4725,0.7611305117607117
4726,0.5712454915046692
4727,0.4343947768211365
4728,0.6556915044784546
4729,0.39603927731513977
4730,0.5964535474777222
4731,0.29211926460266113
4732,0.3659624457359314
4733,0.39157918095588684
4734,0.6415938138961792
4735,0.6760673522949219
4736,0.7654086351394653
4737,0.35020652413368225
4738,0.3671755790710449
4739,0.5708491802215576
4740,0.4702969193458557
4741,0.6171223521232605
4742,0.2989084720611572
4743,0.27228665351867676
4744,0.6747580766677856
4745,0.3129764795303345
4746,0.26377132534980774
4747,0.6773848533630371
4748,0.352575421333313
4749,0.32536929845809937
4750,0.5775457620620728
4751,0.2864046096801758
4752,0.33139729499816895
4753,0.4015923738479614
4754,0.475494921207428
4755,0.6516106724739075
4756,0.60305255651474
4757,0.8185595273971558
4758,0.4081614017486572
4759,0.5138025283813477
4760,0.7138954401016235
4761,0.3648965060710907
4762,0.3314740061759949
4763,0.5244782567024231
4764,0.4131559729576111
4765,0.2979529798030853
4766,0.3838242292404175
4767,0.3260677456855774
4768,0.7226221561431885
4769,0.3466538190841675
4770,0.27486705780029297
4771,0.2877137064933777
4772,0.3654060363769531
4773,0.6379328966140747
4774,0.4569339454174042
4775,0.4976397752761841
4776,0.43166691064834595
4777,0.37835514545440674
4778,0.563940167427063
4779,0.5980738997459412
4780,0.39293113350868225
4781,0.29075661301612854
4782,0.5868998765945435
4783,0.2782590389251709
4784,0.5796743631362915
4785,0.3269346356391907
4786,0.42154622077941895
4787,0.718458890914917
4788,0.3661520481109619
4789,0.7757901549339294
4790,0.4572584331035614
4791,0.5728522539138794
4792,0.6495610475540161
4793,0.4188826084136963
4794,0.3564727306365967
4795,0.3948569595813751
4796,0.3763500154018402
4797,0.725082278251648
4798,0.5861602425575256
4799,0.5137460231781006
4800,0.45787519216537476
4801,0.5942559838294983
4802,0.3707924485206604
4803,0.3235698342323303
4804,0.37259891629219055
4805,0.7441145777702332
4806,0.6361875534057617
4807,0.8004058599472046
4808,0.2930745482444763
4809,0.3871482014656067
4810,0.31994879245758057
4811,0.15727493166923523
4812,0.3875471353530884
4813,0.7776459455490112
4814,0.4364144206047058
4815,0.38042569160461426
4816,0.33719030022621155
4817,0.6302853226661682
4818,0.5906341075897217
4819,0.7423481345176697
4820,0.27714091539382935
4821,0.5373228192329407
4822,0.3175511956214905
4823,0.6136088371276855
4824,0.6934006810188293
4825,0.3720927834510803
4826,0.3836851119995117
4827,0.3860238790512085
4828,0.5434942841529846
4829,0.5796976089477539
4830,0.5097264051437378
4831,0.6195452213287354
4832,0.6345710158348083
4833,0.6215068101882935
4834,0.5596607327461243
4835,0.4671907424926758
4836,0.729265034198761
4837,0.4123425781726837
4838,0.7238461971282959
4839,0.414867639541626
4840,0.7337322235107422
4841,0.3116801381111145
4842,0.4498569965362549
4843,0.4604926109313965
4844,0.6007084250450134
4845,0.45547184348106384
4846,0.42499738931655884
4847,0.5428953170776367
4848,0.2364170253276825
4849,0.3596487045288086
4850,0.38494688272476196
4851,0.5906550884246826
4852,0.3203861117362976
4853,0.47404512763023376
4854,0.6723350286483765
4855,0.23496389389038086
4856,0.31607645750045776
4857,0.5441572666168213
4858,0.7503020167350769
4859,0.5459456443786621
4860,0.5728962421417236
4861,0.9133296608924866
4862,0.8568459749221802
4863,0.4689980745315552
4864,0.6935084462165833
4865,0.32616475224494934
4866,0.6978062391281128
4867,0.5361049175262451
4868,0.3932415843009949
4869,0.3971005976200104
4870,0.7554028034210205
4871,0.6151840686798096
4872,0.26725754141807556
4873,0.40853333473205566
4874,0.7567350268363953
4875,0.6016332507133484
4876,0.44711583852767944
4877,0.3991393446922302
4878,0.48257768154144287
4879,0.29320287704467773
4880,0.42137715220451355
4881,0.6578370928764343
4882,0.5836281776428223
4883,0.6399614810943604
4884,0.583762526512146
4885,0.5789118409156799
4886,0.4799785912036896
4887,0.5912747979164124
4888,0.410765677690506
4889,0.4763134717941284
4890,0.27448463439941406
4891,0.5667753219604492
4892,0.7607309818267822
4893,0.805797815322876
4894,0.3103928565979004
4895,0.32519397139549255
4896,0.3786991834640503
4897,0.3521977663040161
4898,0.6428523063659668
4899,0.4346618056297302
4900,0.37002989649772644
4901,0.5063821077346802
4902,0.5284388065338135
4903,0.8216955661773682
4904,0.8184974789619446
4905,0.4926200211048126
4906,0.40669989585876465
4907,0.2638482451438904
4908,0.30457282066345215
4909,0.4643787741661072
4910,0.752616822719574
4911,0.28514695167541504
4912,0.5184637308120728
4913,0.38958093523979187
4914,0.3559442162513733
4915,0.6590704321861267
4916,0.25929781794548035
4917,0.6330580711364746
4918,0.4422425925731659
4919,0.6975129246711731
4920,0.32416629791259766
4921,0.39249148964881897
4922,0.416894793510437
4923,0.5112044811248779
4924,0.3861541152000427
4925,0.4674801826477051
4926,0.5855531692504883
4927,0.3329572081565857
4928,0.19952163100242615
4929,0.47651031613349915
4930,0.3480318486690521
4931,0.6164364814758301
4932,0.39947009086608887
4933,0.23026935756206512
4934,0.6291139125823975
4935,0.2339320182800293
4936,0.30672889947891235
4937,0.6363634467124939
4938,0.2790285348892212
4939,0.7109127640724182
4940,0.4445682168006897
4941,0.564344584941864
4942,0.43006575107574463
4943,0.5543959140777588
4944,0.7399316430091858
4945,0.42060619592666626
4946,0.18930388987064362
4947,0.2857758402824402
4948,0.5615862011909485
4949,0.6323028206825256
4950,0.28804051876068115
4951,0.5668275356292725
4952,0.3399540185928345
4953,0.7594236135482788
4954,0.419735848903656
4955,0.7149709463119507
4956,0.41241908073425293
4957,0.3476855456829071
4958,0.44556358456611633
4959,0.4527784287929535
4960,0.25098150968551636
4961,0.37679219245910645
4962,0.6814579963684082
4963,0.24138690531253815
4964,0.6408575773239136
4965,0.6194825172424316
4966,0.31780803203582764
4967,0.4439185857772827
4968,0.2616356313228607
4969,0.6199329495429993
4970,0.6101851463317871
4971,0.3002322316169739
4972,0.4913783073425293
4973,0.6830174922943115
4974,0.6322382688522339
4975,0.3751751184463501
4976,0.33074334263801575
4977,0.350715309381485
4978,0.28761357069015503
4979,0.3907889425754547
4980,0.5622307062149048
4981,0.44385355710983276
4982,0.5310792326927185
4983,0.2582187056541443
4984,0.6338427662849426
4985,0.3703501522541046
4986,0.641670823097229
4987,0.5043549537658691
4988,0.4932006299495697
4989,0.765538215637207
4990,0.6668698787689209
4991,0.2856820225715637
4992,0.43527930974960327
4993,0.3188442885875702
4994,0.5676964521408081
4995,0.37974119186401367
4996,0.4231855273246765
4997,0.6894316077232361
4998,0.5001341104507446
4999,0.6656621694564819
5000,0.35510098934173584
5001,0.6050742864608765
5002,0.27719080448150635
5003,0.5934944152832031
5004,0.879038393497467
5005,0.6638416051864624
5006,0.6164981126785278
5007,0.6232624053955078
5008,0.2580033242702484
5009,0.29634398221969604
5010,0.5350373387336731
5011,0.694040834903717
5012,0.354142427444458
5013,0.7262067794799805
5014,0.3383565843105316
5015,0.8618557453155518
5016,0.6029508709907532
5017,0.8858754634857178
5018,0.9383260607719421
5019,0.2997908592224121
5020,0.26023900508880615
5021,0.28430068492889404
5022,0.4123373031616211
5023,0.643241286277771
5024,0.6093767285346985
5025,0.7679548263549805
5026,0.5184221267700195
5027,0.3013153076171875
5028,0.7189747095108032
5029,0.3001134991645813
5030,0.8210416436195374
5031,0.5947123169898987
5032,0.6110352873802185
5033,0.5551533699035645
5034,0.3347530663013458
5035,0.5864270925521851
5036,0.31689831614494324
5037,0.6302552819252014
5038,0.6576023101806641
5039,0.517571210861206
5040,0.30841371417045593
5041,0.43636375665664673
5042,0.5261842012405396
5043,0.6447070837020874
5044,0.3392390310764313
5045,0.3747897744178772
5046,0.383762001991272
5047,0.7326745390892029
5048,0.668874979019165
5049,0.6570707559585571
5050,0.2364775836467743
5051,0.4137979745864868
5052,0.410422682762146
5053,0.2815043032169342
5054,0.23352596163749695
5055,0.38201332092285156
5056,0.490125834941864
5057,0.3849031329154968
5058,0.2718484699726105
5059,0.377673864364624
5060,0.46121200919151306
5061,0.5380731821060181
5062,0.38809460401535034
5063,0.469440221786499
5064,0.6768999099731445
5065,0.5108698010444641
5066,0.6913654804229736
5067,0.2589033246040344
5068,0.6082166433334351
5069,0.4667968153953552
5070,0.3713601231575012
5071,0.4654301702976227
5072,0.5125064849853516
5073,0.49842992424964905
5074,0.8165587186813354
5075,0.6178812980651855
5076,0.37757593393325806
5077,0.24722447991371155
5078,0.6123460531234741
5079,0.38918057084083557
5080,0.40878063440322876
5081,0.4866381585597992
5082,0.6097118854522705
5083,0.5791745185852051
5084,0.32910627126693726
5085,0.4896771311759949
5086,0.30401888489723206
5087,0.3380071818828583
5088,0.425029993057251
5089,0.3426406979560852
5090,0.6600224375724792
5091,0.5256884098052979
5092,0.599968433380127
5093,0.2884831428527832
5094,0.667460560798645
5095,0.44621074199676514
5096,0.4921247959136963
5097,0.8011455535888672
5098,0.7969173789024353
5099,0.5307445526123047
5100,0.5717000365257263
5101,0.329109251499176
5102,0.5178133249282837
5103,0.2698928117752075
5104,0.3092568516731262
5105,0.6021968126296997
5106,0.7633199095726013
5107,0.5711918473243713
5108,0.30873245000839233
5109,0.23125822842121124
5110,0.5437250137329102
5111,0.4111561179161072
5112,0.22346684336662292
5113,0.7632127404212952
5114,0.5694429874420166
5115,0.3456091284751892
5116,0.6004449129104614
5117,0.255499005317688
5118,0.3153669238090515
5119,0.5725197792053223
5120,0.39180779457092285
5121,0.3069957494735718
5122,0.4888969361782074
5123,0.5308396220207214
5124,0.4310857057571411
5125,0.44490116834640503
5126,0.6025334596633911
5127,0.26902875304222107
5128,0.3700934648513794
5129,0.6188145875930786
5130,0.3932120203971863
5131,0.4753117561340332
5132,0.7289860248565674
5133,0.45827898383140564
5134,0.31846198439598083
5135,0.4603527784347534
5136,0.39958831667900085
5137,0.559581995010376
5138,0.6966548562049866
5139,0.4061715006828308
5140,0.5145998001098633
5141,0.371818482875824
5142,0.6938380002975464
5143,0.3838857412338257
5144,0.3788308799266815
5145,0.6768808364868164
5146,0.4589203894138336
5147,0.39935052394866943
5148,0.3484923243522644
5149,0.6314576268196106
5150,0.2945549488067627
5151,0.3641332983970642
5152,0.4127511978149414
5153,0.4665983319282532
5154,0.7874727845191956
5155,0.761484682559967
5156,0.3633676767349243
5157,0.38599729537963867
5158,0.6517508029937744
5159,0.4884544909000397
5160,0.6192337870597839
5161,0.24072140455245972
5162,0.33015328645706177
5163,0.4178886413574219
5164,0.6056681871414185
5165,0.5320946574211121
5166,0.7629172801971436
5167,0.839259684085846
5168,0.8334183096885681
5169,0.6743570566177368
5170,0.4760068655014038
5171,0.45198965072631836
5172,0.5221787691116333
5173,0.8058046102523804
5174,0.4398713707923889
5175,0.354561448097229
5176,0.6543775200843811
5177,0.2171255648136139
5178,0.6135213971138
5179,0.6280550956726074
5180,0.6651096940040588
5181,0.3608235716819763
5182,0.3122333288192749
5183,0.35714346170425415
5184,0.35699284076690674
5185,0.5861318111419678
5186,0.6085737943649292
5187,0.5954306721687317
5188,0.3601163625717163
5189,0.4060567617416382
5190,0.4788966774940491
5191,0.34554558992385864
5192,0.31323087215423584
5193,0.6332715153694153
5194,0.389159619808197
5195,0.8088428974151611
5196,0.2605092227458954
5197,0.26007139682769775
5198,0.3882478177547455
5199,0.746904730796814
5200,0.7302199602127075
5201,0.6293642520904541
5202,0.3007906675338745
5203,0.31462347507476807
5204,0.5143356323242188
5205,0.3735939562320709
5206,0.591445803642273
5207,0.37322282791137695
5208,0.34200021624565125
5209,0.5725989937782288
5210,0.3628924787044525
5211,0.7569457292556763
5212,0.33101826906204224
5213,0.7154298424720764
5214,0.5893900394439697
5215,0.5159155130386353
5216,0.24217812716960907
5217,0.8476762771606445
5218,0.5768383145332336
5219,0.6159709692001343
5220,0.30017316341400146
5221,0.4254588186740875
5222,0.5496227741241455
5223,0.6138090491294861
5224,0.3349217176437378
5225,0.4703740179538727
5226,0.6342977285385132
5227,0.8276672959327698
5228,0.5305987000465393
5229,0.6420634984970093
5230,0.6139167547225952
5231,0.6611400842666626
5232,0.4748898148536682
5233,0.4031457304954529
5234,0.5959466695785522
5235,0.7065289616584778
5236,0.2261166274547577
5237,0.5485703349113464
5238,0.4871162176132202
5239,0.5354885458946228
5240,0.8825128078460693
5241,0.507492184638977
5242,0.38771551847457886
5243,0.21975736320018768
5244,0.7231292724609375
5245,0.32972007989883423
5246,0.5215103626251221
5247,0.3760627806186676
5248,0.32678353786468506
5249,0.4965205788612366
5250,0.5803849697113037
5251,0.3803189992904663
5252,0.6866776943206787
5253,0.3832678198814392
5254,0.40413591265678406
5255,0.6055240035057068
5256,0.5265733599662781
5257,0.6711530089378357
5258,0.6612937450408936
5259,0.24192318320274353
5260,0.3091975152492523
5261,0.20719659328460693
5262,0.28090494871139526
5263,0.43910691142082214
5264,0.4992452561855316
5265,0.35642728209495544
5266,0.7844204902648926
5267,0.5920091867446899
5268,0.7104810476303101
5269,0.24251022934913635
5270,0.614753782749176
5271,0.5032849311828613
5272,0.4979647397994995
5273,0.7674685716629028
5274,0.408108651638031
5275,0.5676122903823853
5276,0.4731123745441437
5277,0.6782726645469666
5278,0.6206793785095215
5279,0.4921707808971405
5280,0.46339765191078186
5281,0.5417294502258301
5282,0.5695371627807617
5283,0.4448755085468292
5284,0.6248882412910461
5285,0.42933905124664307
5286,0.5389677286148071
5287,0.6382988095283508
5288,0.4417376220226288
5289,0.7035370469093323
5290,0.30955150723457336
5291,0.639568030834198
5292,0.7430523037910461
5293,0.25783878564834595
5294,0.3189196288585663
5295,0.6851353645324707
5296,0.38392698764801025
5297,0.40623539686203003
5298,0.3558565676212311
5299,0.43172770738601685
5300,0.6481188535690308
5301,0.8355035781860352
5302,0.3149418234825134
5303,0.6459299325942993
5304,0.2957899570465088
5305,0.3949570655822754
5306,0.444578617811203
5307,0.23981717228889465
5308,0.31922653317451477
5309,0.5530480146408081
5310,0.4019087553024292
5311,0.9324455261230469
5312,0.872866153717041
5313,0.557458221912384
5314,0.3954037129878998
5315,0.48596900701522827
5316,0.4354821443557739
5317,0.6366442441940308
5318,0.4795837104320526
5319,0.5938868522644043
5320,0.7140020728111267
5321,0.19427286088466644
5322,0.3695552349090576
5323,0.2615412473678589
5324,0.5815005302429199
5325,0.7117528319358826
5326,0.3649091124534607
5327,0.8174703121185303
5328,0.3167397379875183
5329,0.5602713823318481
5330,0.35842669010162354
5331,0.5911429524421692
5332,0.7171474695205688
5333,0.3671517074108124
5334,0.3687533736228943
5335,0.8352330923080444
5336,0.8106614351272583
5337,0.7465355396270752
5338,0.8776856660842896
5339,0.4983111023902893
5340,0.7281094789505005
5341,0.5177571177482605
5342,0.19445815682411194
5343,0.5288983583450317
5344,0.33339330554008484
5345,0.3372667729854584
5346,0.31765687465667725
5347,0.42906463146209717
5348,0.7357407808303833
5349,0.6310919523239136
5350,0.4813297390937805
5351,0.2767885625362396
5352,0.5816853046417236
5353,0.48583662509918213
5354,0.7848754525184631
5355,0.5142302513122559
5356,0.36226117610931396
5357,0.3727196455001831
5358,0.8315807580947876
5359,0.4057164490222931
5360,0.6727608442306519
5361,0.5904601812362671
5362,0.7781505584716797
5363,0.2973247766494751
5364,0.5900930762290955
5365,0.3596023619174957
5366,0.34532925486564636
5367,0.38743048906326294
5368,0.2735383212566376
5369,0.5492739677429199
5370,0.5351327657699585
5371,0.47075536847114563
5372,0.39133232831954956
5373,0.44288212060928345
5374,0.7419388294219971
5375,0.6323243975639343
5376,0.3019399046897888
5377,0.5508239269256592
5378,0.504726767539978
5379,0.46391165256500244
5380,0.33816763758659363
5381,0.3604199290275574
5382,0.3822798728942871
5383,0.25409799814224243
5384,0.31570836901664734
5385,0.6725192666053772
5386,0.4038647413253784
5387,0.38529983162879944
5388,0.8377871513366699
5389,0.5344784259796143
5390,0.7264465689659119
5391,0.3103911876678467
5392,0.3656303882598877
5393,0.2530495822429657
5394,0.42384272813796997
5395,0.6207103729248047
5396,0.26434338092803955
5397,0.3422190546989441
5398,0.36862659454345703
5399,0.312099814414978
5400,0.5123311281204224
5401,0.44866493344306946
5402,0.5332316160202026
5403,0.5802857279777527
5404,0.6731430888175964
5405,0.6720407009124756
5406,0.3567349314689636
5407,0.36125755310058594
5408,0.3761959671974182
5409,0.4557276964187622
5410,0.8157317042350769
5411,0.6330617070198059
5412,0.4387430250644684
5413,0.6467333436012268
5414,0.4010767340660095
5415,0.32909107208251953
5416,0.7228978872299194
5417,0.6759539842605591
5418,0.38607057929039
5419,0.5233123302459717
5420,0.6964900493621826
5421,0.37012821435928345
5422,0.7899762392044067
5423,0.4096084237098694
5424,0.3393157124519348
5425,0.9138036966323853
5426,0.25022152066230774
5427,0.47075146436691284
5428,0.6541465520858765
5429,0.2686043977737427
5430,0.6898139715194702
5431,0.5864469408988953
5432,0.6180118918418884
5433,0.49168986082077026
5434,0.743707537651062
5435,0.2640189826488495
5436,0.6906284689903259
5437,0.45836329460144043
5438,0.8219451904296875
5439,0.3992388844490051
5440,0.19961582124233246
5441,0.3040168285369873
5442,0.538592517375946
5443,0.43236055970191956
5444,0.6702042818069458
5445,0.26090168952941895
5446,0.6314396858215332
5447,0.7387936115264893
5448,0.3745906352996826
5449,0.3456519842147827
5450,0.6816720962524414
5451,0.33951830863952637
5452,0.42213982343673706
5453,0.7060270309448242
5454,0.21122191846370697
5455,0.3086242377758026
5456,0.6930066347122192
5457,0.7660331726074219
5458,0.6085368394851685
5459,0.3094630837440491
5460,0.33116090297698975
5461,0.5826826095581055
5462,0.4867641031742096
5463,0.30920201539993286
5464,0.35164716839790344
5465,0.6404808759689331
5466,0.6068307161331177
5467,0.177715465426445
5468,0.6156362295150757
5469,0.3974682688713074
5470,0.6112093925476074
5471,0.3083973526954651
5472,0.6171616315841675
5473,0.3967956304550171
5474,0.6971161961555481
5475,0.47945743799209595
5476,0.6536625623703003
5477,0.57313472032547
5478,0.33965003490448
5479,0.4154135584831238
5480,0.3581691384315491
5481,0.4348719120025635
5482,0.37884241342544556
5483,0.30192241072654724
5484,0.47539207339286804
5485,0.6457104086875916
5486,0.39896029233932495
5487,0.8478462100028992
5488,0.3185141384601593
5489,0.29826849699020386
5490,0.21806600689888
5491,0.5765001773834229
5492,0.28891146183013916
5493,0.31406500935554504
5494,0.7289735674858093
5495,0.5456221103668213
5496,0.5437234044075012
5497,0.4875287413597107
5498,0.4430786371231079
5499,0.5895810127258301
5500,0.5053595304489136
5501,0.48135650157928467
5502,0.7051981687545776
5503,0.764008641242981
5504,0.5340969562530518
5505,0.33593472838401794
5506,0.4901856482028961
5507,0.34921640157699585
5508,0.6948450803756714
5509,0.411226361989975
5510,0.6155976057052612
5511,0.36126458644866943
5512,0.5883234143257141
5513,0.5972697734832764
5514,0.6363565921783447
5515,0.2767530083656311
5516,0.22579076886177063
5517,0.6631991863250732
5518,0.5136384963989258
5519,0.7583093643188477
5520,0.3012182414531708
5521,0.7762181162834167
5522,0.5825413465499878
5523,0.4507308006286621
5524,0.6663949489593506
5525,0.40230506658554077
5526,0.8876171708106995
5527,0.44577640295028687
5528,0.29916754364967346
5529,0.5776099562644958
5530,0.3496812582015991
5531,0.6546884775161743
5532,0.5052320957183838
5533,0.49607542157173157
5534,0.37220534682273865
5535,0.4625232219696045
5536,0.35024821758270264
5537,0.5958830118179321
5538,0.2690906524658203
5539,0.3832072615623474
5540,0.34945806860923767
5541,0.7757847905158997
5542,0.579933762550354
5543,0.3395163416862488
5544,0.5247653722763062
5545,0.38023841381073
5546,0.7281025052070618
5547,0.6254773736000061
5548,0.4507661461830139
5549,0.4200988709926605
5550,0.6846657991409302
5551,0.6578570604324341
5552,0.5626221895217896
5553,0.37296050786972046
5554,0.3782976567745209
5555,0.3715519905090332
5556,0.764768123626709
5557,0.41185349225997925
5558,0.7364072799682617
5559,0.39344877004623413
5560,0.503431499004364
5561,0.38292375206947327
5562,0.5869448184967041
5563,0.41156965494155884
5564,0.3024929165840149
5565,0.4234347343444824
5566,0.4346886873245239
5567,0.25020042061805725
5568,0.2929167151451111
5569,0.5280574560165405
5570,0.3486238420009613
5571,0.5868241786956787
5572,0.5987507700920105
5573,0.6890532970428467
5574,0.2329675555229187
5575,0.5073873996734619
5576,0.90074622631073
5577,0.2541046738624573
5578,0.5278756618499756
5579,0.2573928236961365
5580,0.6333740949630737
5581,0.5015076994895935
5582,0.9542937874794006
5583,0.30117067694664
5584,0.28243446350097656
5585,0.48245424032211304
5586,0.47818294167518616
5587,0.4168088436126709
5588,0.4740135967731476
5589,0.3637087643146515
5590,0.362362802028656
5591,0.5013036727905273
5592,0.46780669689178467
5593,0.6031021475791931
5594,0.5733500719070435
5595,0.6219189763069153
5596,0.31003424525260925
5597,0.5200649499893188
5598,0.3901100158691406
5599,0.38850271701812744
5600,0.48209697008132935
5601,0.3804492950439453
5602,0.5703665614128113
5603,0.33709752559661865
5604,0.5361977219581604
5605,0.5402432680130005
5606,0.38053014874458313
5607,0.27169859409332275
5608,0.545750617980957
5609,0.27562302350997925
5610,0.5131499767303467
5611,0.5555253028869629
5612,0.2867025136947632
5613,0.4802248179912567
5614,0.4004853069782257
5615,0.6676877737045288
5616,0.2894778251647949
5617,0.5215891599655151
5618,0.6136192083358765
5619,0.33423030376434326
5620,0.4246908128261566
5621,0.6500577926635742
5622,0.617985725402832
5623,0.5623862147331238
5624,0.872454047203064
5625,0.26117217540740967
5626,0.7766133546829224
5627,0.6451926827430725
5628,0.2194022834300995
5629,0.6779434680938721
5630,0.23105457425117493
5631,0.4582459628582001
5632,0.26280978322029114
5633,0.717903733253479
5634,0.8498533964157104
5635,0.21068286895751953
5636,0.45190155506134033
5637,0.38979005813598633
5638,0.5588130950927734
5639,0.6538307070732117
5640,0.7123110294342041
5641,0.4470757842063904
5642,0.6745982766151428
5643,0.5850009918212891
5644,0.347751259803772
5645,0.6290708780288696
5646,0.37067052721977234
5647,0.38656705617904663
5648,0.4679991900920868
5649,0.3947322368621826
5650,0.8863475322723389
5651,0.6331510543823242
5652,0.3219694197177887
5653,0.6173803806304932
5654,0.7657202482223511
5655,0.6153997182846069
5656,0.21380150318145752
5657,0.4434124529361725
5658,0.6842728853225708
5659,0.8562579154968262
5660,0.35697460174560547
5661,0.2814355790615082
5662,0.3953949809074402
5663,0.4976068139076233
5664,0.7127047777175903
5665,0.759071946144104
5666,0.4701940417289734
5667,0.2692790627479553
5668,0.5156984329223633
5669,0.5120112895965576
5670,0.5879539251327515
5671,0.7513303160667419
5672,0.36575713753700256
5673,0.4296731650829315
5674,0.4098381996154785
5675,0.7648890614509583
5676,0.3692678213119507
5677,0.6105035543441772
5678,0.4900268614292145
5679,0.5333810448646545
5680,0.6447814702987671
5681,0.484014630317688
5682,0.4066380262374878
5683,0.2834336757659912
5684,0.31603676080703735
5685,0.6722438931465149
5686,0.49122148752212524
5687,0.5375567674636841
5688,0.39737483859062195
5689,0.3675841689109802
5690,0.45164260268211365
5691,0.49829232692718506
5692,0.518735945224762
5693,0.37650066614151
5694,0.3868771195411682
5695,0.23899482190608978
5696,0.32625478506088257
5697,0.4047023057937622
5698,0.5165047645568848
5699,0.5952069163322449
5700,0.47769731283187866
5701,0.7652382850646973
5702,0.4434765577316284
5703,0.4061445891857147
5704,0.6587463617324829
5705,0.318357914686203
5706,0.4723641872406006
5707,0.273101806640625
5708,0.33755654096603394
5709,0.5900676846504211
5710,0.3461933732032776
5711,0.6265240907669067
5712,0.6691858768463135
5713,0.31583768129348755
5714,0.5519877672195435
5715,0.35290443897247314
5716,0.6531084179878235
5717,0.3136119842529297
5718,0.48304668068885803
5719,0.6267404556274414
5720,0.6878437995910645
5721,0.4056133031845093
5722,0.2385125309228897
5723,0.6558431386947632
5724,0.3470759391784668
5725,0.8027879595756531
5726,0.6225084662437439
5727,0.5043133497238159
5728,0.30774906277656555
5729,0.4885786771774292
5730,0.3339993953704834
5731,0.5701603293418884
5732,0.6307352781295776
5733,0.41510891914367676
5734,0.32244205474853516
5735,0.37476134300231934
5736,0.5107645988464355
5737,0.4458847939968109
5738,0.569482684135437
5739,0.6160139441490173
5740,0.32140791416168213
5741,0.5594180822372437
5742,0.5618565082550049
5743,0.5743012428283691
5744,0.19557903707027435
5745,0.24215810000896454
5746,0.4060550034046173
5747,0.2861528992652893
5748,0.38338449597358704
5749,0.2574078440666199
5750,0.5147403478622437
5751,0.533990740776062
5752,0.7540003657341003
5753,0.4406057894229889
5754,0.6877216100692749
5755,0.4890936613082886
5756,0.6430890560150146
5757,0.42402589321136475
5758,0.2855205833911896
5759,0.46512845158576965
5760,0.6748524308204651
5761,0.2870338559150696
5762,0.529321551322937
5763,0.49569448828697205
5764,0.21259215474128723
5765,0.4920676350593567
5766,0.5175307393074036
5767,0.31664279103279114
5768,0.4804992079734802
5769,0.5190696716308594
5770,0.3225167393684387
5771,0.5570025444030762
5772,0.6269416809082031
5773,0.3667546808719635
5774,0.6888314485549927
5775,0.5518967509269714
5776,0.529802680015564
5777,0.45732051134109497
5778,0.3114497661590576
5779,0.7502100467681885
5780,0.5411909222602844
5781,0.3409577012062073
5782,0.31606894731521606
5783,0.6510997414588928
5784,0.3338054418563843
5785,0.25094395875930786
5786,0.676824688911438
5787,0.5964481234550476
5788,0.2901485562324524
5789,0.7278724908828735
5790,0.6767743825912476
5791,0.48058784008026123
5792,0.2668234705924988
5793,0.36303359270095825
5794,0.5836141109466553
5795,0.35352563858032227
5796,0.47075366973876953
5797,0.2970140278339386
5798,0.6928799748420715
5799,0.6906704902648926
5800,0.3955744504928589
5801,0.5996570587158203
5802,0.5175267457962036
5803,0.3696592152118683
5804,0.3445435166358948
5805,0.43240684270858765
5806,0.31198450922966003
5807,0.3288077414035797
5808,0.777979850769043
5809,0.6922985315322876
5810,0.37249991297721863
5811,0.6420760154724121
5812,0.3789329528808594
5813,0.605015754699707
5814,0.2574411630630493
5815,0.46542465686798096
5816,0.37807875871658325
5817,0.4289107024669647
5818,0.33923643827438354
5819,0.4600992500782013
5820,0.21123486757278442
5821,0.28447526693344116
5822,0.4276241064071655
5823,0.6577250957489014
5824,0.3802470862865448
5825,0.6663234233856201
5826,0.5069745779037476
5827,0.39911115169525146
5828,0.4356558322906494
5829,0.51175856590271
5830,0.3207405209541321
5831,0.3842698931694031
5832,0.4508189558982849
5833,0.4527633488178253
5834,0.6053430438041687
5835,0.2754560112953186
5836,0.6352676153182983
5837,0.5219168663024902
5838,0.7161770462989807
5839,0.5431810617446899
5840,0.5854784250259399
5841,0.7483854293823242
5842,0.3803555369377136
5843,0.5533593893051147
5844,0.31626060605049133
5845,0.40028291940689087
5846,0.32465535402297974
5847,0.6995988488197327
5848,0.6704244613647461
5849,0.6997451782226562
5850,0.8382128477096558
5851,0.6771440505981445
5852,0.4153515100479126
5853,0.6175853610038757
5854,0.328956663608551
5855,0.507785439491272
5856,0.2521197199821472
5857,0.6677831411361694
5858,0.4656480848789215
5859,0.7001399993896484
5860,0.4995037317276001
5861,0.6489319801330566
5862,0.4329528212547302
5863,0.2547266483306885
5864,0.6931599378585815
5865,0.3735172152519226
5866,0.3887674808502197
5867,0.3746393918991089
5868,0.7495983839035034
5869,0.5205603837966919
5870,0.6306609511375427
5871,0.39623159170150757
5872,0.367292582988739
5873,0.3578299582004547
5874,0.7401655912399292
5875,0.6387245655059814
5876,0.43411195278167725
5877,0.4395197033882141
5878,0.4514433741569519
5879,0.7539514303207397
5880,0.5019357800483704
5881,0.21579709649085999
5882,0.8081856966018677
5883,0.42555707693099976
5884,0.43895918130874634
5885,0.6037226915359497
5886,0.35363703966140747
5887,0.5106089115142822
5888,0.6866141557693481
5889,0.7075475454330444
5890,0.3149339556694031
5891,0.5929391980171204
5892,0.26481956243515015
5893,0.21084541082382202
5894,0.37203001976013184
5895,0.5497463345527649
5896,0.5852370858192444
5897,0.6156933307647705
5898,0.8451054096221924
5899,0.3682824373245239
5900,0.316348671913147
5901,0.6336605548858643
5902,0.37678080797195435
5903,0.5206979513168335
5904,0.33934178948402405
5905,0.6855979561805725
5906,0.7147838473320007
5907,0.28654128313064575
5908,0.22370639443397522
5909,0.504607081413269
5910,0.4746132493019104
5911,0.30519038438796997
5912,0.3376096487045288
5913,0.7273396253585815
5914,0.8503398895263672
5915,0.4142308831214905
5916,0.847730278968811
5917,0.6579657196998596
5918,0.34467798471450806
5919,0.651236891746521
5920,0.5847657918930054
5921,0.4942815899848938
5922,0.7460421919822693
5923,0.6742148399353027
5924,0.2684222459793091
5925,0.3291138708591461
5926,0.48780006170272827
5927,0.5617735385894775
5928,0.1974305510520935
5929,0.6119091510772705
5930,0.3529747426509857
5931,0.5900701880455017
5932,0.7045302391052246
5933,0.4003554880619049
5934,0.4177451729774475
5935,0.3626115322113037
5936,0.3359515964984894
5937,0.6937453746795654
5938,0.39459818601608276
5939,0.34061533212661743
5940,0.5129984617233276
5941,0.4390893578529358
5942,0.49320125579833984
5943,0.3972667455673218
5944,0.6674717664718628
5945,0.8222858905792236
5946,0.38421571254730225
5947,0.4521035850048065
5948,0.6822233200073242
5949,0.43855491280555725
5950,0.5578121542930603
5951,0.8154927492141724
5952,0.28711456060409546
5953,0.28331393003463745
5954,0.44959479570388794
5955,0.6773111820220947
5956,0.34139859676361084
5957,0.48252615332603455
5958,0.6708047389984131
5959,0.4826399087905884
5960,0.3709954619407654
5961,0.6572487354278564
5962,0.47733768820762634
5963,0.26712194085121155
5964,0.27784043550491333
5965,0.6983250379562378
5966,0.5468876957893372
5967,0.3531445562839508
5968,0.39910897612571716
5969,0.8338072299957275
5970,0.6370058655738831
5971,0.5399824976921082
5972,0.6998746395111084
5973,0.53294837474823
5974,0.2273486852645874
5975,0.5358051061630249
5976,0.5720757246017456
5977,0.37115591764450073
5978,0.41354191303253174
5979,0.3768625855445862
5980,0.6728923320770264
5981,0.7017374038696289
5982,0.2518847584724426
5983,0.4565463066101074
5984,0.20310097932815552
5985,0.5016188025474548
5986,0.41197872161865234
5987,0.5466126203536987
5988,0.24428284168243408
5989,0.6494577527046204
5990,0.2908742427825928
5991,0.4707399308681488
5992,0.40793922543525696
5993,0.4193146526813507
5994,0.6172797679901123
5995,0.5457605123519897
5996,0.7875293493270874
5997,0.3807551860809326
5998,0.33969372510910034
5999,0.25298789143562317
