ID,Label
0,0.8752120137214661
1,0.8568627834320068
2,0.7424304485321045
3,0.886054515838623
4,0.8504247665405273
5,0.8890777826309204
6,0.865160346031189
7,0.8389126658439636
8,0.8207236528396606
9,0.8794033527374268
10,0.8439351320266724
11,0.783643364906311
12,0.8804054260253906
13,0.8305853009223938
14,0.8897860050201416
15,0.8352690935134888
16,0.8563966751098633
17,0.8159745931625366
18,0.7972333431243896
19,0.8222322463989258
20,0.7817099094390869
21,0.857789158821106
22,0.8160077333450317
23,0.835583508014679
24,0.8446668386459351
25,0.8549051284790039
26,0.8006185293197632
27,0.8391929864883423
28,0.8030083775520325
29,0.9177526235580444
30,0.7940626740455627
31,0.8142910003662109
32,0.7599437236785889
33,0.8171213865280151
34,0.853743314743042
35,0.8413240909576416
36,0.8591889142990112
37,0.8544459939002991
38,0.8955288529396057
39,0.8620340824127197
40,0.820029079914093
41,0.8437864780426025
42,0.7799199223518372
43,0.7765847444534302
44,0.8438267707824707
45,0.8669145107269287
46,0.900581955909729
47,0.8818179368972778
48,0.828866183757782
49,0.7562260627746582
50,0.9031413793563843
51,0.8575844764709473
52,0.8062925338745117
53,0.8314779996871948
54,0.843548059463501
55,0.8279905319213867
56,0.8619609475135803
57,0.8003976941108704
58,0.7851377129554749
59,0.8283337354660034
60,0.8557171821594238
61,0.8725324869155884
62,0.8827067613601685
63,0.8487789630889893
64,0.9130333662033081
65,0.849817156791687
66,0.8775301575660706
67,0.8496639728546143
68,0.7855408787727356
69,0.8366363644599915
70,0.8617830276489258
71,0.8919942378997803
72,0.8507519960403442
73,0.8649982810020447
74,0.8162024617195129
75,0.8309231996536255
76,0.8319243788719177
77,0.8397892117500305
78,0.7924519181251526
79,0.8443056344985962
80,0.8159713745117188
81,0.7988427877426147
82,0.7128190398216248
83,0.8668655157089233
84,0.8053235411643982
85,0.8226215839385986
86,0.8410598039627075
87,0.8372873067855835
88,0.8249117136001587
89,0.8229196071624756
90,0.839885950088501
91,0.8334654569625854
92,0.8424550294876099
93,0.9487594366073608
94,0.8502225875854492
95,0.7911790609359741
96,0.8681654930114746
97,0.8767322301864624
98,0.8287111520767212
99,0.8341019153594971
100,0.8368892073631287
101,0.8844724893569946
102,0.7586090564727783
103,0.8535559177398682
104,0.8551838397979736
105,0.8813542127609253
106,0.8177706003189087
107,0.8965675830841064
108,0.8760010004043579
109,0.8145447969436646
110,0.8195026516914368
111,0.8196752071380615
112,0.8122038841247559
113,0.8238636255264282
114,0.8758383989334106
115,0.8239866495132446
116,0.8776742219924927
117,0.8683938980102539
118,0.8337283134460449
119,0.878826379776001
120,0.7454472780227661
121,0.8473677039146423
122,0.9243766069412231
123,0.8181284666061401
124,0.7984152436256409
125,0.8491475582122803
126,0.8088730573654175
127,0.8304197788238525
128,0.8670071959495544
129,0.8573829531669617
130,0.8490242958068848
131,0.8484489321708679
132,0.8069103360176086
133,0.8475967645645142
134,0.8143396377563477
135,0.859752357006073
136,0.79412841796875
137,0.8522869348526001
138,0.6765112280845642
139,0.8542789220809937
140,0.9092645645141602
141,0.8180029392242432
142,0.8951960802078247
143,0.8934983611106873
144,0.852181077003479
145,0.8376752138137817
146,0.8214683532714844
147,0.728115975856781
148,0.8198181390762329
149,0.8629581928253174
150,0.800261378288269
151,0.8695215582847595
152,0.8259098529815674
153,0.8546575903892517
154,0.8470395803451538
155,0.8420069217681885
156,0.8446567058563232
157,0.8034172058105469
158,0.7874833345413208
159,0.8704083561897278
160,0.741574764251709
161,0.8479368686676025
162,0.8522766828536987
163,0.8334538340568542
164,0.7823683619499207
165,0.8450383543968201
166,0.8058035373687744
167,0.8232219219207764
168,0.8608596324920654
169,0.7596383690834045
170,0.8911349773406982
171,0.8729124069213867
172,0.7609077095985413
173,0.8922057747840881
174,0.8459144830703735
175,0.8447151184082031
176,0.7852984666824341
177,0.8745421171188354
178,0.7762743234634399
179,0.8292938470840454
180,0.7963950037956238
181,0.8656381368637085
182,0.7833064794540405
183,0.9254273176193237
184,0.8708956241607666
185,0.841486394405365
186,0.8242932558059692
187,0.7963849902153015
188,0.8097004890441895
189,0.8572632670402527
190,0.8722217679023743
191,0.8743929862976074
192,0.8804327845573425
193,0.7831811904907227
194,0.8212430477142334
195,0.866690456867218
196,0.840919554233551
197,0.8488001227378845
198,0.8418453931808472
199,0.8599254488945007
200,0.8027164936065674
201,0.8756066560745239
202,0.8753710389137268
203,0.8926294445991516
204,0.9075695276260376
205,0.8097012639045715
206,0.7774081230163574
207,0.8176985383033752
208,0.8958395719528198
209,0.7404347062110901
210,0.7781960964202881
211,0.9155576229095459
212,0.8009001612663269
213,0.8814678192138672
214,0.7784403562545776
215,0.8749898672103882
216,0.8648544549942017
217,0.8789490461349487
218,0.8237190842628479
219,0.8482111096382141
220,0.8436079025268555
221,0.7815232872962952
222,0.9117677211761475
223,0.8079290390014648
224,0.7369786500930786
225,0.8025402426719666
226,0.8000519275665283
227,0.8374520540237427
228,0.8733066320419312
229,0.9026904106140137
230,0.8700081706047058
231,0.817529559135437
232,0.8508193492889404
233,0.8118692636489868
234,0.815325140953064
235,0.8555569052696228
236,0.7638435363769531
237,0.8862202763557434
238,0.8914434909820557
239,0.792378306388855
240,0.8313729166984558
241,0.8927856683731079
242,0.835960328578949
243,0.8888261914253235
244,0.8689275979995728
245,0.8524281978607178
246,0.8217729330062866
247,0.8261905908584595
248,0.8687281012535095
249,0.8638221025466919
250,0.813653826713562
251,0.8738774061203003
252,0.8091542720794678
253,0.812386155128479
254,0.8087631464004517
255,0.8540401458740234
256,0.8374689221382141
257,0.9160721302032471
258,0.8701157569885254
259,0.7736285328865051
260,0.890922486782074
261,0.8447712659835815
262,0.8286730647087097
263,0.8210334777832031
264,0.8480359315872192
265,0.8623496294021606
266,0.8608427047729492
267,0.8059630393981934
268,0.8604090213775635
269,0.8176185488700867
270,0.8453044295310974
271,0.8558095693588257
272,0.8551827669143677
273,0.8360006809234619
274,0.8591086864471436
275,0.870552122592926
276,0.8101657629013062
277,0.877660870552063
278,0.7782711386680603
279,0.8540830612182617
280,0.8211796283721924
281,0.8283675909042358
282,0.8463417291641235
283,0.8464542627334595
284,0.7875460386276245
285,0.8447973728179932
286,0.8159453868865967
287,0.8074616193771362
288,0.8455701470375061
289,0.8439010381698608
290,0.7548165321350098
291,0.7705999612808228
292,0.8326806426048279
293,0.8260394334793091
294,0.8510984182357788
295,0.8755431771278381
296,0.8668078184127808
297,0.826668381690979
298,0.8497283458709717
299,0.8448477387428284
300,0.850541353225708
301,0.8469635844230652
302,0.8626944422721863
303,0.8676357269287109
304,0.8039385080337524
305,0.8850842118263245
306,0.8593502640724182
307,0.8513220548629761
308,0.8511145114898682
309,0.8265125155448914
310,0.7605963945388794
311,0.7901725769042969
312,0.8598429560661316
313,0.8617190718650818
314,0.7772039175033569
315,0.8282749652862549
316,0.7893867492675781
317,0.8225498199462891
318,0.8699524998664856
319,0.8164446353912354
320,0.864072322845459
321,0.7986547350883484
322,0.7627272605895996
323,0.8005059361457825
324,0.8701330423355103
325,0.8205893635749817
326,0.7673909068107605
327,0.874806821346283
328,0.8405159711837769
329,0.8555475473403931
330,0.8493357300758362
331,0.8459404706954956
332,0.8389266729354858
333,0.7851473093032837
334,0.8470226526260376
335,0.7597801685333252
336,0.879724383354187
337,0.8825651407241821
338,0.8315978050231934
339,0.8427550792694092
340,0.7934399843215942
341,0.87140953540802
342,0.8658806085586548
343,0.8423619270324707
344,0.8139700293540955
345,0.8571561574935913
346,0.8838521242141724
347,0.7208772897720337
348,0.8774195909500122
349,0.8543323278427124
350,0.852716326713562
351,0.8168507814407349
352,0.8820353150367737
353,0.8103870153427124
354,0.8781690001487732
355,0.8099356889724731
356,0.8433741331100464
357,0.7692946195602417
358,0.8727853298187256
359,0.8597379922866821
360,0.8709452748298645
361,0.8122591376304626
362,0.8956490755081177
363,0.7712613344192505
364,0.8307313323020935
365,0.8834961652755737
366,0.8076072335243225
367,0.8402398824691772
368,0.8384111523628235
369,0.8149031400680542
370,0.7875960469245911
371,0.8038261532783508
372,0.8188636302947998
373,0.8370524644851685
374,0.7670783400535583
375,0.7634782791137695
376,0.8347293138504028
377,0.8392618894577026
378,0.8204021453857422
379,0.8835709095001221
380,0.811215877532959
381,0.7690393328666687
382,0.8670650124549866
383,0.8392623662948608
384,0.8174039721488953
385,0.792937159538269
386,0.7795945405960083
387,0.8225109577178955
388,0.8468353748321533
389,0.6664984822273254
390,0.8354530930519104
391,0.8040488958358765
392,0.871696949005127
393,0.7880071997642517
394,0.8987456560134888
395,0.8689256906509399
396,0.7734344005584717
397,0.8972969651222229
398,0.8495286703109741
399,0.8260434865951538
400,0.7498897314071655
401,0.8290899991989136
402,0.8825225830078125
403,0.8568170070648193
404,0.8058445453643799
405,0.8551474213600159
406,0.833206057548523
407,0.837397038936615
408,0.8433177471160889
409,0.7737472653388977
410,0.7822816371917725
411,0.8481701612472534
412,0.8818506002426147
413,0.833336591720581
414,0.8604495525360107
415,0.8516339659690857
416,0.8145647644996643
417,0.8562215566635132
418,0.7835615277290344
419,0.7868192791938782
420,0.8179384469985962
421,0.8235462307929993
422,0.8612492084503174
423,0.8339158296585083
424,0.8763437271118164
425,0.8181942105293274
426,0.8414605855941772
427,0.8654295802116394
428,0.8857594728469849
429,0.8355801105499268
430,0.8515576124191284
431,0.8807401657104492
432,0.7890464663505554
433,0.8831045627593994
434,0.7748740911483765
435,0.7829720973968506
436,0.8814947009086609
437,0.7953003644943237
438,0.8493927121162415
439,0.8948713541030884
440,0.7933062314987183
441,0.8063799142837524
442,0.8448034524917603
443,0.8295281529426575
444,0.8806041479110718
445,0.7666513919830322
446,0.8640378713607788
447,0.8280165195465088
448,0.8822475075721741
449,0.818717896938324
450,0.877021312713623
451,0.7945027947425842
452,0.834725022315979
453,0.8795468807220459
454,0.883306622505188
455,0.7653611302375793
456,0.8203467130661011
457,0.7932820320129395
458,0.9025750160217285
459,0.8212445378303528
460,0.8387399911880493
461,0.8483725786209106
462,0.8202044367790222
463,0.8191115856170654
464,0.8843031525611877
465,0.8600381016731262
466,0.7392305731773376
467,0.8494371175765991
468,0.9043796062469482
469,0.80873703956604
470,0.8543271422386169
471,0.8274749517440796
472,0.8004428744316101
473,0.8429760336875916
474,0.8489605784416199
475,0.8096684217453003
476,0.8464412093162537
477,0.8433002233505249
478,0.8442398309707642
479,0.7579315304756165
480,0.8665292263031006
481,0.8156976699829102
482,0.8473266363143921
483,0.8084654211997986
484,0.8939740061759949
485,0.7825399041175842
486,0.8215741515159607
487,0.860242486000061
488,0.8353650569915771
489,0.8265666961669922
490,0.8379749059677124
491,0.7901832461357117
492,0.732198178768158
493,0.9928736686706543
494,0.8831335306167603
495,0.8222962617874146
496,0.7494810819625854
497,0.8541525602340698
498,0.8383990526199341
499,0.8136509656906128
500,0.7813218832015991
501,0.8757469654083252
502,0.8634700775146484
503,0.7490923404693604
504,0.8397526741027832
505,0.7737656831741333
506,0.8056745529174805
507,0.8218426704406738
508,0.8662911653518677
509,0.8238542079925537
510,0.8090925812721252
511,0.8812751770019531
512,0.7766673564910889
513,0.8837395906448364
514,0.8734237551689148
515,0.8148112297058105
516,0.757623553276062
517,0.748617947101593
518,0.8392196893692017
519,0.8485754728317261
520,0.7991061210632324
521,0.8414644598960876
522,0.8695248365402222
523,0.7821557521820068
524,0.7940118312835693
525,0.8735834360122681
526,0.8496365547180176
527,0.855786919593811
528,0.8308109045028687
529,0.7925876379013062
530,0.7707033157348633
531,0.9016154408454895
532,0.8169378042221069
533,0.9220668077468872
534,0.8117839097976685
535,0.766226053237915
536,0.8067975044250488
537,0.8703292608261108
538,0.8590481281280518
539,0.9916085004806519
540,0.8370165228843689
541,0.8468407392501831
542,0.8741648197174072
543,0.7444908618927002
544,0.8506743907928467
545,0.886838436126709
546,0.8624466061592102
547,0.7894421815872192
548,0.823858380317688
549,0.8281658887863159
550,0.8455678224563599
551,0.7887282371520996
552,0.7937655448913574
553,0.8306118249893188
554,0.8221471309661865
555,0.7986682653427124
556,0.8028697371482849
557,0.7395040988922119
558,0.8718394637107849
559,0.8879420161247253
560,0.7794305682182312
561,0.8369334936141968
562,0.7463527917861938
563,0.8297491073608398
564,0.8238098621368408
565,0.8464421033859253
566,0.8680775165557861
567,0.730758547782898
568,0.8359735608100891
569,0.849939227104187
570,0.8537893295288086
571,0.8159971833229065
572,0.8256293535232544
573,0.7748415470123291
574,0.8874959945678711
575,0.8329451680183411
576,0.8427665829658508
577,0.8544541597366333
578,0.8634078502655029
579,0.7698463201522827
580,0.8306950330734253
581,0.8201459646224976
582,0.8597120642662048
583,0.8157657384872437
584,0.8634885549545288
585,0.9267022609710693
586,0.7961657047271729
587,0.871830403804779
588,0.8031312227249146
589,0.8305084705352783
590,0.8395705819129944
591,0.8099512457847595
592,0.7901711463928223
593,0.7737825512886047
594,0.8440036773681641
595,0.8303467035293579
596,0.8355880379676819
597,0.8179165124893188
598,0.8411331176757812
599,0.895017147064209
600,0.8536137342453003
601,0.857369065284729
602,0.859734296798706
603,0.8288836479187012
604,0.8210163712501526
605,0.8396769762039185
606,0.7973519563674927
607,0.8258404731750488
608,0.8190385103225708
609,0.8576680421829224
610,0.8148019909858704
611,0.7678567171096802
612,0.842674732208252
613,0.7921600341796875
614,0.854854941368103
615,0.7986865043640137
616,0.8246122598648071
617,0.8545796871185303
618,0.8848778605461121
619,0.7797226309776306
620,0.860943615436554
621,0.8732954263687134
622,0.7885147333145142
623,0.8476312160491943
624,0.7841136455535889
625,0.8002707958221436
626,0.8072243928909302
627,0.8524070382118225
628,0.8580889701843262
629,0.8305017948150635
630,0.8987290859222412
631,0.818391740322113
632,0.8656495809555054
633,0.8218456506729126
634,0.7956615686416626
635,0.838793158531189
636,0.8154295682907104
637,0.8668872117996216
638,0.817306399345398
639,0.8081146478652954
640,0.7844250202178955
641,0.8117998242378235
642,0.8157632350921631
643,0.8237036466598511
644,0.7303605079650879
645,0.8852037191390991
646,0.9095040559768677
647,0.8361223340034485
648,0.8987082242965698
649,0.8033664226531982
650,0.8577906489372253
651,0.8411235213279724
652,0.8383115530014038
653,0.8512303233146667
654,0.8014225959777832
655,0.7986681461334229
656,0.8677117824554443
657,0.8356242179870605
658,0.8608399629592896
659,0.8993054628372192
660,0.8455959558486938
661,0.8879481554031372
662,0.8174601197242737
663,0.8663999438285828
664,0.7159465551376343
665,0.7973141670227051
666,0.8559470176696777
667,0.7924110293388367
668,0.8598852157592773
669,0.87816321849823
670,0.8065048456192017
671,0.8948846459388733
672,0.9383509159088135
673,0.8806480765342712
674,0.8261424899101257
675,0.8008737564086914
676,0.8374955058097839
677,0.8535639047622681
678,0.8210175037384033
679,0.8809444904327393
680,0.768399715423584
681,0.7997697591781616
682,0.8423008918762207
683,0.8274922370910645
684,0.8330258131027222
685,0.8716320395469666
686,0.8276529312133789
687,0.7994029521942139
688,0.8563126921653748
689,0.8231662511825562
690,0.9244764447212219
691,0.79454106092453
692,0.8267239928245544
693,0.8168684244155884
694,0.8114400506019592
695,0.8050554990768433
696,0.8948523998260498
697,0.783324122428894
698,0.8071109652519226
699,0.7720609903335571
700,0.9021116495132446
701,0.8549387454986572
702,0.7954081296920776
703,0.8622488975524902
704,0.8629177808761597
705,0.7562829256057739
706,0.8035703301429749
707,0.7645090818405151
708,0.8471556901931763
709,0.8855613470077515
710,0.8225257396697998
711,0.8431968688964844
712,0.7428466081619263
713,0.8082468509674072
714,0.7994928359985352
715,0.7909991145133972
716,0.8285766839981079
717,0.7143247127532959
718,0.8189724683761597
719,0.8477356433868408
720,0.879061758518219
721,0.8800026178359985
722,0.8623372912406921
723,0.7949241399765015
724,0.8583220839500427
725,0.8079668283462524
726,0.8659835457801819
727,0.7685872316360474
728,0.8331760764122009
729,0.8043467998504639
730,0.8347653150558472
731,0.8840630054473877
732,0.8135212659835815
733,0.8828141689300537
734,0.8593519330024719
735,0.8535479307174683
736,0.8498464822769165
737,0.844613790512085
738,0.805557370185852
739,0.8463608622550964
740,0.8427858352661133
741,0.8382113575935364
742,0.878881573677063
743,0.8472603559494019
744,0.8358358144760132
745,0.844840407371521
746,0.8530539274215698
747,0.7778782248497009
748,0.7721897959709167
749,0.8007136583328247
750,0.8095786571502686
751,0.8642591238021851
752,0.8041712045669556
753,0.7553489208221436
754,0.8492817878723145
755,0.8597624897956848
756,0.7935798764228821
757,0.8369792699813843
758,0.8314159512519836
759,0.8294219374656677
760,0.792797863483429
761,0.8510338068008423
762,0.838680624961853
763,0.7926594614982605
764,0.9062548875808716
765,0.8398423790931702
766,0.8077622652053833
767,0.760994017124176
768,0.8369392156600952
769,0.8230794668197632
770,0.8392828702926636
771,0.8191320300102234
772,0.8034248352050781
773,0.896601676940918
774,0.8286706209182739
775,0.8476019501686096
776,0.8391344547271729
777,0.8341121673583984
778,0.8607044219970703
779,0.8573318123817444
780,0.8406386375427246
781,0.8589663505554199
782,0.8976283073425293
783,0.8765697479248047
784,0.8683828115463257
785,0.84348064661026
786,0.8984915018081665
787,0.8663100004196167
788,0.8419762253761292
789,0.8352162837982178
790,0.8739501237869263
791,0.8946629762649536
792,0.8375310897827148
793,0.7765697240829468
794,0.8882556557655334
795,0.8193155527114868
796,0.8060778975486755
797,0.8422729969024658
798,0.8474997878074646
799,0.8668730854988098
800,0.7494659423828125
801,0.8910303115844727
802,0.8401110768318176
803,0.8863790035247803
804,0.7550215721130371
805,0.8361532092094421
806,0.8647608757019043
807,0.8306641578674316
808,0.77165287733078
809,0.858700156211853
810,0.8130435347557068
811,0.8163210153579712
812,0.840426504611969
813,0.7691180109977722
814,0.8820205926895142
815,0.806249737739563
816,0.7557660937309265
817,0.7960914373397827
818,0.8544197082519531
819,0.7781732082366943
820,0.847629964351654
821,0.8364466428756714
822,0.83878493309021
823,0.7967509031295776
824,0.7878984212875366
825,0.8806628584861755
826,0.8224983215332031
827,0.859644889831543
828,0.8202726244926453
829,0.8652403354644775
830,0.8212313652038574
831,0.8446229696273804
832,0.8389577865600586
833,0.8558396100997925
834,0.8248090744018555
835,0.8663346767425537
836,0.8341420888900757
837,0.8879182934761047
838,0.7639315724372864
839,0.8380731344223022
840,0.8059706687927246
841,0.8670658469200134
842,0.8648353815078735
843,0.9528206586837769
844,0.8298267722129822
845,0.8513047099113464
846,0.8648810386657715
847,0.8468708395957947
848,0.9117864966392517
849,0.8743671774864197
850,0.8461402654647827
851,0.8487297892570496
852,0.8267223238945007
853,0.8557161092758179
854,0.9025560617446899
855,0.7337770462036133
856,0.8145955801010132
857,0.8177450895309448
858,0.8836575746536255
859,0.7938461303710938
860,0.8717097043991089
861,0.8635823726654053
862,0.8733034133911133
863,0.7563320398330688
864,0.8688461780548096
865,0.8096804618835449
866,0.83184415102005
867,0.9086511135101318
868,0.9152835607528687
869,0.9065545797348022
870,0.855093240737915
871,0.8450381755828857
872,0.8193451166152954
873,0.8678295016288757
874,0.8540869951248169
875,0.7918232679367065
876,0.8198949098587036
877,0.8380591869354248
878,0.8088492155075073
879,0.8690534830093384
880,0.8551057577133179
881,0.8173795938491821
882,0.7935140132904053
883,0.7578931450843811
884,0.8532183170318604
885,0.8978585004806519
886,0.822272539138794
887,0.8271108269691467
888,0.9060872793197632
889,0.8243411779403687
890,0.8201599717140198
891,0.8906102180480957
892,0.8011391758918762
893,0.8436095118522644
894,0.8238317966461182
895,0.7492694854736328
896,0.8954381942749023
897,0.7987841367721558
898,0.810809850692749
899,0.7441341876983643
900,0.7792713642120361
901,0.8672486543655396
902,0.7905617356300354
903,0.8461791276931763
904,0.8927814960479736
905,0.8521618843078613
906,0.8667346239089966
907,0.8164019584655762
908,0.8040311932563782
909,0.7783252000808716
910,0.8831258416175842
911,0.8360350131988525
912,0.8444464206695557
913,0.9095314741134644
914,0.8239772319793701
915,0.7852060794830322
916,0.8682736158370972
917,0.8305807709693909
918,0.7902342081069946
919,0.7663147449493408
920,0.8113353252410889
921,0.8415173292160034
922,0.857611894607544
923,0.8439228534698486
924,0.7400228977203369
925,0.9084116220474243
926,0.9480915069580078
927,0.8474019765853882
928,0.8237305283546448
929,0.7431166172027588
930,0.7987555265426636
931,0.8723465204238892
932,0.8248071670532227
933,0.7846983075141907
934,0.7720750570297241
935,0.7549092173576355
936,0.8257582187652588
937,0.9061094522476196
938,0.8938137888908386
939,0.8044689297676086
940,0.8408869504928589
941,0.8048216700553894
942,0.798154890537262
943,0.8832263946533203
944,0.8489102125167847
945,0.8450318574905396
946,0.8356466293334961
947,0.7980103492736816
948,0.8446370363235474
949,0.8490293025970459
950,0.883531928062439
951,0.8502886891365051
952,0.8058458566665649
953,0.8384382724761963
954,0.8731393814086914
955,0.8636770248413086
956,0.8539000749588013
957,0.8304336071014404
958,0.8130527138710022
959,0.915726363658905
960,0.865611732006073
961,0.8708475828170776
962,0.8427698612213135
963,0.8847930431365967
964,0.854415774345398
965,0.8741533160209656
966,0.7856386303901672
967,0.9113283157348633
968,0.8627439737319946
969,0.795017421245575
970,0.924214243888855
971,0.7390466332435608
972,0.9056915044784546
973,0.8605785965919495
974,0.8555216789245605
975,0.8289164900779724
976,0.852106511592865
977,0.8717813491821289
978,0.7660860419273376
979,0.8420840501785278
980,0.8149306178092957
981,0.9009070992469788
982,0.844809889793396
983,0.8161180019378662
984,0.8125400543212891
985,0.7556535601615906
986,0.864919900894165
987,0.8317973017692566
988,0.7934390306472778
989,0.8281054496765137
990,0.7777245044708252
991,0.8488397598266602
992,0.914206862449646
993,0.8872579336166382
994,0.791303277015686
995,0.8712113499641418
996,0.8668718934059143
997,0.8145986795425415
998,0.8115298748016357
999,0.866605281829834
1000,0.8014280796051025
1001,0.8325651288032532
1002,0.7379674911499023
1003,0.8386850357055664
1004,0.9062734842300415
1005,0.8503493070602417
1006,0.8015043139457703
1007,0.8094950914382935
1008,0.8671244382858276
1009,0.8401802778244019
1010,0.8646586537361145
1011,0.823846697807312
1012,0.8536908626556396
1013,0.7397943735122681
1014,0.8404114246368408
1015,0.7579678893089294
1016,0.8128734827041626
1017,0.7639230489730835
1018,0.7936232686042786
1019,0.8423277139663696
1020,0.7450730800628662
1021,0.8604857921600342
1022,0.8357999324798584
1023,0.8179066777229309
1024,0.8529256582260132
1025,0.8455203771591187
1026,0.8274036049842834
1027,0.8556923866271973
1028,0.9360963106155396
1029,0.8483489155769348
1030,0.8309462666511536
1031,0.8002306222915649
1032,0.9115796089172363
1033,0.9335024356842041
1034,0.8383708000183105
1035,0.8484015464782715
1036,0.8524746298789978
1037,0.8030299544334412
1038,0.9074223041534424
1039,0.8638010025024414
1040,0.8469101190567017
1041,0.8447299599647522
1042,0.8246040344238281
1043,0.8757774829864502
1044,0.8532640337944031
1045,0.8076605796813965
1046,0.8087755441665649
1047,0.8262844085693359
1048,0.8445830345153809
1049,0.8403071165084839
1050,0.8709297180175781
1051,0.8250592350959778
1052,0.8230031728744507
1053,0.8759859800338745
1054,0.8092038035392761
1055,0.838101863861084
1056,0.8432929515838623
1057,0.8106105923652649
1058,0.9407581090927124
1059,0.8681973218917847
1060,0.8564581871032715
1061,0.8089567422866821
1062,0.8365836143493652
1063,0.7473412752151489
1064,0.8394179940223694
1065,0.8375476598739624
1066,0.80975741147995
1067,0.8416595458984375
1068,0.8169736862182617
1069,0.8422701358795166
1070,0.8488264679908752
1071,0.8153831362724304
1072,0.8292490243911743
1073,0.8548088073730469
1074,0.7955784797668457
1075,0.7876951098442078
1076,0.9032996296882629
1077,0.799862265586853
1078,0.8581149578094482
1079,0.8593363761901855
1080,0.8397402167320251
1081,0.7685602903366089
1082,0.7854143977165222
1083,0.8353257179260254
1084,0.8429723381996155
1085,0.7318682670593262
1086,0.8957022428512573
1087,0.7706888318061829
1088,0.8224424719810486
1089,0.8595660924911499
1090,0.8554271459579468
1091,0.9128730297088623
1092,0.8614262342453003
1093,0.8607156276702881
1094,0.8146257996559143
1095,0.8105995655059814
1096,0.8694780468940735
1097,0.8614742159843445
1098,0.8406341671943665
1099,0.8921040296554565
1100,0.8166630268096924
1101,0.9195420145988464
1102,0.8147732019424438
1103,0.7894733548164368
1104,0.7970479726791382
1105,0.8222974538803101
1106,0.8676315546035767
1107,0.8758940100669861
1108,0.7523047924041748
1109,0.8661956191062927
1110,0.8865405321121216
1111,0.7205327153205872
1112,0.8302206993103027
1113,0.809741735458374
1114,0.8885977268218994
1115,0.8372876644134521
1116,0.7767429351806641
1117,0.8389588594436646
1118,0.7932940721511841
1119,0.8833467960357666
1120,0.8480620384216309
1121,0.8573126792907715
1122,0.8289221525192261
1123,0.8243995308876038
1124,0.8790651559829712
1125,0.8479318618774414
1126,0.8268295526504517
1127,0.8096578121185303
1128,0.789545476436615
1129,0.7755036354064941
1130,0.8050694465637207
1131,0.8377252817153931
1132,0.8813579082489014
1133,0.8513153791427612
1134,0.83425372838974
1135,0.8717549443244934
1136,0.8884332180023193
1137,0.8237524032592773
1138,0.8031161427497864
1139,0.8091815710067749
1140,0.8365962505340576
1141,0.9080690145492554
1142,0.8565014004707336
1143,0.8310831785202026
1144,0.9190135598182678
1145,0.8594056367874146
1146,0.7807859182357788
1147,0.8437306880950928
1148,0.7332625389099121
1149,0.8958834409713745
1150,0.7786908149719238
1151,0.8206758499145508
1152,0.8385260701179504
1153,0.7925264239311218
1154,0.8873454332351685
1155,0.8584840893745422
1156,0.8585641384124756
1157,0.8304377794265747
1158,0.8058614730834961
1159,0.8537195920944214
1160,0.8312183618545532
1161,0.8998250961303711
1162,0.8650413751602173
1163,0.8712249994277954
1164,0.818981409072876
1165,0.8080971240997314
1166,0.8636778593063354
1167,0.8521753549575806
1168,0.7803021669387817
1169,0.813381552696228
1170,0.8659695982933044
1171,0.7844002842903137
1172,0.8129986524581909
1173,0.8561397790908813
1174,0.8838395476341248
1175,0.9340022206306458
1176,0.8714108467102051
1177,0.8311035633087158
1178,0.7938863039016724
1179,0.8847877979278564
1180,0.8658562898635864
1181,0.821757435798645
1182,0.7584880590438843
1183,0.8484400510787964
1184,0.83168625831604
1185,0.8685966730117798
1186,0.7719659805297852
1187,0.8535915613174438
1188,0.8276869058609009
1189,0.8767784833908081
1190,0.8747656941413879
1191,0.840714156627655
1192,0.8546366691589355
1193,0.7373851537704468
1194,0.8601617813110352
1195,0.8409891128540039
1196,0.9008899927139282
1197,0.8207074403762817
1198,0.8883448839187622
1199,0.8931856751441956
1200,0.8489181399345398
1201,0.7714474201202393
1202,0.8853874206542969
1203,0.8449432253837585
1204,0.8651232719421387
1205,0.8443771004676819
1206,0.8422017097473145
1207,0.7655285596847534
1208,0.7930320501327515
1209,0.8353086113929749
1210,0.8479167222976685
1211,0.8348740339279175
1212,0.8440726399421692
1213,0.8078991770744324
1214,0.8962052464485168
1215,0.9056195616722107
1216,0.820176362991333
1217,0.861565113067627
1218,0.801322340965271
1219,0.8379591703414917
1220,0.8172692060470581
1221,0.8541327714920044
1222,0.9065739512443542
1223,0.7409813404083252
1224,0.8237221837043762
1225,0.837994396686554
1226,0.8463575839996338
1227,0.7925254702568054
1228,0.8636012673377991
1229,0.7956284284591675
1230,0.7467453479766846
1231,0.7772361636161804
1232,0.8595433831214905
1233,0.8475592136383057
1234,0.8834341764450073
1235,0.8961513638496399
1236,0.8231475353240967
1237,0.8584771156311035
1238,0.9118044972419739
1239,0.824508011341095
1240,0.8354107141494751
1241,0.872596025466919
1242,0.8121760487556458
1243,0.841367244720459
1244,0.7829678058624268
1245,0.8042663931846619
1246,0.924946665763855
1247,0.8945983648300171
1248,0.8064635992050171
1249,0.8003015518188477
1250,0.8642761707305908
1251,0.8639342188835144
1252,0.861858069896698
1253,0.8793491721153259
1254,0.8769463300704956
1255,0.8197650909423828
1256,0.8414507508277893
1257,0.8808155059814453
1258,0.9164535403251648
1259,0.8148195147514343
1260,0.7979726791381836
1261,0.8681987524032593
1262,0.8754266500473022
1263,0.7771718502044678
1264,0.8845100402832031
1265,0.7472985982894897
1266,0.8562214374542236
1267,0.8034824132919312
1268,0.862175464630127
1269,0.8785876035690308
1270,0.7910364866256714
1271,0.8508672714233398
1272,0.8845168948173523
1273,0.8158732056617737
1274,0.7999811172485352
1275,0.8339752554893494
1276,0.8734850883483887
1277,0.8381780982017517
1278,0.8245141506195068
1279,0.7819595336914062
1280,0.8196542859077454
1281,0.842217206954956
1282,0.8002238273620605
1283,0.7852944135665894
1284,0.8432455062866211
1285,0.8000574111938477
1286,0.8928720951080322
1287,0.820908784866333
1288,0.7765570878982544
1289,0.8066136240959167
1290,0.7767202854156494
1291,0.838223934173584
1292,0.8600364923477173
1293,0.8123568892478943
1294,0.8348979949951172
1295,0.8265700340270996
1296,0.8757983446121216
1297,0.8402402400970459
1298,0.8944573402404785
1299,0.8052631616592407
1300,0.8222728967666626
1301,0.8308647871017456
1302,0.8596723079681396
1303,0.7884246110916138
1304,0.8520987629890442
1305,0.8012293577194214
1306,0.8808196783065796
1307,0.8309329748153687
1308,0.860002875328064
1309,0.8365992307662964
1310,0.8729375600814819
1311,0.7870253324508667
1312,0.8072013854980469
1313,0.8791680335998535
1314,0.855034351348877
1315,0.8876364231109619
1316,0.816068172454834
1317,0.8178223371505737
1318,0.8624826669692993
1319,0.8175946474075317
1320,0.9336522817611694
1321,0.8219903707504272
1322,0.8876239061355591
1323,0.8365275859832764
1324,0.8090055584907532
1325,0.8602540493011475
1326,0.8694403767585754
1327,0.8117229342460632
1328,0.845024585723877
1329,0.7761450409889221
1330,0.8218755722045898
1331,0.7684133052825928
1332,0.6971396207809448
1333,0.7485365271568298
1334,0.8332141637802124
1335,0.8435741066932678
1336,0.8789410591125488
1337,0.8566155433654785
1338,0.8336638808250427
1339,0.8212277889251709
1340,0.7741773128509521
1341,0.8534007668495178
1342,0.8650148510932922
1343,0.8083080649375916
1344,0.8036007881164551
1345,0.8268478512763977
1346,0.870876669883728
1347,0.8343315124511719
1348,0.8525844216346741
1349,0.7987769842147827
1350,0.8763898015022278
1351,0.8510377407073975
1352,0.841624915599823
1353,0.8620069622993469
1354,0.7911627292633057
1355,0.8112751245498657
1356,0.8420337438583374
1357,0.8678128719329834
1358,0.8059086799621582
1359,0.7829746007919312
1360,0.8210705518722534
1361,0.8459707498550415
1362,0.8488342761993408
1363,0.7426276206970215
1364,0.8974642157554626
1365,0.7931607365608215
1366,0.8995615243911743
1367,0.8031273484230042
1368,0.8842769265174866
1369,0.846432626247406
1370,0.7981806993484497
1371,0.8165795207023621
1372,0.8823410272598267
1373,0.8137534856796265
1374,0.8194423913955688
1375,0.8146551847457886
1376,0.8919166326522827
1377,0.860814094543457
1378,0.8139268159866333
1379,0.8034000396728516
1380,0.8707606792449951
1381,0.793839693069458
1382,0.8190499544143677
1383,0.810636043548584
1384,0.8175446391105652
1385,0.8625394105911255
1386,0.8450477123260498
1387,0.8595389723777771
1388,0.8737047910690308
1389,0.8735088109970093
1390,0.8318487405776978
1391,0.9098606109619141
1392,0.774713397026062
1393,0.7981891632080078
1394,0.8806045651435852
1395,0.778128445148468
1396,0.9092976450920105
1397,0.8084684610366821
1398,0.8476832509040833
1399,0.8974652290344238
1400,0.8309824466705322
1401,0.8775699138641357
1402,0.7997799515724182
1403,0.799994945526123
1404,0.8265464901924133
1405,0.9047029614448547
1406,0.8295403718948364
1407,0.9179151058197021
1408,0.8397228717803955
1409,0.81669020652771
1410,0.8512468338012695
1411,0.8883543014526367
1412,0.8627983331680298
1413,0.8111612200737
1414,0.8067837953567505
1415,0.8712418675422668
1416,0.907333254814148
1417,0.8170254826545715
1418,0.8449187874794006
1419,0.7865293622016907
1420,0.8874689936637878
1421,0.8868306875228882
1422,0.8461061716079712
1423,0.8210451602935791
1424,0.8243349194526672
1425,0.8084908723831177
1426,0.8287456035614014
1427,0.8193656206130981
1428,0.8730812668800354
1429,0.7984918355941772
1430,0.7686232924461365
1431,0.7900798916816711
1432,0.8500016927719116
1433,0.8240252733230591
1434,0.8420711755752563
1435,0.8447340726852417
1436,0.8241450190544128
1437,0.8784213662147522
1438,0.8780674934387207
1439,0.8858572244644165
1440,0.8971917033195496
1441,0.870258092880249
1442,0.8090445399284363
1443,0.831277072429657
1444,0.8510820865631104
1445,0.8804329037666321
1446,0.8059625625610352
1447,0.8663696050643921
1448,0.790477991104126
1449,0.9084750413894653
1450,0.9097651839256287
1451,0.8321141004562378
1452,0.749716579914093
1453,0.8511625528335571
1454,0.778300404548645
1455,0.79035484790802
1456,0.8975045084953308
1457,0.8124297857284546
1458,0.827858567237854
1459,0.8303297758102417
1460,0.848321259021759
1461,0.8094534873962402
1462,0.8016910552978516
1463,0.8315987586975098
1464,0.8498080968856812
1465,0.814980149269104
1466,0.898070216178894
1467,0.7780368328094482
1468,0.832094669342041
1469,0.9210280776023865
1470,0.8536077737808228
1471,0.832008957862854
1472,0.8234002590179443
1473,0.8455983996391296
1474,0.8291752934455872
1475,0.8678538799285889
1476,0.8482015132904053
1477,0.735260009765625
1478,0.8588338494300842
1479,0.7503957748413086
1480,0.8042724132537842
1481,0.8399573564529419
1482,0.8545311093330383
1483,0.884562075138092
1484,0.8274779319763184
1485,0.7621979713439941
1486,0.8878865242004395
1487,0.8277022242546082
1488,0.8078811764717102
1489,0.759880542755127
1490,0.7888771891593933
1491,0.8661276698112488
1492,0.845435380935669
1493,0.8146353960037231
1494,0.694625973701477
1495,0.807755172252655
1496,0.8671919107437134
1497,0.8205972909927368
1498,0.819083571434021
1499,0.7574692964553833
1500,0.8174315690994263
1501,0.8670055866241455
1502,0.7809063196182251
1503,0.8377355337142944
1504,0.8684563636779785
1505,0.8351883888244629
1506,0.8567523956298828
1507,0.9047551155090332
1508,0.8745423555374146
1509,0.8289907574653625
1510,0.7770693898200989
1511,0.830173134803772
1512,0.8411084413528442
1513,0.8606358766555786
1514,0.8590936064720154
1515,0.8393182158470154
1516,0.8036090731620789
1517,0.815224826335907
1518,0.8370246887207031
1519,0.8560039401054382
1520,0.8156824111938477
1521,0.8352615237236023
1522,0.8279393911361694
1523,0.8626971244812012
1524,0.8364089131355286
1525,0.851714015007019
1526,0.7849944233894348
1527,0.8185617327690125
1528,0.8471410274505615
1529,0.8072304725646973
1530,0.960529088973999
1531,0.8339822292327881
1532,0.7601491808891296
1533,0.8408515453338623
1534,0.8219015598297119
1535,0.8599690198898315
1536,0.7839879989624023
1537,0.9159788489341736
1538,0.8915811777114868
1539,0.7898752093315125
1540,0.8881828784942627
1541,0.8248937726020813
1542,0.884965181350708
1543,0.8985204696655273
1544,0.7451570630073547
1545,0.8582770824432373
1546,0.8557870388031006
1547,0.8642970323562622
1548,0.8616975545883179
1549,0.8467519283294678
1550,0.8368521928787231
1551,0.8501449823379517
1552,0.9066876173019409
1553,0.8428726196289062
1554,0.9006654024124146
1555,0.8517012596130371
1556,0.7710273265838623
1557,0.8292444944381714
1558,0.8437087535858154
1559,0.8004633188247681
1560,0.8482987880706787
1561,0.8098888397216797
1562,0.7943888902664185
1563,0.8088272213935852
1564,0.7348453402519226
1565,0.8353238701820374
1566,0.8745259046554565
1567,0.8466126322746277
1568,0.8444342613220215
1569,0.8186098337173462
1570,0.8759369254112244
1571,0.7706831693649292
1572,0.8541635274887085
1573,0.8400824069976807
1574,0.8453351259231567
1575,0.8824635744094849
1576,0.861595630645752
1577,0.8791431188583374
1578,0.8044103980064392
1579,0.8317960500717163
1580,0.8979842662811279
1581,0.9327863454818726
1582,0.863037109375
1583,0.8522114753723145
1584,0.8066831827163696
1585,0.8150392770767212
1586,0.8582658171653748
1587,0.8284632563591003
1588,0.835798442363739
1589,0.7518835067749023
1590,0.7824746966362
1591,0.8329349160194397
1592,0.8434953689575195
1593,0.8103680610656738
1594,0.8002119660377502
1595,0.7726128697395325
1596,0.7646874189376831
1597,0.8511504530906677
1598,0.8585383296012878
1599,0.8232284784317017
1600,0.8247202634811401
1601,0.8451782464981079
1602,0.7425131797790527
1603,0.8270087242126465
1604,0.7904072999954224
1605,0.7116154432296753
1606,0.9302326440811157
1607,0.8026801943778992
1608,0.764802098274231
1609,0.8290594816207886
1610,0.852069079875946
1611,0.8292086720466614
1612,0.8658291101455688
1613,0.8781840801239014
1614,0.8906607627868652
1615,0.8080295324325562
1616,0.8098008036613464
1617,0.8263483047485352
1618,0.8107696771621704
1619,0.7180668115615845
1620,0.7998009920120239
1621,0.8544989824295044
1622,0.7853111028671265
1623,0.781231164932251
1624,0.8499835133552551
1625,0.8668927550315857
1626,0.7167868614196777
1627,0.9022881388664246
1628,0.8017206192016602
1629,0.8961080312728882
1630,0.8751389980316162
1631,0.8796336650848389
1632,0.8560738563537598
1633,0.87991863489151
1634,0.8138120174407959
1635,0.8243436813354492
1636,0.8014591336250305
1637,0.8349441289901733
1638,0.7697650790214539
1639,0.8625549077987671
1640,0.8101383447647095
1641,0.8276835680007935
1642,0.8568838834762573
1643,0.7892107367515564
1644,0.7930409908294678
1645,0.8174358606338501
1646,0.8496235609054565
1647,0.7899472713470459
1648,0.8568434119224548
1649,0.70972740650177
1650,0.8600934147834778
1651,0.8288583755493164
1652,0.9070765376091003
1653,0.8833217620849609
1654,0.8384243249893188
1655,0.8339674472808838
1656,0.9120075702667236
1657,0.7385615706443787
1658,0.7822397351264954
1659,0.7860202789306641
1660,0.7686765193939209
1661,0.8301174640655518
1662,0.7881910800933838
1663,0.7283672094345093
1664,0.7925914525985718
1665,0.8105695247650146
1666,0.8106499910354614
1667,0.8200279474258423
1668,0.8774977326393127
1669,0.896271288394928
1670,0.8587891459465027
1671,0.8192426562309265
1672,0.8669236898422241
1673,0.8546090126037598
1674,0.791822612285614
1675,0.8314021825790405
1676,0.8797476291656494
1677,0.9636647701263428
1678,0.8606290221214294
1679,0.803006112575531
1680,0.8349999785423279
1681,0.8336530923843384
1682,0.8897135257720947
1683,0.8706579208374023
1684,0.8095115423202515
1685,0.8743956685066223
1686,0.81315678358078
1687,0.7746223211288452
1688,0.7737502455711365
1689,0.8372621536254883
1690,0.80806565284729
1691,0.8746007680892944
1692,0.864093542098999
1693,0.8682785034179688
1694,0.8126002550125122
1695,0.8262979984283447
1696,0.8019404411315918
1697,0.8525301218032837
1698,0.8578668832778931
1699,0.8995709419250488
1700,0.904578447341919
1701,0.8018639087677002
1702,0.7321698665618896
1703,0.8767377138137817
1704,0.8383824825286865
1705,0.8774691820144653
1706,0.8966246843338013
1707,0.8576231002807617
1708,0.8690988421440125
1709,0.839884877204895
1710,0.8666478991508484
1711,0.8392115831375122
1712,0.8437718749046326
1713,0.7850630283355713
1714,0.7908756732940674
1715,0.8629862070083618
1716,0.8135373592376709
1717,0.8198162317276001
1718,0.8140882849693298
1719,0.7878997325897217
1720,0.8606708645820618
1721,0.8428762555122375
1722,0.800457239151001
1723,0.8153458833694458
1724,0.8292582035064697
1725,0.862618625164032
1726,0.8473418354988098
1727,0.9249725341796875
1728,0.8336050510406494
1729,0.8361902832984924
1730,0.853460431098938
1731,0.837905764579773
1732,0.8572676181793213
1733,0.7064312696456909
1734,0.8691125512123108
1735,0.8010603189468384
1736,0.864579439163208
1737,0.8893673419952393
1738,0.8228224515914917
1739,0.8403266668319702
1740,0.8361076712608337
1741,0.8152409195899963
1742,0.8745392560958862
1743,0.7875760197639465
1744,0.912112295627594
1745,0.7808582782745361
1746,0.8645440340042114
1747,0.8556190729141235
1748,0.7983096837997437
1749,0.8053977489471436
1750,0.8771724700927734
1751,0.8025292158126831
1752,0.823926568031311
1753,0.7770931720733643
1754,0.8720504641532898
1755,0.7454913854598999
1756,0.8679720163345337
1757,0.8883534669876099
1758,0.8851919174194336
1759,0.7542498111724854
1760,0.7592345476150513
1761,0.8469163775444031
1762,0.9124122858047485
1763,0.8542171120643616
1764,0.7954110503196716
1765,0.7488428354263306
1766,0.8649144172668457
1767,0.8515259623527527
1768,0.8380284905433655
1769,0.7642654180526733
1770,0.845792293548584
1771,0.8780561089515686
1772,0.894497275352478
1773,0.8227022886276245
1774,0.8757041692733765
1775,0.8675495982170105
1776,0.793428361415863
1777,0.8008242845535278
1778,0.8497151136398315
1779,0.8660820722579956
1780,0.8010905981063843
1781,0.7761750817298889
1782,0.8047785758972168
1783,0.7905095815658569
1784,0.7649643421173096
1785,0.8458513021469116
1786,0.8655040264129639
1787,0.8531368970870972
1788,0.8215585947036743
1789,0.8769475221633911
1790,0.8908558487892151
1791,0.8054489493370056
1792,0.8095383644104004
1793,0.8028327226638794
1794,0.8459358811378479
1795,0.832754373550415
1796,0.8854662179946899
1797,0.8090969920158386
1798,0.8495993614196777
1799,0.9375482201576233
1800,0.85881507396698
1801,0.7514869570732117
1802,0.9020489454269409
1803,0.8542400598526001
1804,0.8080979585647583
1805,0.8438879251480103
1806,0.8757867217063904
1807,0.8952101469039917
1808,0.843542754650116
1809,0.8257371187210083
1810,0.8595396876335144
1811,0.8639758825302124
1812,0.8306951522827148
1813,0.8170492649078369
1814,0.8468726873397827
1815,0.7977060675621033
1816,0.8320932388305664
1817,0.8051498532295227
1818,0.8392417430877686
1819,0.8024566769599915
1820,0.8643447756767273
1821,0.8747208118438721
1822,0.802412748336792
1823,0.8219014406204224
1824,0.7997891306877136
1825,0.7871255278587341
1826,0.8553950786590576
1827,0.6973893642425537
1828,0.8290606737136841
1829,0.8157191872596741
1830,0.8660533428192139
1831,0.7745256423950195
1832,0.8318586349487305
1833,0.8414382338523865
1834,0.7993268370628357
1835,0.7673816680908203
1836,0.8898499608039856
1837,0.7940796613693237
1838,0.8162235021591187
1839,0.836359977722168
1840,0.8347928524017334
1841,0.8535096645355225
1842,0.8161122798919678
1843,0.8898304104804993
1844,0.8768824338912964
1845,0.8931032419204712
1846,0.8192076683044434
1847,0.7326052188873291
1848,0.847503125667572
1849,0.8014850616455078
1850,0.851127564907074
1851,0.845042884349823
1852,0.8414462804794312
1853,0.7975852489471436
1854,0.7819511890411377
1855,0.8369260430335999
1856,0.8762725591659546
1857,0.8520777225494385
1858,0.8502137064933777
1859,0.8111618757247925
1860,0.8891834020614624
1861,0.8403555750846863
1862,0.8456623554229736
1863,0.9198446869850159
1864,0.858361005783081
1865,0.8297805786132812
1866,0.8290054798126221
1867,0.8312915563583374
1868,0.8351870775222778
1869,0.8376888036727905
1870,0.841575562953949
1871,0.8256847858428955
1872,0.8447675704956055
1873,0.8780108690261841
1874,0.8462803363800049
1875,0.858946681022644
1876,0.775448203086853
1877,0.8974571824073792
1878,0.7832821607589722
1879,0.896111249923706
1880,0.7915586233139038
1881,0.8789188265800476
1882,0.7532569169998169
1883,0.8156628608703613
1884,0.8477619886398315
1885,0.8781715035438538
1886,0.8256965279579163
1887,0.8848872780799866
1888,0.8464792966842651
1889,0.836574912071228
1890,0.7847456336021423
1891,0.8197875022888184
1892,0.8053864240646362
1893,0.8448504209518433
1894,0.8600936532020569
1895,0.8538919687271118
1896,0.839047372341156
1897,0.8759034872055054
1898,0.7904256582260132
1899,0.8436439037322998
1900,0.8590701818466187
1901,0.8429338932037354
1902,0.7830894589424133
1903,0.9563551545143127
1904,0.9097774624824524
1905,0.8558852672576904
1906,0.7962781190872192
1907,0.8320112228393555
1908,0.7890763282775879
1909,0.8997001647949219
1910,0.8027399182319641
1911,0.8001792430877686
1912,0.8432904481887817
1913,0.8970306515693665
1914,0.7885878086090088
1915,0.8729530572891235
1916,0.8593062162399292
1917,0.8986124396324158
1918,0.8644475340843201
1919,0.857087254524231
1920,0.8598489761352539
1921,0.873764157295227
1922,0.8126420974731445
1923,0.8639640808105469
1924,0.8259687423706055
1925,0.8579100370407104
1926,0.815552294254303
1927,0.7937577962875366
1928,0.8306298851966858
1929,0.8741739988327026
1930,0.8640943765640259
1931,0.7556025981903076
1932,0.8549884557723999
1933,0.865580677986145
1934,0.8421751260757446
1935,0.83486008644104
1936,0.8245663046836853
1937,0.8865923881530762
1938,0.8162180185317993
1939,0.8505271673202515
1940,0.8611915111541748
1941,0.7736601829528809
1942,0.8641222715377808
1943,0.8251752853393555
1944,0.8589478135108948
1945,0.7487986087799072
1946,0.8134811520576477
1947,0.7608782052993774
1948,0.8414696455001831
1949,0.9036258459091187
1950,0.9322109222412109
1951,0.8649919629096985
1952,0.8421350717544556
1953,0.8022307753562927
1954,0.759668231010437
1955,0.8704695105552673
1956,0.799636960029602
1957,0.8343799710273743
1958,0.8388420343399048
1959,0.8160463571548462
1960,0.8666586875915527
1961,0.8526312112808228
1962,0.8061889410018921
1963,0.8382946848869324
1964,0.7999023199081421
1965,0.8499614000320435
1966,0.7695387601852417
1967,0.8015653491020203
1968,0.855349063873291
1969,0.8760760426521301
1970,0.9319438338279724
1971,0.8809583187103271
1972,0.8368228673934937
1973,0.7991437911987305
1974,0.9191434383392334
1975,0.8108370304107666
1976,0.8351452350616455
1977,0.7878919839859009
1978,0.8378682136535645
1979,0.8476107120513916
1980,0.8356055021286011
1981,0.8523697853088379
1982,0.8301602602005005
1983,0.812390148639679
1984,0.8483487367630005
1985,0.8205099105834961
1986,0.7916049957275391
1987,0.7660863995552063
1988,0.8449744582176208
1989,0.8255282640457153
1990,0.7999560832977295
1991,0.8870094418525696
1992,0.7783217430114746
1993,0.855944812297821
1994,0.8291207551956177
1995,0.7590693235397339
1996,0.7866531014442444
1997,0.8624420166015625
1998,0.848459005355835
1999,0.7615538239479065
2000,0.8402309417724609
2001,0.8339883089065552
2002,0.8433444499969482
2003,0.881159782409668
2004,0.7974581122398376
2005,0.833414614200592
2006,0.8113895058631897
2007,0.8699809312820435
2008,0.8821921348571777
2009,0.7858946919441223
2010,0.8522314429283142
2011,0.8843551874160767
2012,0.882331132888794
2013,0.8154283761978149
2014,0.8273259401321411
2015,0.9060664176940918
2016,0.8341840505599976
2017,0.8346395492553711
2018,0.8748130798339844
2019,0.8996278047561646
2020,0.83351731300354
2021,0.9063407182693481
2022,0.857084333896637
2023,0.9003095626831055
2024,0.8316650390625
2025,0.8760196566581726
2026,0.8522699475288391
2027,0.831419825553894
2028,0.8130178451538086
2029,0.8039311170578003
2030,0.8827071189880371
2031,0.8352344632148743
2032,0.8192381262779236
2033,0.8589625358581543
2034,0.8081021308898926
2035,0.8591660261154175
2036,0.8442836403846741
2037,0.8639733791351318
2038,0.8049038648605347
2039,0.8142863512039185
2040,0.8279145956039429
2041,0.8792604207992554
2042,0.7489573955535889
2043,0.8394672870635986
2044,0.8559976816177368
2045,0.8685529828071594
2046,0.894223690032959
2047,0.8526227474212646
2048,0.8825530409812927
2049,0.8039723634719849
2050,0.821373462677002
2051,0.8507574796676636
2052,0.8791418075561523
2053,0.8237937688827515
2054,0.8770880699157715
2055,0.8289684653282166
2056,0.7892211675643921
2057,0.8537482023239136
2058,0.8229295015335083
2059,0.7462261915206909
2060,0.8800069093704224
2061,0.8430695533752441
2062,0.8327442407608032
2063,0.8803305625915527
2064,0.792223334312439
2065,0.8044739961624146
2066,0.8505661487579346
2067,0.8407162427902222
2068,0.7751901149749756
2069,0.8611561059951782
2070,0.8296915888786316
2071,0.861851155757904
2072,0.7702022790908813
2073,0.8697787523269653
2074,0.8788408041000366
2075,0.8635611534118652
2076,0.812587320804596
2077,0.7379602193832397
2078,0.8586073517799377
2079,0.7524057626724243
2080,0.846976637840271
2081,0.7779579162597656
2082,0.8156983852386475
2083,0.8553977608680725
2084,0.7999484539031982
2085,0.8775733709335327
2086,0.8526600003242493
2087,0.889904797077179
2088,0.8284168839454651
2089,0.779093861579895
2090,0.8608156442642212
2091,0.8412684202194214
2092,0.8622779846191406
2093,0.8133364915847778
2094,0.8368980884552002
2095,0.7674103379249573
2096,0.8510148525238037
2097,0.8585029244422913
2098,0.7590604424476624
2099,0.7631561160087585
2100,0.7910283803939819
2101,0.8568044900894165
2102,0.8459986448287964
2103,0.8573319315910339
2104,0.8639527559280396
2105,0.8122422695159912
2106,0.7694568037986755
2107,0.866032063961029
2108,0.8296693563461304
2109,0.8466758131980896
2110,0.8451582193374634
2111,0.8549100160598755
2112,0.8293755054473877
2113,0.8503378033638
2114,0.8241977691650391
2115,0.8683526515960693
2116,0.8083743453025818
2117,0.8804848790168762
2118,0.9199351668357849
2119,0.870634913444519
2120,0.8231388926506042
2121,0.8588262796401978
2122,0.8514993190765381
2123,0.8771240711212158
2124,0.8462942838668823
2125,0.8273395299911499
2126,0.8417332172393799
2127,0.8303898572921753
2128,0.7634216547012329
2129,0.8441040515899658
2130,0.8821638226509094
2131,0.8525863885879517
2132,0.8743588328361511
2133,0.8462294936180115
2134,0.891619086265564
2135,0.8762502670288086
2136,0.7883409261703491
2137,0.9067432880401611
2138,0.8418701887130737
2139,0.8539912700653076
2140,0.8937335014343262
2141,0.8459186553955078
2142,0.8842711448669434
2143,0.8649382591247559
2144,0.8369162082672119
2145,0.7918144464492798
2146,0.9359960556030273
2147,0.8965559601783752
2148,0.7664976119995117
2149,0.8153128623962402
2150,0.8662124872207642
2151,0.8150427937507629
2152,0.8386263251304626
2153,0.8583483695983887
2154,0.8246877193450928
2155,0.8444685935974121
2156,0.8632360696792603
2157,0.8571293354034424
2158,0.8205715417861938
2159,0.8080604672431946
2160,0.8312174677848816
2161,0.7570648789405823
2162,0.7862235307693481
2163,0.8683891296386719
2164,0.840023398399353
2165,0.8075193166732788
2166,0.8351865410804749
2167,0.8765336275100708
2168,0.8279454708099365
2169,0.8877284526824951
2170,0.868521511554718
2171,0.8984700441360474
2172,0.8951095342636108
2173,0.8097973465919495
2174,0.8169413805007935
2175,0.8349036574363708
2176,0.7388593554496765
2177,0.7965174913406372
2178,0.859433114528656
2179,0.795928418636322
2180,0.8060206174850464
2181,0.824250340461731
2182,0.8737552762031555
2183,0.8388628959655762
2184,0.8719969391822815
2185,0.8647997379302979
2186,0.8022947907447815
2187,0.8560454249382019
2188,0.795093297958374
2189,0.8419914841651917
2190,0.8049803376197815
2191,0.8348854780197144
2192,0.8210684061050415
2193,0.8419988751411438
2194,0.8125982880592346
2195,0.8266209959983826
2196,0.8681097030639648
2197,0.8282613754272461
2198,0.8366446495056152
2199,0.7795045375823975
2200,0.75691819190979
2201,0.8146941065788269
2202,0.8036664724349976
2203,0.8600270748138428
2204,0.8426049947738647
2205,0.8311848640441895
2206,0.8971524238586426
2207,0.945319414138794
2208,0.7741044759750366
2209,0.8991469144821167
2210,0.8051989078521729
2211,0.8274708390235901
2212,0.8510767221450806
2213,0.8406481742858887
2214,0.7293516993522644
2215,0.8210453987121582
2216,0.8224554061889648
2217,0.8300896883010864
2218,0.7585222721099854
2219,0.8217718601226807
2220,0.8489203453063965
2221,0.806777834892273
2222,0.8052840232849121
2223,0.8139554262161255
2224,0.8817084431648254
2225,0.9071615934371948
2226,0.8048844337463379
2227,0.7558661699295044
2228,0.8898617029190063
2229,0.8523629903793335
2230,0.8494388461112976
2231,0.8369117379188538
2232,0.8588731288909912
2233,0.8073726296424866
2234,0.8920640349388123
2235,0.6878910660743713
2236,0.86525559425354
2237,0.8978545069694519
2238,0.7384648323059082
2239,0.7688465118408203
2240,0.9450187683105469
2241,0.8175401091575623
2242,0.7936282157897949
2243,0.8871117830276489
2244,0.7859741449356079
2245,0.8149257898330688
2246,0.8441212177276611
2247,0.7686876058578491
2248,0.7239469289779663
2249,0.7643606066703796
2250,0.8306478261947632
2251,0.8156750202178955
2252,0.8254806995391846
2253,0.8155559301376343
2254,0.874646782875061
2255,0.8794257044792175
2256,0.7942872643470764
2257,0.8630173206329346
2258,0.8378647565841675
2259,0.8764134049415588
2260,0.825334906578064
2261,0.7877973318099976
2262,0.8488315939903259
2263,0.8184409141540527
2264,0.8085553646087646
2265,0.8894435167312622
2266,0.8401790857315063
2267,0.8053551912307739
2268,0.8735931515693665
2269,0.8440827131271362
2270,0.8678894639015198
2271,0.8680048584938049
2272,0.8215871453285217
2273,0.8667790293693542
2274,0.8595622777938843
2275,0.8287297487258911
2276,0.8560007810592651
2277,0.8492721319198608
2278,0.8335572481155396
2279,0.8407903909683228
2280,0.8689022660255432
2281,0.8893544673919678
2282,0.8379644155502319
2283,0.8544279932975769
2284,0.8487786650657654
2285,0.8339113593101501
2286,0.8692326545715332
2287,0.8447464108467102
2288,0.8315005302429199
2289,0.8116044998168945
2290,0.8177891969680786
2291,0.7541240453720093
2292,0.8307352066040039
2293,0.8322963118553162
2294,0.8252267837524414
2295,0.8683338165283203
2296,0.8486543893814087
2297,0.8455960750579834
2298,0.8893048763275146
2299,0.8574852347373962
2300,0.9043002128601074
2301,0.8760650157928467
2302,0.8312063813209534
2303,0.8645845651626587
2304,0.8529273867607117
2305,0.8328556418418884
2306,0.8287307620048523
2307,0.844584584236145
2308,0.8842296600341797
2309,0.834535539150238
2310,0.8266565203666687
2311,0.8445496559143066
2312,0.8404061794281006
2313,0.8216655254364014
2314,0.7674705386161804
2315,0.7674546241760254
2316,0.7985085844993591
2317,0.8398045301437378
2318,0.8635704517364502
2319,0.9028127789497375
2320,0.9233121275901794
2321,0.7814878225326538
2322,0.8091270923614502
2323,0.8966444730758667
2324,0.8345769643783569
2325,0.8595194816589355
2326,0.8551255464553833
2327,0.8368686437606812
2328,0.8675037026405334
2329,0.8570684790611267
2330,0.7641259431838989
2331,0.8761953115463257
2332,0.8048220872879028
2333,0.8429508209228516
2334,0.835906982421875
2335,0.7614245414733887
2336,0.8578243851661682
2337,0.7892521619796753
2338,0.8235157132148743
2339,0.7604027986526489
2340,0.8461685180664062
2341,0.8487679362297058
2342,0.7931978702545166
2343,0.7969168424606323
2344,0.8700180053710938
2345,0.8433074951171875
2346,0.8467663526535034
2347,0.8265038728713989
2348,0.8772625923156738
2349,0.8555285334587097
2350,0.8105595111846924
2351,0.7860754132270813
2352,0.8373206853866577
2353,0.8813243508338928
2354,0.855189323425293
2355,0.8264336585998535
2356,0.8736646771430969
2357,0.8699692487716675
2358,0.8589913845062256
2359,0.8305491209030151
2360,0.8325250148773193
2361,0.8027817010879517
2362,0.8550426959991455
2363,0.8475102186203003
2364,0.882808268070221
2365,0.8145475387573242
2366,0.8670181035995483
2367,0.8157583475112915
2368,0.7744579911231995
2369,0.8370432257652283
2370,0.8814438581466675
2371,0.8398174047470093
2372,0.8447831869125366
2373,0.8053693771362305
2374,0.8362497091293335
2375,0.8632363080978394
2376,0.8077683448791504
2377,0.8667437434196472
2378,0.8557642698287964
2379,0.8660067915916443
2380,0.7935925722122192
2381,0.8567891120910645
2382,0.827315628528595
2383,0.8297419548034668
2384,0.8394060134887695
2385,0.7741618156433105
2386,0.9057114720344543
2387,0.8550076484680176
2388,0.8512409925460815
2389,0.8001387119293213
2390,0.8281541466712952
2391,0.8259429931640625
2392,0.8592559099197388
2393,0.8512552976608276
2394,0.80355304479599
2395,0.8780562281608582
2396,0.7797148823738098
2397,0.8337254524230957
2398,0.7194679975509644
2399,0.8079501390457153
2400,0.855579137802124
2401,0.8785347938537598
2402,0.8902419805526733
2403,0.8653907775878906
2404,0.8825100660324097
2405,0.8408751487731934
2406,0.7936882972717285
2407,0.8157459497451782
2408,0.823860228061676
2409,0.7985323667526245
2410,0.8440235257148743
2411,0.8687931299209595
2412,0.9225935935974121
2413,0.8995980024337769
2414,0.8564468622207642
2415,0.9051467180252075
2416,0.8310245275497437
2417,0.8026249408721924
2418,0.7826768755912781
2419,0.8728397488594055
2420,0.8232536315917969
2421,0.7962756752967834
2422,0.8811150789260864
2423,0.799279510974884
2424,0.8180076479911804
2425,0.8258901834487915
2426,0.8393710851669312
2427,0.8848253488540649
2428,0.7821573615074158
2429,0.8452450037002563
2430,0.8655201196670532
2431,0.8138241767883301
2432,0.8649699091911316
2433,0.7889258861541748
2434,0.8478758931159973
2435,0.8733846545219421
2436,0.8348850011825562
2437,0.797564685344696
2438,0.7991511821746826
2439,0.8582130074501038
2440,0.8733891248703003
2441,0.7608684301376343
2442,0.8841361999511719
2443,0.8548157811164856
2444,0.9008688926696777
2445,0.8559962511062622
2446,0.9063829779624939
2447,0.8232710957527161
2448,0.8038997650146484
2449,0.8364863395690918
2450,0.7370659112930298
2451,0.855688750743866
2452,0.7574927806854248
2453,0.7792655229568481
2454,0.8396645188331604
2455,0.7914091348648071
2456,0.8637457489967346
2457,0.8602014780044556
2458,0.9062945246696472
2459,0.7716227769851685
2460,0.8281682729721069
2461,0.7939991354942322
2462,0.8492692708969116
2463,0.8106108903884888
2464,0.9080647230148315
2465,0.8680158853530884
2466,0.8436881303787231
2467,0.8258674144744873
2468,0.8462066054344177
2469,0.8801462650299072
2470,0.7983412146568298
2471,0.8741269111633301
2472,0.8842038512229919
2473,0.8814500570297241
2474,0.821103572845459
2475,0.8580824136734009
2476,0.8325937986373901
2477,0.8066502213478088
2478,0.8311156034469604
2479,0.8253352642059326
2480,0.8553856015205383
2481,0.8358593583106995
2482,0.8432754278182983
2483,0.7748854756355286
2484,0.8051338195800781
2485,0.8660497069358826
2486,0.8705575466156006
2487,0.7581734657287598
2488,0.8973257541656494
2489,0.7745917439460754
2490,0.8503691554069519
2491,0.8424947261810303
2492,0.8683264851570129
2493,0.8355071544647217
2494,0.8458024263381958
2495,0.8437902927398682
2496,0.8256485462188721
2497,0.9257610440254211
2498,0.8973676562309265
2499,0.856823742389679
2500,0.8225927352905273
2501,0.820697546005249
2502,0.7909538745880127
2503,0.8246735334396362
2504,0.8579275608062744
2505,0.841894268989563
2506,0.9051992893218994
2507,0.8617899417877197
2508,0.8720294833183289
2509,0.846818745136261
2510,0.817707359790802
2511,0.8883074522018433
2512,0.8186292052268982
2513,0.8565300703048706
2514,0.8730291724205017
2515,0.8247064352035522
2516,0.8073614835739136
2517,0.849044919013977
2518,0.8668326139450073
2519,0.8679066896438599
2520,0.7850652933120728
2521,0.8914809226989746
2522,0.8218507766723633
2523,0.8506348133087158
2524,0.8302353024482727
2525,0.6534533500671387
2526,0.8930128812789917
2527,0.881952702999115
2528,0.8486505746841431
2529,0.7825086712837219
2530,0.8850101828575134
2531,0.9463903307914734
2532,0.8591989278793335
2533,0.789874255657196
2534,0.9176486134529114
2535,0.8544300198554993
2536,0.8636981248855591
2537,0.8202204704284668
2538,0.7802677750587463
2539,0.9184713959693909
2540,0.8387713432312012
2541,0.8478100895881653
2542,0.8600725531578064
2543,0.7484327554702759
2544,0.8477554321289062
2545,0.854381263256073
2546,0.8532532453536987
2547,0.8517418503761292
2548,0.7519465088844299
2549,0.8514649868011475
2550,0.835860013961792
2551,0.8422514200210571
2552,0.8675470352172852
2553,0.781200647354126
2554,0.8960050344467163
2555,0.8918776512145996
2556,0.8861232399940491
2557,0.8945677876472473
2558,0.886678159236908
2559,0.8684580326080322
2560,0.8045099973678589
2561,0.8314958214759827
2562,0.7768775224685669
2563,0.8589780330657959
2564,0.8927479982376099
2565,0.784950315952301
2566,0.8056833744049072
2567,0.7853747606277466
2568,0.8359823822975159
2569,0.9435844421386719
2570,0.8242273330688477
2571,0.8726096153259277
2572,0.9421291351318359
2573,0.7752894163131714
2574,0.8409716486930847
2575,0.8236145973205566
2576,0.8745347261428833
2577,0.9147249460220337
2578,0.8734207153320312
2579,0.8136237859725952
2580,0.8338375687599182
2581,0.883026123046875
2582,0.7978155612945557
2583,0.8052636981010437
2584,0.7956647872924805
2585,0.8550395369529724
2586,0.8306618928909302
2587,0.8331462144851685
2588,0.8476434350013733
2589,0.8544237017631531
2590,0.8643314838409424
2591,0.8467355966567993
2592,0.9146448969841003
2593,0.8025811910629272
2594,0.7795946598052979
2595,0.8447989225387573
2596,0.8344577550888062
2597,0.8453621864318848
2598,0.8681881427764893
2599,0.7999619245529175
2600,0.8400537967681885
2601,0.855514645576477
2602,0.8069024085998535
2603,0.8413443565368652
2604,0.8480277061462402
2605,0.8531649112701416
2606,0.7283816337585449
2607,0.8447498083114624
2608,0.814285397529602
2609,0.8517178297042847
2610,0.7535382509231567
2611,0.8403943777084351
2612,0.8300014734268188
2613,0.8835352063179016
2614,0.8225520253181458
2615,0.8343483209609985
2616,0.8619359731674194
2617,0.86216801404953
2618,0.8964307308197021
2619,0.8124042749404907
2620,0.8366810083389282
2621,0.8270806074142456
2622,0.8294433355331421
2623,0.8479478359222412
2624,0.7817621827125549
2625,0.7984944581985474
2626,0.8233571648597717
2627,0.8629417419433594
2628,0.8144453763961792
2629,0.8792973160743713
2630,0.8249285221099854
2631,0.8048967123031616
2632,0.8060532808303833
2633,0.833126425743103
2634,0.9006450176239014
2635,0.9017914533615112
2636,0.7715734839439392
2637,0.7932496070861816
2638,0.845795214176178
2639,0.8342577815055847
2640,0.8860012292861938
2641,0.8758431673049927
2642,0.8643200397491455
2643,0.872596025466919
2644,0.8260148763656616
2645,0.8585262298583984
2646,0.7868282198905945
2647,0.8154953718185425
2648,0.8370908498764038
2649,0.7691693305969238
2650,0.8042159676551819
2651,0.7819933891296387
2652,0.8440388441085815
2653,0.8969147205352783
2654,0.8731763362884521
2655,0.8732828497886658
2656,0.8052061796188354
2657,0.8252068758010864
2658,0.8197848796844482
2659,0.8661821484565735
2660,0.8602138161659241
2661,0.8916317224502563
2662,0.8751493096351624
2663,0.8614580631256104
2664,0.8305567502975464
2665,0.8818174600601196
2666,0.8868914842605591
2667,0.8417614698410034
2668,0.8232431411743164
2669,0.8609098196029663
2670,0.8463983535766602
2671,0.8926020264625549
2672,0.8698348999023438
2673,0.8596956133842468
2674,0.8298569917678833
2675,0.831549882888794
2676,0.853441059589386
2677,0.800055742263794
2678,0.8385324478149414
2679,0.8582391738891602
2680,0.8006764054298401
2681,0.7984674572944641
2682,0.8747897744178772
2683,0.8427883386611938
2684,0.8106143474578857
2685,0.8454451560974121
2686,0.8414031267166138
2687,0.8678632378578186
2688,0.8157894611358643
2689,0.8565443754196167
2690,0.8664789199829102
2691,0.8684261441230774
2692,0.852990448474884
2693,0.8299965858459473
2694,0.8010306358337402
2695,0.7441467046737671
2696,0.8331579566001892
2697,0.8621639013290405
2698,0.7985529899597168
2699,0.8334714770317078
2700,0.7796211242675781
2701,0.82819664478302
2702,0.7743649482727051
2703,0.8265328407287598
2704,0.8937269449234009
2705,0.8329770565032959
2706,0.875859260559082
2707,0.8812153935432434
2708,0.7558126449584961
2709,0.8363692760467529
2710,0.7671552896499634
2711,0.8612120151519775
2712,0.8666929006576538
2713,0.8570629954338074
2714,0.7869583368301392
2715,0.7928248047828674
2716,0.7976003885269165
2717,0.8291497230529785
2718,0.7991645336151123
2719,0.8309717178344727
2720,0.8813775777816772
2721,0.9067192673683167
2722,0.7924127578735352
2723,0.7619634866714478
2724,0.8701827526092529
2725,0.8856602907180786
2726,0.8917056322097778
2727,0.7871818542480469
2728,0.8180043697357178
2729,0.8074533939361572
2730,0.8009968996047974
2731,0.8492754101753235
2732,0.8545965552330017
2733,0.8802497386932373
2734,0.8842118978500366
2735,0.802773118019104
2736,0.7799388766288757
2737,0.747188925743103
2738,0.745313286781311
2739,0.8048446774482727
2740,0.8522850871086121
2741,0.8488724827766418
2742,0.8472715020179749
2743,0.802936315536499
2744,0.7664257287979126
2745,0.8455794453620911
2746,0.7859534025192261
2747,0.831811785697937
2748,0.7867550849914551
2749,0.8764762282371521
2750,0.839800238609314
2751,0.8806899785995483
2752,0.9019860625267029
2753,0.8616971373558044
2754,0.8399850726127625
2755,0.8384349942207336
2756,0.8324101567268372
2757,0.8420354127883911
2758,0.8063561320304871
2759,0.8512354493141174
2760,0.9002290368080139
2761,0.8489254713058472
2762,0.8625346422195435
2763,0.8284813165664673
2764,0.8455605506896973
2765,0.8504770994186401
2766,0.832848072052002
2767,0.8786434531211853
2768,0.838383138179779
2769,0.890042781829834
2770,0.8523580431938171
2771,0.8821512460708618
2772,0.8279309272766113
2773,0.8674056529998779
2774,0.8341010808944702
2775,0.8345302939414978
2776,0.873828113079071
2777,0.8268461227416992
2778,0.899086594581604
2779,0.8463762998580933
2780,0.7602005004882812
2781,0.8426934480667114
2782,0.796918511390686
2783,0.8379820585250854
2784,0.8009927272796631
2785,0.8033417463302612
2786,0.8194953203201294
2787,0.8147574663162231
2788,0.8486835956573486
2789,0.7956167459487915
2790,0.8658011555671692
2791,0.8496863842010498
2792,0.8478167057037354
2793,0.8906422853469849
2794,0.8009538650512695
2795,0.84496009349823
2796,0.8280909061431885
2797,0.8364501595497131
2798,0.8646765947341919
2799,0.8284552097320557
2800,0.8843743205070496
2801,0.7820792198181152
2802,0.7953908443450928
2803,0.8165798187255859
2804,0.8424279093742371
2805,0.7231566905975342
2806,0.9128959774971008
2807,0.8942252397537231
2808,0.8039693236351013
2809,0.8395075798034668
2810,0.9038485288619995
2811,0.7685542702674866
2812,0.8358553647994995
2813,0.8573188781738281
2814,0.7514967322349548
2815,0.812797486782074
2816,0.7845261096954346
2817,0.8941864967346191
2818,0.8774945735931396
2819,0.843324601650238
2820,0.8967620134353638
2821,0.8320131301879883
2822,0.8646188974380493
2823,0.8172427415847778
2824,0.8231451511383057
2825,0.8161601424217224
2826,0.8464092016220093
2827,0.8349614143371582
2828,0.8482797741889954
2829,0.7833273410797119
2830,0.8367786407470703
2831,0.8545045852661133
2832,0.8131628632545471
2833,0.8792749047279358
2834,0.8431485891342163
2835,0.8197622299194336
2836,0.8268316388130188
2837,0.8415021896362305
2838,0.8147330284118652
2839,0.8790032267570496
2840,0.8027315139770508
2841,0.8901294469833374
2842,0.8184310793876648
2843,0.8414376974105835
2844,0.8877866268157959
2845,0.8330715894699097
2846,0.8447679877281189
2847,0.7214982509613037
2848,0.8205894827842712
2849,0.8597880601882935
2850,0.853753924369812
2851,0.860956072807312
2852,0.8180127143859863
2853,0.9007265567779541
2854,0.8115848302841187
2855,0.8093096017837524
2856,0.8762900829315186
2857,0.8267072439193726
2858,0.8426355719566345
2859,0.8516086339950562
2860,0.8223651647567749
2861,0.8010846972465515
2862,0.8403680920600891
2863,0.8745794296264648
2864,0.894782543182373
2865,0.8162703514099121
2866,0.8712244033813477
2867,0.9023048877716064
2868,0.8497906923294067
2869,0.8456252813339233
2870,0.845706582069397
2871,0.8426003456115723
2872,0.8702131509780884
2873,0.8822864294052124
2874,0.8261225819587708
2875,0.8625481128692627
2876,0.8377022743225098
2877,0.829475462436676
2878,0.8488530516624451
2879,0.8379250764846802
2880,0.8111585974693298
2881,0.7835555672645569
2882,0.8791693449020386
2883,0.9248948693275452
2884,0.8865504860877991
2885,0.8569957613945007
2886,0.8640347123146057
2887,0.846031904220581
2888,0.819989025592804
2889,0.8551172614097595
2890,0.8258867859840393
2891,0.8168384432792664
2892,0.891793966293335
2893,0.7722346782684326
2894,0.866378903388977
2895,0.9040218591690063
2896,0.8431707620620728
2897,0.847415566444397
2898,0.822352409362793
2899,0.8126287460327148
2900,0.7521406412124634
2901,0.793895959854126
2902,0.8375322818756104
2903,0.8651844263076782
2904,0.824459969997406
2905,0.8442492485046387
2906,0.9065648317337036
2907,0.8860136866569519
2908,0.7929332256317139
2909,0.8313596844673157
2910,0.8657628297805786
2911,0.8706488013267517
2912,0.8379167318344116
2913,0.762723982334137
2914,0.8715463876724243
2915,0.8956120014190674
2916,0.7736576795578003
2917,0.887384831905365
2918,0.8432496786117554
2919,0.8810448050498962
2920,0.7879598736763
2921,0.806633472442627
2922,0.8101532459259033
2923,0.8597419857978821
2924,0.8812305927276611
2925,0.7833478450775146
2926,0.7937737107276917
2927,0.8535876274108887
2928,0.809597373008728
2929,0.791716992855072
2930,0.8356991410255432
2931,0.8497489094734192
2932,0.8750094175338745
2933,0.8211137652397156
2934,0.8440521955490112
2935,0.7712620496749878
2936,0.7647766470909119
2937,0.8568460941314697
2938,0.8641506433486938
2939,0.866377592086792
2940,0.8263521194458008
2941,0.7665528059005737
2942,0.8441510200500488
2943,0.8645888566970825
2944,0.869015634059906
2945,0.8041807413101196
2946,0.8102965354919434
2947,0.8459075689315796
2948,0.8772814869880676
2949,0.8352710008621216
2950,0.719748854637146
2951,0.8747355937957764
2952,0.8995794057846069
2953,0.8378344774246216
2954,0.8805531859397888
2955,0.7890621423721313
2956,0.81170654296875
2957,0.876923680305481
2958,0.914226770401001
2959,0.8164029121398926
2960,0.8547617197036743
2961,0.8457189202308655
2962,0.8377190828323364
2963,0.8119018077850342
2964,0.8988166451454163
2965,0.8087278604507446
2966,0.9031124114990234
2967,0.8334330320358276
2968,0.8629134893417358
2969,0.8972315788269043
2970,0.8317729234695435
2971,0.8394655585289001
2972,0.9013047814369202
2973,0.8193262219429016
2974,0.869691014289856
2975,0.7590135931968689
2976,0.7460759282112122
2977,0.9005537033081055
2978,0.8505162000656128
2979,0.7339966297149658
2980,0.8204688429832458
2981,0.8611512780189514
2982,0.9055168628692627
2983,0.7926088571548462
2984,0.8912740349769592
2985,0.84618079662323
2986,0.7976486682891846
2987,0.8628039360046387
2988,0.7536652088165283
2989,0.8308780789375305
2990,0.8480690717697144
2991,0.8745720982551575
2992,0.7953580617904663
2993,0.8445042371749878
2994,0.898767352104187
2995,0.8148977160453796
2996,0.8427493572235107
2997,0.823043704032898
2998,0.8768806457519531
2999,0.8709868788719177
3000,0.7901595830917358
3001,0.8514162302017212
3002,0.8033353090286255
3003,0.8774446249008179
3004,0.8029437065124512
3005,0.8233480453491211
3006,0.7600372433662415
3007,0.877512514591217
3008,0.8133020401000977
3009,0.9163956642150879
3010,0.8923244476318359
3011,0.8650296926498413
3012,0.8094075918197632
3013,0.8493145108222961
3014,0.8039485812187195
3015,0.8739441633224487
3016,0.8469166159629822
3017,0.8332664966583252
3018,0.8247275352478027
3019,0.8447839021682739
3020,0.8143435716629028
3021,0.8729801177978516
3022,0.7842553853988647
3023,0.8027598857879639
3024,0.8445038795471191
3025,0.8242204189300537
3026,0.9024885892868042
3027,0.8646116256713867
3028,0.8068579435348511
3029,0.7854404449462891
3030,0.8697258234024048
3031,0.8394899368286133
3032,0.8442585468292236
3033,0.87327641248703
3034,0.8474884033203125
3035,0.8534818887710571
3036,0.9208891987800598
3037,0.8777302503585815
3038,0.8612674474716187
3039,0.9136776924133301
3040,0.860666036605835
3041,0.8193835020065308
3042,0.8426398634910583
3043,0.8690840601921082
3044,0.8428465723991394
3045,0.8902899026870728
3046,0.7986056804656982
3047,0.8978838920593262
3048,0.8275585174560547
3049,0.8268155455589294
3050,0.893547773361206
3051,0.7720265984535217
3052,0.8277515172958374
3053,0.8914815783500671
3054,0.7949377298355103
3055,0.8781729936599731
3056,0.8828126788139343
3057,0.798556387424469
3058,0.8831812739372253
3059,0.8656580448150635
3060,0.7739630937576294
3061,0.851071834564209
3062,0.8320596218109131
3063,0.7603107690811157
3064,0.9058679938316345
3065,0.8152633905410767
3066,0.8074953556060791
3067,0.8567834496498108
3068,0.7903054356575012
3069,0.8123767971992493
3070,0.8727914094924927
3071,0.7970877885818481
3072,0.9023449420928955
3073,0.8919869661331177
3074,0.8202176094055176
3075,0.912079930305481
3076,0.8602355122566223
3077,0.8647364377975464
3078,0.7746049165725708
3079,0.8541572093963623
3080,0.8402100801467896
3081,0.9001982808113098
3082,0.8270658850669861
3083,0.8143149614334106
3084,0.8073985576629639
3085,0.8612556457519531
3086,0.8526068925857544
3087,0.8455998301506042
3088,0.8545103669166565
3089,0.842910885810852
3090,0.8558616042137146
3091,0.8414679169654846
3092,0.769632875919342
3093,0.8412032127380371
3094,0.8258578777313232
3095,0.862450361251831
3096,0.8746539354324341
3097,0.7807450294494629
3098,0.8438756465911865
3099,0.8518631458282471
3100,0.7875983119010925
3101,0.9062783718109131
3102,0.8253896236419678
3103,0.8556430339813232
3104,0.8809828758239746
3105,0.8018574714660645
3106,0.9112348556518555
3107,0.9073442816734314
3108,0.7471951246261597
3109,0.858817458152771
3110,0.8228200674057007
3111,0.9086720943450928
3112,0.8699378967285156
3113,0.8278424739837646
3114,0.86057448387146
3115,0.8541470766067505
3116,0.8160789608955383
3117,0.869580864906311
3118,0.8027106523513794
3119,0.8530286550521851
3120,0.8098865747451782
3121,0.8428704738616943
3122,0.8432977795600891
3123,0.8005786538124084
3124,0.840949535369873
3125,0.7169576287269592
3126,0.7911511659622192
3127,0.8562660217285156
3128,0.7895721197128296
3129,0.8936163783073425
3130,0.8505859375
3131,0.8376027345657349
3132,0.8700972199440002
3133,0.8485082983970642
3134,0.9206976294517517
3135,0.876807689666748
3136,0.776010274887085
3137,0.8618042469024658
3138,0.7640631198883057
3139,0.8622933626174927
3140,0.8546015024185181
3141,0.8483154773712158
3142,0.8743606805801392
3143,0.858578085899353
3144,0.8074796199798584
3145,0.8776490092277527
3146,0.9246411323547363
3147,0.8038373589515686
3148,0.8549159169197083
3149,0.8003001809120178
3150,0.8342887759208679
3151,0.863924503326416
3152,0.8420708179473877
3153,0.8033573031425476
3154,0.8023786544799805
3155,0.87166827917099
3156,0.819023847579956
3157,0.8110454678535461
3158,0.8441283106803894
3159,0.8584491014480591
3160,0.8831807374954224
3161,0.8306053876876831
3162,0.7995439767837524
3163,0.8774421215057373
3164,0.8118552565574646
3165,0.8807264566421509
3166,0.9025241732597351
3167,0.8468210697174072
3168,0.7816115617752075
3169,0.8152660131454468
3170,0.840924084186554
3171,0.8369287252426147
3172,0.870570719242096
3173,0.8301929235458374
3174,0.8476158380508423
3175,0.78593510389328
3176,0.8528072834014893
3177,0.853364109992981
3178,0.7829541563987732
3179,0.8775044679641724
3180,0.8723621964454651
3181,0.8464156985282898
3182,0.8817998170852661
3183,0.9005493521690369
3184,0.862723171710968
3185,0.8176189661026001
3186,0.8656933903694153
3187,0.833869218826294
3188,0.7745526432991028
3189,0.7972719669342041
3190,0.7626583576202393
3191,0.9052113890647888
3192,0.8796144723892212
3193,0.828355073928833
3194,0.8162914514541626
3195,0.9093282222747803
3196,0.8330371379852295
3197,0.7894830703735352
3198,0.8479917645454407
3199,0.8775700926780701
3200,0.8429924249649048
3201,0.8726718425750732
3202,0.8417130708694458
3203,0.8886565566062927
3204,0.8047184348106384
3205,0.8242915868759155
3206,0.9009090065956116
3207,0.8374545574188232
3208,0.8279578685760498
3209,0.8446537256240845
3210,0.8683261275291443
3211,0.8002646565437317
3212,0.84027099609375
3213,0.8107181191444397
3214,0.7668054103851318
3215,0.8085959553718567
3216,0.8214507102966309
3217,0.8885809779167175
3218,0.8491672873497009
3219,0.8936281800270081
3220,0.7953492403030396
3221,0.8163940906524658
3222,0.8686171770095825
3223,0.8756277561187744
3224,0.7339097261428833
3225,0.8445619344711304
3226,0.7945187091827393
3227,0.7937651872634888
3228,0.8435770273208618
3229,0.8198738098144531
3230,0.8590309023857117
3231,0.8544521331787109
3232,0.8343825340270996
3233,0.7806772589683533
3234,0.8766477108001709
3235,0.8307011723518372
3236,0.8563140630722046
3237,0.8315701484680176
3238,0.8728091716766357
3239,0.8217649459838867
3240,0.7284047603607178
3241,0.8455088138580322
3242,0.7836512923240662
3243,0.833706259727478
3244,0.8189443349838257
3245,0.8872023820877075
3246,0.8023521900177002
3247,0.7978964447975159
3248,0.8442175388336182
3249,0.8096689581871033
3250,0.7768392562866211
3251,0.7863690853118896
3252,0.8859609365463257
3253,0.7469932436943054
3254,0.8382793664932251
3255,0.7328453063964844
3256,0.9134358167648315
3257,0.8654084205627441
3258,0.7899045944213867
3259,0.8508684039115906
3260,0.810294508934021
3261,0.8406861424446106
3262,0.8595366477966309
3263,0.873820424079895
3264,0.7801262140274048
3265,0.9088410139083862
3266,0.860834538936615
3267,0.8501706123352051
3268,0.860629677772522
3269,0.8295135498046875
3270,0.8476647138595581
3271,0.8438289165496826
3272,0.8409057855606079
3273,0.8971569538116455
3274,0.8305489420890808
3275,0.7595682740211487
3276,0.8273757100105286
3277,0.8635990619659424
3278,0.8937761187553406
3279,0.8109439611434937
3280,0.7458526492118835
3281,0.8745009899139404
3282,0.7656615376472473
3283,0.8116668462753296
3284,0.7964296340942383
3285,0.824066698551178
3286,0.8724710941314697
3287,0.8154966831207275
3288,0.7746460437774658
3289,0.8484137654304504
3290,0.8120099902153015
3291,0.7970799207687378
3292,0.8385119438171387
3293,0.8318371772766113
3294,0.8289632797241211
3295,0.9006401300430298
3296,0.9327579736709595
3297,0.8122411966323853
3298,0.86532062292099
3299,0.8524355888366699
3300,0.8298129439353943
3301,0.8470000624656677
3302,0.8281723260879517
3303,0.8725926876068115
3304,0.8444295525550842
3305,0.8240973949432373
3306,0.8240137696266174
3307,0.8011690974235535
3308,0.8525016903877258
3309,0.8596686124801636
3310,0.9051221013069153
3311,0.8379247188568115
3312,0.861534833908081
3313,0.8415160775184631
3314,0.7719520330429077
3315,0.8606284260749817
3316,0.8637697100639343
3317,0.7953801155090332
3318,0.8242402076721191
3319,0.832092821598053
3320,0.8073638677597046
3321,0.8022780418395996
3322,0.8520009517669678
3323,0.7956636548042297
3324,0.867120623588562
3325,0.8488903045654297
3326,0.8598769903182983
3327,0.8188762664794922
3328,0.7649213075637817
3329,0.7702916860580444
3330,0.8516496419906616
3331,0.8341156244277954
3332,0.793174147605896
3333,0.841945469379425
3334,0.7450634837150574
3335,0.8756787776947021
3336,0.8752930760383606
3337,0.8927910327911377
3338,0.7728669047355652
3339,0.829958438873291
3340,0.7954466938972473
3341,0.870742678642273
3342,0.836140513420105
3343,0.8248623013496399
3344,0.7383837699890137
3345,0.8892332315444946
3346,0.8228353261947632
3347,0.8804349899291992
3348,0.805094838142395
3349,0.867588996887207
3350,0.8013410568237305
3351,0.6956403851509094
3352,0.8023240566253662
3353,0.8326708674430847
3354,0.8645526170730591
3355,0.8486613631248474
3356,0.8957220315933228
3357,0.8210625052452087
3358,0.8934570550918579
3359,0.8693493008613586
3360,0.8265967965126038
3361,0.8084336519241333
3362,0.8230594396591187
3363,0.8114098310470581
3364,0.9148852229118347
3365,0.8624510765075684
3366,0.798139214515686
3367,0.8521084189414978
3368,0.8123692870140076
3369,0.7870950698852539
3370,0.8208072781562805
3371,0.8568678498268127
3372,0.8525863885879517
3373,0.8177045583724976
3374,0.8330821394920349
3375,0.8356127738952637
3376,0.7926784157752991
3377,0.8460030555725098
3378,0.8318661451339722
3379,0.8465285301208496
3380,0.7871372699737549
3381,0.8132957816123962
3382,0.8088867664337158
3383,0.800952136516571
3384,0.8272653818130493
3385,0.776952862739563
3386,0.8414667844772339
3387,0.8183276057243347
3388,0.8488929271697998
3389,0.7628507614135742
3390,0.7857691049575806
3391,0.8360669612884521
3392,0.8514795303344727
3393,0.8877419233322144
3394,0.8420462608337402
3395,0.7912242412567139
3396,0.9369461536407471
3397,0.8430909514427185
3398,0.8538529276847839
3399,0.8631085157394409
3400,0.8222476840019226
3401,0.8272746801376343
3402,0.8354124426841736
3403,0.86468505859375
3404,0.8272137641906738
3405,0.7997897863388062
3406,0.838262140750885
3407,0.8835114240646362
3408,0.8274600505828857
3409,0.9438266754150391
3410,0.8502687215805054
3411,0.8485216498374939
3412,0.8558751344680786
3413,0.8855528831481934
3414,0.8433607220649719
3415,0.7717494964599609
3416,0.8649476170539856
3417,0.8645241260528564
3418,0.8276840448379517
3419,0.8422095775604248
3420,0.7764476537704468
3421,0.8566080927848816
3422,0.8483482599258423
3423,0.8360693454742432
3424,0.8382859230041504
3425,0.8319137096405029
3426,0.8568762540817261
3427,0.8242163062095642
3428,0.828384280204773
3429,0.8573611974716187
3430,0.8363544940948486
3431,0.8045498132705688
3432,0.7972130179405212
3433,0.8521493077278137
3434,0.8608707189559937
3435,0.9463662505149841
3436,0.8381971120834351
3437,0.8098326325416565
3438,0.8201888799667358
3439,0.8475427031517029
3440,0.8924160599708557
3441,0.7759475708007812
3442,0.8509243726730347
3443,0.894993007183075
3444,0.8116042613983154
3445,0.8571561574935913
3446,0.8570369482040405
3447,0.8465714454650879
3448,0.8074945211410522
3449,0.8795879483222961
3450,0.9040169715881348
3451,0.8020896315574646
3452,0.8471629023551941
3453,0.8695457577705383
3454,0.8493892550468445
3455,0.8286738395690918
3456,0.8217244148254395
3457,0.9149362444877625
3458,0.9043605327606201
3459,0.8533204793930054
3460,0.836342990398407
3461,0.7619925737380981
3462,0.8933032751083374
3463,0.8233041763305664
3464,0.8468561172485352
3465,0.8689972758293152
3466,0.8198332786560059
3467,0.7884144186973572
3468,0.8193007111549377
3469,0.8998037576675415
3470,0.8717854022979736
3471,0.8237203359603882
3472,0.7690963745117188
3473,0.8684589862823486
3474,0.8516979217529297
3475,0.8831239938735962
3476,0.8549374341964722
3477,0.8704257011413574
3478,0.9464154243469238
3479,0.8477572202682495
3480,0.831078827381134
3481,0.8173577785491943
3482,0.861499547958374
3483,0.8134011030197144
3484,0.8090386390686035
3485,0.8600396513938904
3486,0.8476836681365967
3487,0.8594748973846436
3488,0.8269135355949402
3489,0.7214147448539734
3490,0.8555787801742554
3491,0.9235408306121826
3492,0.8222963809967041
3493,0.7878596782684326
3494,0.7803816795349121
3495,0.8220728635787964
3496,0.7625895738601685
3497,0.832349956035614
3498,0.8045879602432251
3499,0.8763993382453918
3500,0.7857868671417236
3501,0.8450787663459778
3502,0.7916676998138428
3503,0.7883840203285217
3504,0.8181928396224976
3505,0.8357264995574951
3506,0.8385614156723022
3507,0.8183660507202148
3508,0.8565225005149841
3509,0.8791702389717102
3510,0.814569354057312
3511,0.7722491025924683
3512,0.7896034717559814
3513,0.8535325527191162
3514,0.820258378982544
3515,0.8443940877914429
3516,0.7907937169075012
3517,0.8636066317558289
3518,0.8525428771972656
3519,0.8267253041267395
3520,0.9158573150634766
3521,0.9148123264312744
3522,0.8917299509048462
3523,0.8578686714172363
3524,0.8341546654701233
3525,0.8435626029968262
3526,0.8080999851226807
3527,0.9016534090042114
3528,0.8987861275672913
3529,0.8993216753005981
3530,0.8428053855895996
3531,0.8566989898681641
3532,0.850801944732666
3533,0.8387280106544495
3534,0.8843258619308472
3535,0.7350162863731384
3536,0.8059638738632202
3537,0.8249955773353577
3538,0.7653871774673462
3539,0.8070407509803772
3540,0.8156759142875671
3541,0.8646429777145386
3542,0.8428677320480347
3543,0.8072537183761597
3544,0.791616678237915
3545,0.7837419509887695
3546,0.8498632907867432
3547,0.8199998140335083
3548,0.7849369645118713
3549,0.8498632907867432
3550,0.9115345478057861
3551,0.835050642490387
3552,0.8264930248260498
3553,0.7528135776519775
3554,0.8150529861450195
3555,0.7882828712463379
3556,0.8426188230514526
3557,0.8175912499427795
3558,0.8542556762695312
3559,0.8656375408172607
3560,0.8053324222564697
3561,0.8498042821884155
3562,0.8047090768814087
3563,0.8383964896202087
3564,0.8042951822280884
3565,0.8498827815055847
3566,0.9028774499893188
3567,0.8739985227584839
3568,0.8555138111114502
3569,0.8654546141624451
3570,0.7979758381843567
3571,0.8926808834075928
3572,0.8162283897399902
3573,0.8883935213088989
3574,0.84925776720047
3575,0.8539271354675293
3576,0.9341230392456055
3577,0.806147575378418
3578,0.8092072010040283
3579,0.8881568908691406
3580,0.8548709154129028
3581,0.8477938175201416
3582,0.8826443552970886
3583,0.9067341685295105
3584,0.865226149559021
3585,0.8310400247573853
3586,0.8144992589950562
3587,0.8595129251480103
3588,0.8093271851539612
3589,0.8283023834228516
3590,0.8953529596328735
3591,0.7953664660453796
3592,0.827586829662323
3593,0.835811972618103
3594,0.9069787263870239
3595,0.7775148153305054
3596,0.8433407545089722
3597,0.7598568201065063
3598,0.8106871843338013
3599,0.81980961561203
3600,0.8015964031219482
3601,0.860342264175415
3602,0.8563221096992493
3603,0.8459810018539429
3604,0.8468397855758667
3605,0.8018260598182678
3606,0.8298888206481934
3607,0.7633659839630127
3608,0.8245496153831482
3609,0.8587808609008789
3610,0.8930436968803406
3611,0.7851177453994751
3612,0.808921754360199
3613,0.6373288631439209
3614,0.7958180904388428
3615,0.865146815776825
3616,0.8487119078636169
3617,0.8026806116104126
3618,0.8264145255088806
3619,0.9118634462356567
3620,0.7510986328125
3621,0.826024055480957
3622,0.8544052839279175
3623,0.8218607902526855
3624,0.8935148119926453
3625,0.8329094052314758
3626,0.8053287267684937
3627,0.8016867637634277
3628,0.8155441284179688
3629,0.8298941850662231
3630,0.8686834573745728
3631,0.8333501815795898
3632,0.8077824711799622
3633,0.9046760201454163
3634,0.7800889015197754
3635,0.9027567505836487
3636,0.7809766530990601
3637,0.8980583548545837
3638,0.7934383153915405
3639,0.8860986232757568
3640,0.8660978078842163
3641,0.8308878540992737
3642,0.8072090148925781
3643,0.8348075151443481
3644,0.814944863319397
3645,0.8590918779373169
3646,0.8445916771888733
3647,0.8553382158279419
3648,0.8587709069252014
3649,0.8166905641555786
3650,0.798154354095459
3651,0.8553475737571716
3652,0.8647735118865967
3653,0.8081089854240417
3654,0.8388333320617676
3655,0.8388457298278809
3656,0.8672817945480347
3657,0.7961407899856567
3658,0.7666682004928589
3659,0.812424898147583
3660,0.8729333877563477
3661,0.8851443529129028
3662,0.8261622190475464
3663,0.8169198036193848
3664,0.8074947595596313
3665,0.8473758697509766
3666,0.8311170339584351
3667,0.8794428110122681
3668,0.7834527492523193
3669,0.8755353689193726
3670,0.8567327260971069
3671,0.8186486959457397
3672,0.8319389820098877
3673,0.8528504371643066
3674,0.8462165594100952
3675,0.8177613019943237
3676,0.9051733016967773
3677,0.8043619990348816
3678,0.8222260475158691
3679,0.8241337537765503
3680,0.896133542060852
3681,0.8588721752166748
3682,0.8272507190704346
3683,0.8146923780441284
3684,0.8307418823242188
3685,0.8359396457672119
3686,0.8468771576881409
3687,0.8770009279251099
3688,0.8269797563552856
3689,0.8350588083267212
3690,0.7996964454650879
3691,0.8543425798416138
3692,0.8111835718154907
3693,0.8027582764625549
3694,0.8739261627197266
3695,0.8941024541854858
3696,0.8459326028823853
3697,0.8437363505363464
3698,0.8682369589805603
3699,0.8900659680366516
3700,0.8272117972373962
3701,0.890703022480011
3702,0.8315064907073975
3703,0.8284951448440552
3704,0.7814592719078064
3705,0.7860509157180786
3706,0.8611218929290771
3707,0.8518933057785034
3708,0.788013219833374
3709,0.8429075479507446
3710,0.8124847412109375
3711,0.7787641286849976
3712,0.7593957185745239
3713,0.8642216324806213
3714,0.8082851767539978
3715,0.8218809962272644
3716,0.9197939038276672
3717,0.8605390787124634
3718,0.8875745534896851
3719,0.8662295341491699
3720,0.8715928196907043
3721,0.8112882375717163
3722,0.8565808534622192
3723,0.8313136100769043
3724,0.8180601596832275
3725,0.8290349841117859
3726,0.839053750038147
3727,0.8373172283172607
3728,0.8486182689666748
3729,0.826784610748291
3730,0.8058780431747437
3731,0.8690863847732544
3732,0.8559601306915283
3733,0.8328279256820679
3734,0.8088846206665039
3735,0.8644142150878906
3736,0.8199857473373413
3737,0.7585476636886597
3738,0.8267781734466553
3739,0.8026449680328369
3740,0.835263729095459
3741,0.8676810264587402
3742,0.7773016095161438
3743,0.8857566118240356
3744,0.8710135221481323
3745,0.851373553276062
3746,0.936729907989502
3747,0.7999959588050842
3748,0.8391081690788269
3749,0.9040694236755371
3750,0.8243042826652527
3751,0.8673213124275208
3752,0.8423932790756226
3753,0.8161173462867737
3754,0.8774278163909912
3755,0.8399697542190552
3756,0.800748884677887
3757,0.8047847151756287
3758,0.8093216419219971
3759,0.8089957237243652
3760,0.8156838417053223
3761,0.8500692844390869
3762,0.8040297031402588
3763,0.867619514465332
3764,0.822307825088501
3765,0.8781547546386719
3766,0.8485947251319885
3767,0.7671500444412231
3768,0.7445655465126038
3769,0.7316019535064697
3770,0.8168196678161621
3771,0.8895623087882996
3772,0.7621216773986816
3773,0.7487291097640991
3774,0.8753137588500977
3775,0.8594939708709717
3776,0.8082045912742615
3777,0.8318367004394531
3778,0.8808912038803101
3779,0.8179934620857239
3780,0.7969604134559631
3781,0.8694373965263367
3782,0.8012045621871948
3783,0.8084664940834045
3784,0.8769007921218872
3785,0.8081099390983582
3786,0.7500221729278564
3787,0.8575804233551025
3788,0.840011715888977
3789,0.7958064675331116
3790,0.8820653557777405
3791,0.8146992325782776
3792,0.859005331993103
3793,0.8388241529464722
3794,0.7704976797103882
3795,0.840125560760498
3796,0.8796676397323608
3797,0.8803708553314209
3798,0.8577352166175842
3799,0.8002316951751709
3800,0.7309529781341553
3801,0.7672381401062012
3802,0.8578588366508484
3803,0.8660925626754761
3804,0.8084032535552979
3805,0.8389509320259094
3806,0.8635583519935608
3807,0.8417261242866516
3808,0.8668174743652344
3809,0.8213071227073669
3810,0.837380051612854
3811,0.8391528129577637
3812,0.7612810134887695
3813,0.8578212857246399
3814,0.8538258075714111
3815,0.8898916244506836
3816,0.7736618518829346
3817,0.850543737411499
3818,0.768055260181427
3819,0.8522219061851501
3820,0.8369227647781372
3821,0.8846731781959534
3822,0.8221496343612671
3823,0.8294299840927124
3824,0.8096862435340881
3825,0.8085281848907471
3826,0.8193566799163818
3827,0.9092216491699219
3828,0.801927387714386
3829,0.8153218030929565
3830,0.8108267188072205
3831,0.8134802579879761
3832,0.887967050075531
3833,0.8608285188674927
3834,0.7984334230422974
3835,0.763134777545929
3836,0.7732594609260559
3837,0.8414117693901062
3838,0.841103196144104
3839,0.8611334562301636
3840,0.8514212369918823
3841,0.8424986600875854
3842,0.7959533929824829
3843,0.866969883441925
3844,0.8421000242233276
3845,0.7682105898857117
3846,0.8525489568710327
3847,0.8429458141326904
3848,0.8225775957107544
3849,0.8864497542381287
3850,0.823904275894165
3851,0.9197086691856384
3852,0.8358044028282166
3853,0.8713864088058472
3854,0.7829141020774841
3855,0.8245840072631836
3856,0.8554816246032715
3857,0.8207753300666809
3858,0.8365702033042908
3859,0.9179273843765259
3860,0.8527907133102417
3861,0.8158683776855469
3862,0.8038822412490845
3863,0.8541394472122192
3864,0.8428584337234497
3865,0.8152000904083252
3866,0.9083390235900879
3867,0.8103896379470825
3868,0.8543530702590942
3869,0.9202849864959717
3870,0.8808416724205017
3871,0.8541973829269409
3872,0.8565996885299683
3873,0.6781336069107056
3874,0.8891937136650085
3875,0.8461481332778931
3876,0.8143348693847656
3877,0.7988169193267822
3878,0.8106756210327148
3879,0.8190266489982605
3880,0.8807960152626038
3881,0.819858729839325
3882,0.8930020332336426
3883,0.8490160703659058
3884,0.8037099242210388
3885,0.8084999322891235
3886,0.8224725723266602
3887,0.8437290191650391
3888,0.8160568475723267
3889,0.8997036218643188
3890,0.8630354404449463
3891,0.7767792344093323
3892,0.8682875633239746
3893,0.8470479249954224
3894,0.8173689246177673
3895,0.8118207454681396
3896,0.8956093788146973
3897,0.8589767217636108
3898,0.8567007184028625
3899,0.8341262936592102
3900,0.8024934530258179
3901,0.7340298891067505
3902,0.8632429838180542
3903,0.9096201062202454
3904,0.8815432190895081
3905,0.8708150386810303
3906,0.838931143283844
3907,0.7682204246520996
3908,0.78738933801651
3909,0.8707576394081116
3910,0.868057131767273
3911,0.8560478091239929
3912,0.939431369304657
3913,0.8827623128890991
3914,0.7949076294898987
3915,0.8420319557189941
3916,0.8633877635002136
3917,0.8235927820205688
3918,0.8352999091148376
3919,0.8559151291847229
3920,0.8391584157943726
3921,0.824725329875946
3922,0.8514547944068909
3923,0.8925483226776123
3924,0.7799893617630005
3925,0.8756117820739746
3926,0.8591943979263306
3927,0.6946159601211548
3928,0.8240301609039307
3929,0.7688283920288086
3930,0.8018127679824829
3931,0.7798654437065125
3932,0.8115026354789734
3933,0.8467382192611694
3934,0.8746996521949768
3935,0.7941254377365112
3936,0.819660484790802
3937,0.81337571144104
3938,0.8106821775436401
3939,0.8598145842552185
3940,0.7902539968490601
3941,0.8693264722824097
3942,0.8002783060073853
3943,0.8398443460464478
3944,0.854447603225708
3945,0.8725885152816772
3946,0.9205231070518494
3947,0.8233204483985901
3948,0.8995089530944824
3949,0.8010305166244507
3950,0.8437602519989014
3951,0.8028552532196045
3952,0.8159869909286499
3953,0.8194974064826965
3954,0.898101270198822
3955,0.7447422742843628
3956,0.8649358749389648
3957,0.8061420321464539
3958,0.8332231044769287
3959,0.8331204652786255
3960,0.8139511346817017
3961,0.8329567909240723
3962,0.7490411400794983
3963,0.772528350353241
3964,0.8623178005218506
3965,0.8310691118240356
3966,0.8137664794921875
3967,0.8468194603919983
3968,0.8124586343765259
3969,0.860058605670929
3970,0.8676774501800537
3971,0.7611398696899414
3972,0.8149089813232422
3973,0.8846656680107117
3974,0.8573639392852783
3975,0.8324910998344421
3976,0.8384090065956116
3977,0.820481538772583
3978,0.8351458311080933
3979,0.8768100142478943
3980,0.7935163974761963
3981,0.8643415570259094
3982,0.8483864665031433
3983,0.7626175284385681
3984,0.8542805910110474
3985,0.8463258147239685
3986,0.8394990563392639
3987,0.8188080787658691
3988,0.8126621842384338
3989,0.7656649351119995
3990,0.8496658802032471
3991,0.8681727647781372
3992,0.9009220600128174
3993,0.84883713722229
3994,0.7969204783439636
3995,0.7939224243164062
3996,0.869421124458313
3997,0.8759196400642395
3998,0.8319012522697449
3999,0.9278042316436768
4000,0.833657443523407
4001,0.817786455154419
4002,0.8507760763168335
4003,0.7870818376541138
4004,0.8613879680633545
4005,0.9189008474349976
4006,0.8749656081199646
4007,0.813539981842041
4008,0.734785795211792
4009,0.851492702960968
4010,0.8172727227210999
4011,0.846807599067688
4012,0.8576898574829102
4013,0.8036448955535889
4014,0.845710039138794
4015,0.8294103145599365
4016,0.8203452229499817
4017,0.8902885913848877
4018,0.8524726629257202
4019,0.8035175800323486
4020,0.7856485247612
4021,0.8366175889968872
4022,0.8479214906692505
4023,0.8933373689651489
4024,0.8662666082382202
4025,0.8674479722976685
4026,0.8775330185890198
4027,0.8090050220489502
4028,0.7567052841186523
4029,0.8435778617858887
4030,0.8575341701507568
4031,0.7817464470863342
4032,0.853066623210907
4033,0.8397472500801086
4034,0.8199626803398132
4035,0.814766526222229
4036,0.8416560888290405
4037,0.8362200260162354
4038,0.8291943073272705
4039,0.8754777908325195
4040,0.8832353353500366
4041,0.8196749687194824
4042,0.8648543953895569
4043,0.8309500813484192
4044,0.8726884722709656
4045,0.830604076385498
4046,0.7887163162231445
4047,0.8298858404159546
4048,0.7783915996551514
4049,0.876380205154419
4050,0.8515034914016724
4051,0.8648333549499512
4052,0.8403412103652954
4053,0.8704487085342407
4054,0.8548524379730225
4055,0.812753438949585
4056,0.8437162637710571
4057,0.879768431186676
4058,0.8593228459358215
4059,0.8768860101699829
4060,0.8408346772193909
4061,0.7900067567825317
4062,0.8004431128501892
4063,0.8322678804397583
4064,0.856472373008728
4065,0.7856889963150024
4066,0.8820011019706726
4067,0.8838127851486206
4068,0.8655601739883423
4069,0.8760926127433777
4070,0.8652908205986023
4071,0.8056020140647888
4072,0.8139766454696655
4073,0.8289778232574463
4074,0.836407482624054
4075,0.8111245632171631
4076,0.750973105430603
4077,0.8357324600219727
4078,0.8744648098945618
4079,0.8465573191642761
4080,0.8565415143966675
4081,0.8237535357475281
4082,0.7972826361656189
4083,0.8394800424575806
4084,0.7989650964736938
4085,0.8716515302658081
4086,0.7080811262130737
4087,0.8146560788154602
4088,0.8642580509185791
4089,0.8623852729797363
4090,0.8301932215690613
4091,0.8944957256317139
4092,0.8442450761795044
4093,0.8241574764251709
4094,0.8181741833686829
4095,0.8411723375320435
4096,0.8129668235778809
4097,0.8649382591247559
4098,0.8371313810348511
4099,0.7898001670837402
4100,0.8704335689544678
4101,0.8607710599899292
4102,0.905260443687439
4103,0.715073823928833
4104,0.8634213209152222
4105,0.7325198650360107
4106,0.8888556361198425
4107,0.8118603229522705
4108,0.7570010423660278
4109,0.8447927236557007
4110,0.8430984020233154
4111,0.7264699935913086
4112,0.8547320365905762
4113,0.8820991516113281
4114,0.9061949849128723
4115,0.818653404712677
4116,0.8481942415237427
4117,0.7382255792617798
4118,0.7551064491271973
4119,0.8914692401885986
4120,0.7653740644454956
4121,0.8060785531997681
4122,0.8436754941940308
4123,0.8243248462677002
4124,0.7408309578895569
4125,0.8161433935165405
4126,0.843703031539917
4127,0.8868427276611328
4128,0.8373128771781921
4129,0.8015519380569458
4130,0.8093703389167786
4131,0.8430407643318176
4132,0.8886209726333618
4133,0.7784442901611328
4134,0.8149101734161377
4135,0.8259965777397156
4136,0.8806449174880981
4137,0.7410519123077393
4138,0.8343066573143005
4139,0.8685724139213562
4140,0.8414624929428101
4141,0.8687883615493774
4142,0.885063648223877
4143,0.8997682332992554
4144,0.8077725172042847
4145,0.8886565566062927
4146,0.8442609310150146
4147,0.9452295303344727
4148,0.8169175982475281
4149,0.8669694662094116
4150,0.8376463055610657
4151,0.883639395236969
4152,0.8506515026092529
4153,0.8391645550727844
4154,0.8165295720100403
4155,0.9077895879745483
4156,0.8421410322189331
4157,0.8774306774139404
4158,0.8092820644378662
4159,0.8922072649002075
4160,0.7498985528945923
4161,0.7864466309547424
4162,0.8242299556732178
4163,0.8481936454772949
4164,0.7825318574905396
4165,0.9276475310325623
4166,0.8309648036956787
4167,0.8523000478744507
4168,0.8785380125045776
4169,0.8061808943748474
4170,0.833236575126648
4171,0.8426989316940308
4172,0.8468703627586365
4173,0.9009276628494263
4174,0.8562291860580444
4175,0.8837668895721436
4176,0.8240825533866882
4177,0.8903065919876099
4178,0.7926501035690308
4179,0.8400582075119019
4180,0.7996439933776855
4181,0.8544483184814453
4182,0.7809203267097473
4183,0.8852923512458801
4184,0.7957755327224731
4185,0.9093107581138611
4186,0.8380188345909119
4187,0.8100543022155762
4188,0.7961395978927612
4189,0.7968830466270447
4190,0.8288717865943909
4191,0.8881083726882935
4192,0.7981137037277222
4193,0.8274543285369873
4194,0.8483536243438721
4195,0.8141499757766724
4196,0.8766472339630127
4197,0.7888695597648621
4198,0.8359601497650146
4199,0.8052494525909424
4200,0.8553049564361572
4201,0.7733531594276428
4202,0.7887350916862488
4203,0.8693889379501343
4204,0.8446401953697205
4205,0.8660054206848145
4206,0.7993592023849487
4207,0.804420530796051
4208,0.8152381181716919
4209,0.8244483470916748
4210,0.9058808088302612
4211,0.8131718635559082
4212,0.8341883420944214
4213,0.8600901365280151
4214,0.8494046926498413
4215,0.8250592350959778
4216,0.8011817932128906
4217,0.8762388229370117
4218,0.8596943020820618
4219,0.8111656904220581
4220,0.8642458319664001
4221,0.7646974325180054
4222,0.868415117263794
4223,0.8325931429862976
4224,0.8562160730361938
4225,0.7824859619140625
4226,0.8877162337303162
4227,0.8170911073684692
4228,0.8434961438179016
4229,0.7959153652191162
4230,0.6641709208488464
4231,0.8178119659423828
4232,0.8402682542800903
4233,0.8304836750030518
4234,0.7793570160865784
4235,0.8776246309280396
4236,0.8585318326950073
4237,0.8505412936210632
4238,0.8253971934318542
4239,0.81346195936203
4240,0.8526633977890015
4241,0.8571314215660095
4242,0.7660438418388367
4243,0.9084410071372986
4244,0.7814314365386963
4245,0.8069281578063965
4246,0.875845193862915
4247,0.8569927215576172
4248,0.8363856077194214
4249,0.8195688128471375
4250,0.8612626791000366
4251,0.7948246002197266
4252,0.8254826068878174
4253,0.8263752460479736
4254,0.8463134765625
4255,0.8683040142059326
4256,0.8505818247795105
4257,0.865570604801178
4258,0.8489139676094055
4259,0.8703798055648804
4260,0.8622398376464844
4261,0.8824954628944397
4262,0.8191264867782593
4263,0.8453128933906555
4264,0.8202605843544006
4265,0.7989429235458374
4266,0.9008597135543823
4267,0.8715765476226807
4268,0.8076657056808472
4269,0.8597081899642944
4270,0.833645224571228
4271,0.8409703969955444
4272,0.8579655289649963
4273,0.7779580950737
4274,0.8313999772071838
4275,0.8146915435791016
4276,0.8561990261077881
4277,0.8578305244445801
4278,0.8353874087333679
4279,0.8572155833244324
4280,0.8483147621154785
4281,0.7799311876296997
4282,0.8792282938957214
4283,0.823052167892456
4284,0.8837478160858154
4285,0.8275284767150879
4286,0.8575202822685242
4287,0.8023194074630737
4288,0.8168591260910034
4289,0.8388347029685974
4290,0.8707616329193115
4291,0.8753698468208313
4292,0.763615608215332
4293,0.9080690741539001
4294,0.8803693652153015
4295,0.7815577387809753
4296,0.8545037508010864
4297,0.8832231760025024
4298,0.8966572284698486
4299,0.8438990712165833
4300,0.8745347261428833
4301,0.9144482612609863
4302,0.8491513729095459
4303,0.8127264976501465
4304,0.840523362159729
4305,0.820016086101532
4306,0.8402810096740723
4307,0.8762519359588623
4308,0.8675509691238403
4309,0.8298385143280029
4310,0.8523147702217102
4311,0.8498026132583618
4312,0.8432160019874573
4313,0.8310700058937073
4314,0.8830281496047974
4315,0.8304228782653809
4316,0.83457350730896
4317,0.832456111907959
4318,0.7892440557479858
4319,0.8238464593887329
4320,0.8160845637321472
4321,0.8268743753433228
4322,0.8451812267303467
4323,0.8669679760932922
4324,0.8121466040611267
4325,0.8507033586502075
4326,0.799524188041687
4327,0.8957734107971191
4328,0.8229336738586426
4329,0.777616560459137
4330,0.7997073531150818
4331,0.7569575309753418
4332,0.723443865776062
4333,0.8433135747909546
4334,0.7789239883422852
4335,0.8656086325645447
4336,0.8456143140792847
4337,0.8308014869689941
4338,0.8485139608383179
4339,0.7700043320655823
4340,0.7729818224906921
4341,0.7692635655403137
4342,0.871712327003479
4343,0.879029393196106
4344,0.8401234745979309
4345,0.7993428707122803
4346,0.7690841555595398
4347,0.8377557396888733
4348,0.8045705556869507
4349,0.829129159450531
4350,0.8256378173828125
4351,0.8111824989318848
4352,0.8443061709403992
4353,0.8241357803344727
4354,0.9113767147064209
4355,0.8644327521324158
4356,0.8574920892715454
4357,0.8877894282341003
4358,0.8387587070465088
4359,0.8333389759063721
4360,0.8204847574234009
4361,0.8046443462371826
4362,0.8307805061340332
4363,0.8324629664421082
4364,0.8862618207931519
4365,0.8502994179725647
4366,0.8197742700576782
4367,0.8598961234092712
4368,0.8055364489555359
4369,0.8735097646713257
4370,0.8146034479141235
4371,0.7717152833938599
4372,0.8338121771812439
4373,0.842477560043335
4374,0.8202487230300903
4375,0.7906813621520996
4376,0.8850880861282349
4377,0.8605830073356628
4378,0.8325719237327576
4379,0.8379237651824951
4380,0.8415111303329468
4381,0.9438989162445068
4382,0.7286504507064819
4383,0.8665363192558289
4384,0.7961174249649048
4385,0.7901716232299805
4386,0.8265036344528198
4387,0.7908632755279541
4388,0.7548170685768127
4389,0.7904751300811768
4390,0.8529472947120667
4391,0.7795693874359131
4392,0.8450943827629089
4393,0.8500250577926636
4394,0.8986694812774658
4395,0.8645752668380737
4396,0.8735034465789795
4397,0.8401989340782166
4398,0.7950200438499451
4399,0.8617539405822754
4400,0.7966681718826294
4401,0.8447295427322388
4402,0.7777971029281616
4403,0.8696122169494629
4404,0.8602511286735535
4405,0.8419612050056458
4406,0.9251269698143005
4407,0.8407965898513794
4408,0.7700715065002441
4409,0.9023744463920593
4410,0.8511433005332947
4411,0.7716761827468872
4412,0.7664557695388794
4413,0.8018213510513306
4414,0.8224940299987793
4415,0.8191032409667969
4416,0.8483858108520508
4417,0.8563598394393921
4418,0.8447921276092529
4419,0.7999148368835449
4420,0.8030291795730591
4421,0.7997779846191406
4422,0.8777196407318115
4423,0.7547203302383423
4424,0.7995355129241943
4425,0.8028185367584229
4426,0.9051153659820557
4427,0.8765332698822021
4428,0.8872562646865845
4429,0.7832105159759521
4430,0.7708542943000793
4431,0.8697127103805542
4432,0.8108039498329163
4433,0.833949089050293
4434,0.8886557817459106
4435,0.8519046306610107
4436,0.8081753253936768
4437,0.7758766412734985
4438,0.8022251129150391
4439,0.7907905578613281
4440,0.7756414413452148
4441,0.8298288583755493
4442,0.87737637758255
4443,0.8521461486816406
4444,0.8200298547744751
4445,0.8434751629829407
4446,0.819769024848938
4447,0.8667275309562683
4448,0.8731189966201782
4449,0.8369777202606201
4450,0.781938910484314
4451,0.851386308670044
4452,0.8598208427429199
4453,0.8221051096916199
4454,0.8329324126243591
4455,0.8212493658065796
4456,0.8663368821144104
4457,0.8302454948425293
4458,0.819922685623169
4459,0.8372803926467896
4460,0.8254956007003784
4461,0.790416419506073
4462,0.8718189001083374
4463,0.8063018918037415
4464,0.8952449560165405
4465,0.8109493851661682
4466,0.8596179485321045
4467,0.8891794681549072
4468,0.8044516444206238
4469,0.8448911905288696
4470,0.8108561635017395
4471,0.8569391965866089
4472,0.7760618925094604
4473,0.9144186973571777
4474,0.9442108273506165
4475,0.857761025428772
4476,0.77922523021698
4477,0.8979917168617249
4478,0.8051727414131165
4479,0.8426728844642639
4480,0.8719131350517273
4481,0.811321496963501
4482,0.8666315674781799
4483,0.8839281797409058
4484,0.8142440319061279
4485,0.8740938305854797
4486,0.7999522686004639
4487,0.8531720638275146
4488,0.8536298274993896
4489,0.8188631534576416
4490,0.9239098429679871
4491,0.844977855682373
4492,0.8334192037582397
4493,0.805686891078949
4494,0.8067799806594849
4495,0.8706874251365662
4496,0.8611977696418762
4497,0.7979310750961304
4498,0.8871540427207947
4499,0.8534958362579346
4500,0.7559187412261963
4501,0.7895094156265259
4502,0.8717267513275146
4503,0.8183763027191162
4504,0.9207257628440857
4505,0.8364200592041016
4506,0.7800778150558472
4507,0.8033415079116821
4508,0.7556359767913818
4509,0.8459444642066956
4510,0.8322129249572754
4511,0.7962679266929626
4512,0.7732706069946289
4513,0.8449268341064453
4514,0.8425682783126831
4515,0.7798835635185242
4516,0.8033493161201477
4517,0.8671644926071167
4518,0.8352386951446533
4519,0.860232412815094
4520,0.8162577748298645
4521,0.8475562930107117
4522,0.8190512657165527
4523,0.8211190700531006
4524,0.8011641502380371
4525,0.8740105628967285
4526,0.8679519891738892
4527,0.843748927116394
4528,0.8557944297790527
4529,0.8573521375656128
4530,0.7685513496398926
4531,0.922318696975708
4532,0.8462578058242798
4533,0.8952862024307251
4534,0.8612499833106995
4535,0.8205968141555786
4536,0.8417559862136841
4537,0.8078769445419312
4538,0.7943899035453796
4539,0.8220095634460449
4540,0.8778975605964661
4541,0.8432743549346924
4542,0.7960342168807983
4543,0.871536374092102
4544,0.8457754850387573
4545,0.9007577300071716
4546,0.8831177353858948
4547,0.911584734916687
4548,0.8048045635223389
4549,0.8508679866790771
4550,0.7635159492492676
4551,0.8284039497375488
4552,0.8156684637069702
4553,0.8717513084411621
4554,0.8271096348762512
4555,0.8023461103439331
4556,0.8811083436012268
4557,0.81528639793396
4558,0.8485579490661621
4559,0.8571909070014954
4560,0.8568280339241028
4561,0.8317867517471313
4562,0.7954421043395996
4563,0.831458330154419
4564,0.8271518349647522
4565,0.78579181432724
4566,0.8864843845367432
4567,0.8491557836532593
4568,0.8064342737197876
4569,0.8348947763442993
4570,0.8703420758247375
4571,0.8152776956558228
4572,0.8136566877365112
4573,0.8461214303970337
4574,0.8730757832527161
4575,0.8190222978591919
4576,0.8532865047454834
4577,0.7976458072662354
4578,0.8562988042831421
4579,0.7885013818740845
4580,0.8566478490829468
4581,0.8227928876876831
4582,0.8051497936248779
4583,0.8461871147155762
4584,0.9056847095489502
4585,0.7892481088638306
4586,0.8445762991905212
4587,0.7930530309677124
4588,0.8112859725952148
4589,0.8674677610397339
4590,0.8319827914237976
4591,0.8662184476852417
4592,0.8502606749534607
4593,0.8645819425582886
4594,0.7849043011665344
4595,0.8640162348747253
4596,0.8419799208641052
4597,0.7501112818717957
4598,0.8726325631141663
4599,0.8039982318878174
4600,0.8070446252822876
4601,0.876591682434082
4602,0.854011058807373
4603,0.8741884827613831
4604,0.8507307767868042
4605,0.8325082063674927
4606,0.8969301581382751
4607,0.8734535574913025
4608,0.8270515203475952
4609,0.8936502933502197
4610,0.846741795539856
4611,0.8401321768760681
4612,0.8526654839515686
4613,0.850615918636322
4614,0.8573732972145081
4615,0.7618006467819214
4616,0.8133187890052795
4617,0.8783431053161621
4618,0.9138902425765991
4619,0.8082168698310852
4620,0.8138275146484375
4621,0.762590229511261
4622,0.8665849566459656
4623,0.8625495433807373
4624,0.818256676197052
4625,0.8645930290222168
4626,0.8731982707977295
4627,0.9439160227775574
4628,0.8887726664543152
4629,0.8542855381965637
4630,0.8725411891937256
4631,0.879539966583252
4632,0.8378266096115112
4633,0.8266294002532959
4634,0.8273569941520691
4635,0.8465671539306641
4636,0.8458366394042969
4637,0.8130818605422974
4638,0.8507829904556274
4639,0.8143973350524902
4640,0.8005012273788452
4641,0.8151302337646484
4642,0.8539634346961975
4643,0.8081920146942139
4644,0.8440711498260498
4645,0.8718265295028687
4646,0.8442102670669556
4647,0.831649899482727
4648,0.8881828784942627
4649,0.8643385171890259
4650,0.8746697306632996
4651,0.8245605230331421
4652,0.8256363868713379
4653,0.8227773904800415
4654,0.8362953662872314
4655,0.7982932925224304
4656,0.8291075229644775
4657,0.8762986063957214
4658,0.8264864683151245
4659,0.8534518480300903
4660,0.8131424784660339
4661,0.7934854030609131
4662,0.8325473070144653
4663,0.8372186422348022
4664,0.846237301826477
4665,0.8059031963348389
4666,0.7756085991859436
4667,0.7749118804931641
4668,0.8692569732666016
4669,0.7647585868835449
4670,0.8296301960945129
4671,0.7684581279754639
4672,0.8423239588737488
4673,0.7414268255233765
4674,0.8487043380737305
4675,0.8459223508834839
4676,0.8782745003700256
4677,0.8337385058403015
4678,0.8526782989501953
4679,0.7979872226715088
4680,0.8303474187850952
4681,0.8753628134727478
4682,0.8265306353569031
4683,0.7849972248077393
4684,0.8506254553794861
4685,0.8346953392028809
4686,0.8847776651382446
4687,0.8130329251289368
4688,0.7936512231826782
4689,0.8605471849441528
4690,0.8426157236099243
4691,0.8544968366622925
4692,0.8531674146652222
4693,0.8204646110534668
4694,0.8551465272903442
4695,0.8073543906211853
4696,0.7966647148132324
4697,0.8375694751739502
4698,0.8156622648239136
4699,0.8789169192314148
4700,0.8332287669181824
4701,0.8701877593994141
4702,0.8176074028015137
4703,0.8447566628456116
4704,0.8519184589385986
4705,0.8370248079299927
4706,0.8291672468185425
4707,0.796615481376648
4708,0.849561333656311
4709,0.8116088509559631
4710,0.8896843791007996
4711,0.8829569220542908
4712,0.877964437007904
4713,0.8604284524917603
4714,0.8004487752914429
4715,0.8090000152587891
4716,0.873536229133606
4717,0.8560792803764343
4718,0.8683753609657288
4719,0.8002614974975586
4720,0.8717857003211975
4721,0.8220103979110718
4722,0.8662329912185669
4723,0.767005443572998
4724,0.7832471132278442
4725,0.8708425760269165
4726,0.84731125831604
4727,0.8248015642166138
4728,0.8330975770950317
4729,0.8316026926040649
4730,0.8884714245796204
4731,0.8341420888900757
4732,0.7385390996932983
4733,0.858149528503418
4734,0.8903960585594177
4735,0.8551353812217712
4736,0.8228045701980591
4737,0.8616496324539185
4738,0.850561261177063
4739,0.7853756546974182
4740,0.863520085811615
4741,0.8439508676528931
4742,0.8062353134155273
4743,0.7918052673339844
4744,0.8420506715774536
4745,0.809657096862793
4746,0.8515953421592712
4747,0.7992544174194336
4748,0.8548722863197327
4749,0.8234453201293945
4750,0.8967106938362122
4751,0.813145101070404
4752,0.8167180418968201
4753,0.8690402507781982
4754,0.8415944576263428
4755,0.7828284502029419
4756,0.8914891481399536
4757,0.8864530920982361
4758,0.8143370151519775
4759,0.8364361524581909
4760,0.8620226383209229
4761,0.8648786544799805
4762,0.8288550972938538
4763,0.8347306251525879
4764,0.83709716796875
4765,0.8249757289886475
4766,0.819031834602356
4767,0.7240818738937378
4768,0.8730214238166809
4769,0.848041296005249
4770,0.8149338960647583
4771,0.8472332954406738
4772,0.8353205323219299
4773,0.8864749670028687
4774,0.8501425981521606
4775,0.8345808982849121
4776,0.8093937635421753
4777,0.8746497631072998
4778,0.8387829661369324
4779,0.8883143663406372
4780,0.9057148694992065
4781,0.7338277697563171
4782,0.8757083415985107
4783,0.7997613549232483
4784,0.8143477439880371
4785,0.8346983194351196
4786,0.8088886737823486
4787,0.9101457595825195
4788,0.7883114218711853
4789,0.8742799758911133
4790,0.8028863668441772
4791,0.8496851325035095
4792,0.8365529179573059
4793,0.8883485198020935
4794,0.849364161491394
4795,0.7695591449737549
4796,0.7734267711639404
4797,0.8783717155456543
4798,0.8360984921455383
4799,0.7787833213806152
4800,0.8402377963066101
4801,0.80424964427948
4802,0.8457106351852417
4803,0.7946819067001343
4804,0.8623318076133728
4805,0.8804606199264526
4806,0.8646121621131897
4807,0.9056634902954102
4808,0.7557372450828552
4809,0.8424743413925171
4810,0.7839283347129822
4811,0.7307440042495728
4812,0.8735620975494385
4813,0.853385329246521
4814,0.801563024520874
4815,0.8417665362358093
4816,0.8447057008743286
4817,0.8661539554595947
4818,0.8701951503753662
4819,0.8502050042152405
4820,0.7311141490936279
4821,0.872342586517334
4822,0.8285902738571167
4823,0.8909580707550049
4824,0.877266526222229
4825,0.8261598944664001
4826,0.866608738899231
4827,0.8141101002693176
4828,0.8658710718154907
4829,0.7959348559379578
4830,0.8716282248497009
4831,0.8282715082168579
4832,0.8925323486328125
4833,0.7969812154769897
4834,0.8990527391433716
4835,0.8202301263809204
4836,0.8791887760162354
4837,0.8607513904571533
4838,0.8692097663879395
4839,0.8529298305511475
4840,0.8794293403625488
4841,0.8122758865356445
4842,0.8605882525444031
4843,0.8597019910812378
4844,0.885977029800415
4845,0.8418784737586975
4846,0.7788326740264893
4847,0.8286536931991577
4848,0.791873037815094
4849,0.8714078664779663
4850,0.8894902467727661
4851,0.8399097323417664
4852,0.8314548134803772
4853,0.8496441841125488
4854,0.8621664047241211
4855,0.8262156248092651
4856,0.8325952291488647
4857,0.8082278966903687
4858,0.866804838180542
4859,0.8495269417762756
4860,0.8331305980682373
4861,0.8791996836662292
4862,0.8828567266464233
4863,0.7779151797294617
4864,0.8567763566970825
4865,0.8083732724189758
4866,0.8933656215667725
4867,0.8258776068687439
4868,0.8321365118026733
4869,0.8672565817832947
4870,0.8553246855735779
4871,0.7650319337844849
4872,0.7869607210159302
4873,0.8318463563919067
4874,0.9122198820114136
4875,0.8213967680931091
4876,0.8118954300880432
4877,0.7614566087722778
4878,0.7708073854446411
4879,0.7958836555480957
4880,0.7940375804901123
4881,0.8681848049163818
4882,0.8093832731246948
4883,0.8961358666419983
4884,0.8508939146995544
4885,0.8318934440612793
4886,0.8380409479141235
4887,0.850850522518158
4888,0.8554309010505676
4889,0.8121843934059143
4890,0.7938865423202515
4891,0.8296474814414978
4892,0.8786833882331848
4893,0.9284060001373291
4894,0.8039596080780029
4895,0.7708619832992554
4896,0.8532845973968506
4897,0.8226932287216187
4898,0.8191682696342468
4899,0.8690148591995239
4900,0.8087679147720337
4901,0.859116792678833
4902,0.8229271173477173
4903,0.8748552799224854
4904,0.9040535092353821
4905,0.8759874701499939
4906,0.8442159295082092
4907,0.8041202425956726
4908,0.7706208229064941
4909,0.8164049983024597
4910,0.9141535758972168
4911,0.8297098875045776
4912,0.7389338612556458
4913,0.8344663381576538
4914,0.8227288126945496
4915,0.8340816497802734
4916,0.898741602897644
4917,0.8363280296325684
4918,0.8276616930961609
4919,0.8771809339523315
4920,0.8625136613845825
4921,0.8326666355133057
4922,0.8496620655059814
4923,0.8156765103340149
4924,0.8103463649749756
4925,0.8233927488327026
4926,0.8293371200561523
4927,0.8299570679664612
4928,0.7694846391677856
4929,0.8693674802780151
4930,0.7753947973251343
4931,0.8879442811012268
4932,0.8563398718833923
4933,0.7736336588859558
4934,0.7847129106521606
4935,0.810712993144989
4936,0.7676461935043335
4937,0.8592530488967896
4938,0.808295726776123
4939,0.865302324295044
4940,0.7911207675933838
4941,0.7902967929840088
4942,0.7810673117637634
4943,0.8383970260620117
4944,0.8545889854431152
4945,0.7893247604370117
4946,0.7512607574462891
4947,0.8733562231063843
4948,0.8502720594406128
4949,0.8643838167190552
4950,0.8222599029541016
4951,0.8164957165718079
4952,0.7892413139343262
4953,0.8488015532493591
4954,0.8493033647537231
4955,0.8847178220748901
4956,0.7889701128005981
4957,0.8201066851615906
4958,0.8163267374038696
4959,0.7354953289031982
4960,0.7905486226081848
4961,0.758188784122467
4962,0.840799868106842
4963,0.764117956161499
4964,0.8854417204856873
4965,0.8308998346328735
4966,0.8453057408332825
4967,0.8217563629150391
4968,0.7644062042236328
4969,0.8893205523490906
4970,0.854460597038269
4971,0.7754721641540527
4972,0.866486668586731
4973,0.8626198172569275
4974,0.8509010076522827
4975,0.8437643051147461
4976,0.8551894426345825
4977,0.8720836639404297
4978,0.8410385847091675
4979,0.8307108283042908
4980,0.7923846244812012
4981,0.8963507413864136
4982,0.8177209496498108
4983,0.8535634279251099
4984,0.9005411863327026
4985,0.8117440938949585
4986,0.8947970867156982
4987,0.847278892993927
4988,0.8191360235214233
4989,0.8528203368186951
4990,0.846697211265564
4991,0.8396092057228088
4992,0.8287373781204224
4993,0.8134951591491699
4994,0.8239402174949646
4995,0.7804805636405945
4996,0.7999714612960815
4997,0.8456981778144836
4998,0.8345624208450317
4999,0.788165271282196
5000,0.8109843730926514
5001,0.8774771094322205
5002,0.818374752998352
5003,0.8526602387428284
5004,0.9026030898094177
5005,0.8720333576202393
5006,0.8280880451202393
5007,0.8869606852531433
5008,0.7889975309371948
5009,0.7967416644096375
5010,0.8370296359062195
5011,0.8392679691314697
5012,0.8151524662971497
5013,0.8535020351409912
5014,0.8154208064079285
5015,0.927086591720581
5016,0.8414979577064514
5017,0.9399964809417725
5018,0.9201606512069702
5019,0.839921772480011
5020,0.7762439250946045
5021,0.8142279386520386
5022,0.8706327080726624
5023,0.7787494659423828
5024,0.8461712002754211
5025,0.889818012714386
5026,0.8124560117721558
5027,0.7800102233886719
5028,0.8414946794509888
5029,0.7672576308250427
5030,0.9349158406257629
5031,0.770832359790802
5032,0.8737037777900696
5033,0.8607403635978699
5034,0.8302539587020874
5035,0.8726417422294617
5036,0.842363715171814
5037,0.8266807794570923
5038,0.894305944442749
5039,0.7782612442970276
5040,0.7609130144119263
5041,0.8358550667762756
5042,0.8250083923339844
5043,0.8524736166000366
5044,0.809477686882019
5045,0.8102470636367798
5046,0.8228470683097839
5047,0.8961255550384521
5048,0.8932482600212097
5049,0.8468301892280579
5050,0.799480140209198
5051,0.8506286144256592
5052,0.8254415988922119
5053,0.8013253808021545
5054,0.7438737154006958
5055,0.8408758640289307
5056,0.8167055249214172
5057,0.8167694807052612
5058,0.8370109796524048
5059,0.859485924243927
5060,0.8432407975196838
5061,0.8979706764221191
5062,0.8042253255844116
5063,0.8320200443267822
5064,0.8888519406318665
5065,0.8690441250801086
5066,0.8479400873184204
5067,0.8470381498336792
5068,0.8274181485176086
5069,0.7988673448562622
5070,0.7970741987228394
5071,0.8630399703979492
5072,0.7780711650848389
5073,0.8545453548431396
5074,0.891609787940979
5075,0.8205198645591736
5076,0.8097292184829712
5077,0.8500586152076721
5078,0.871131181716919
5079,0.9067647457122803
5080,0.854728102684021
5081,0.8366391062736511
5082,0.8306852579116821
5083,0.8838766813278198
5084,0.8114864826202393
5085,0.8615189790725708
5086,0.7721230983734131
5087,0.8299319744110107
5088,0.8441720008850098
5089,0.7488555908203125
5090,0.8787402510643005
5091,0.8619424700737
5092,0.895250678062439
5093,0.8518556356430054
5094,0.8649005889892578
5095,0.8118919134140015
5096,0.800987720489502
5097,0.842978835105896
5098,0.8961378335952759
5099,0.8152114748954773
5100,0.8284295797348022
5101,0.7701992988586426
5102,0.8398979306221008
5103,0.785531759262085
5104,0.842399537563324
5105,0.8681590557098389
5106,0.8997970819473267
5107,0.8587531447410583
5108,0.798755407333374
5109,0.8017348051071167
5110,0.9210063219070435
5111,0.7766669988632202
5112,0.7026349306106567
5113,0.8931330442428589
5114,0.8110891580581665
5115,0.7995942831039429
5116,0.9025996923446655
5117,0.817542314529419
5118,0.8054213523864746
5119,0.831960916519165
5120,0.7410215139389038
5121,0.806391716003418
5122,0.7846494317054749
5123,0.8228211998939514
5124,0.9046844244003296
5125,0.8036969900131226
5126,0.8910486698150635
5127,0.8106691837310791
5128,0.847305178642273
5129,0.8649870753288269
5130,0.8258388042449951
5131,0.8356270790100098
5132,0.8823583722114563
5133,0.7935851812362671
5134,0.7807193398475647
5135,0.8492720127105713
5136,0.7657792568206787
5137,0.8855986595153809
5138,0.9028823375701904
5139,0.8231897354125977
5140,0.805082380771637
5141,0.8417969346046448
5142,0.8803651928901672
5143,0.7562257051467896
5144,0.872686505317688
5145,0.867412269115448
5146,0.8283340930938721
5147,0.8972494006156921
5148,0.834576427936554
5149,0.8465099334716797
5150,0.7731614708900452
5151,0.7357946634292603
5152,0.7886035442352295
5153,0.8173116445541382
5154,0.8888884782791138
5155,0.9234154224395752
5156,0.7602245211601257
5157,0.8548927903175354
5158,0.8804929256439209
5159,0.7671891450881958
5160,0.8599740266799927
5161,0.7292355298995972
5162,0.7927839756011963
5163,0.8129104375839233
5164,0.8393865823745728
5165,0.8308262825012207
5166,0.8712171316146851
5167,0.8655025959014893
5168,0.8966692090034485
5169,0.8647588491439819
5170,0.8324093222618103
5171,0.807454526424408
5172,0.8428353071212769
5173,0.8923497200012207
5174,0.753657341003418
5175,0.8315912485122681
5176,0.8747140169143677
5177,0.8194319009780884
5178,0.7866175174713135
5179,0.8745092153549194
5180,0.9017171263694763
5181,0.8217012882232666
5182,0.8312586545944214
5183,0.818737268447876
5184,0.8385494947433472
5185,0.8349161744117737
5186,0.8847586512565613
5187,0.8770433664321899
5188,0.8311419486999512
5189,0.8296964168548584
5190,0.8493129014968872
5191,0.7776367664337158
5192,0.850057065486908
5193,0.8523536920547485
5194,0.787295937538147
5195,0.8749619722366333
5196,0.8676831722259521
5197,0.8352588415145874
5198,0.7623064517974854
5199,0.9047787189483643
5200,0.8729906678199768
5201,0.7308290004730225
5202,0.8155728578567505
5203,0.8626037240028381
5204,0.8227510452270508
5205,0.844085693359375
5206,0.8127970695495605
5207,0.8324824571609497
5208,0.7601428627967834
5209,0.8735476136207581
5210,0.8103396892547607
5211,0.8481005430221558
5212,0.8244465589523315
5213,0.8964319229125977
5214,0.8463943004608154
5215,0.8484240174293518
5216,0.8318854570388794
5217,0.8855626583099365
5218,0.8709888458251953
5219,0.8802691698074341
5220,0.7805229425430298
5221,0.8430147171020508
5222,0.8694984912872314
5223,0.876611590385437
5224,0.8059278130531311
5225,0.8487904071807861
5226,0.8667301535606384
5227,0.8916228413581848
5228,0.8563748598098755
5229,0.786414384841919
5230,0.867500901222229
5231,0.855952799320221
5232,0.8345502614974976
5233,0.8232073187828064
5234,0.840344250202179
5235,0.9028289318084717
5236,0.83363938331604
5237,0.8446353673934937
5238,0.7544404864311218
5239,0.8211725950241089
5240,0.9130353927612305
5241,0.7874640226364136
5242,0.822815477848053
5243,0.7661029100418091
5244,0.8288990259170532
5245,0.8422844409942627
5246,0.797573447227478
5247,0.8179755806922913
5248,0.8575842976570129
5249,0.8773015737533569
5250,0.8850101828575134
5251,0.7973213195800781
5252,0.8609282970428467
5253,0.8436059951782227
5254,0.802433431148529
5255,0.8356540203094482
5256,0.8768056631088257
5257,0.8304777145385742
5258,0.8419613838195801
5259,0.7534530162811279
5260,0.8037241697311401
5261,0.8147686123847961
5262,0.7822834849357605
5263,0.8886145353317261
5264,0.8565016984939575
5265,0.8556358218193054
5266,0.8764818906784058
5267,0.8737016916275024
5268,0.8505009412765503
5269,0.816039502620697
5270,0.8379653692245483
5271,0.8327373266220093
5272,0.8676943778991699
5273,0.8893656730651855
5274,0.835934042930603
5275,0.8793919086456299
5276,0.8548460006713867
5277,0.857356607913971
5278,0.8871475458145142
5279,0.857832670211792
5280,0.8745924830436707
5281,0.8858441114425659
5282,0.8382800221443176
5283,0.844307541847229
5284,0.916897177696228
5285,0.8044447898864746
5286,0.8082019686698914
5287,0.894845187664032
5288,0.8541253805160522
5289,0.8572510480880737
5290,0.8440443277359009
5291,0.8632028102874756
5292,0.8865063786506653
5293,0.7766100168228149
5294,0.8116558194160461
5295,0.8731886744499207
5296,0.828778088092804
5297,0.7854210734367371
5298,0.8077373504638672
5299,0.8605037331581116
5300,0.842450737953186
5301,0.9052558541297913
5302,0.8189979791641235
5303,0.8745219707489014
5304,0.774395227432251
5305,0.8000487089157104
5306,0.8407019376754761
5307,0.7321425080299377
5308,0.8215979337692261
5309,0.8339427709579468
5310,0.8444396257400513
5311,0.9313743114471436
5312,0.9515300393104553
5313,0.8776413202285767
5314,0.8487167358398438
5315,0.8462092280387878
5316,0.8196698427200317
5317,0.861411452293396
5318,0.8651718497276306
5319,0.828392505645752
5320,0.8632978796958923
5321,0.8248831629753113
5322,0.8551909923553467
5323,0.8404558300971985
5324,0.8745357990264893
5325,0.9035631418228149
5326,0.8579074740409851
5327,0.8651282787322998
5328,0.7660987377166748
5329,0.8370072245597839
5330,0.8614999055862427
5331,0.8536552786827087
5332,0.8696527481079102
5333,0.8061457276344299
5334,0.8557083010673523
5335,0.8918282985687256
5336,0.8613227605819702
5337,0.8946775197982788
5338,0.8953735828399658
5339,0.8580172061920166
5340,0.8899388313293457
5341,0.8656324148178101
5342,0.7620894908905029
5343,0.795390248298645
5344,0.8113022446632385
5345,0.822550356388092
5346,0.8241217732429504
5347,0.8261789083480835
5348,0.9144293069839478
5349,0.8578351736068726
5350,0.7368585467338562
5351,0.8223681449890137
5352,0.8273502588272095
5353,0.7690639495849609
5354,0.8702164888381958
5355,0.8457746505737305
5356,0.8331565260887146
5357,0.8524115085601807
5358,0.8891633749008179
5359,0.7928196787834167
5360,0.7929262518882751
5361,0.8656527996063232
5362,0.8187680244445801
5363,0.8238414525985718
5364,0.9049127101898193
5365,0.9023640751838684
5366,0.7585002183914185
5367,0.8928956985473633
5368,0.8704884052276611
5369,0.8462525010108948
5370,0.8519169092178345
5371,0.8111261129379272
5372,0.8233041167259216
5373,0.8316110372543335
5374,0.8923329710960388
5375,0.8917510509490967
5376,0.8301133513450623
5377,0.8705810308456421
5378,0.889561653137207
5379,0.7871004343032837
5380,0.7929205894470215
5381,0.8541533946990967
5382,0.8018953800201416
5383,0.8234121799468994
5384,0.8556058406829834
5385,0.8288375735282898
5386,0.8681296110153198
5387,0.857824444770813
5388,0.8635329008102417
5389,0.8090155124664307
5390,0.8711819648742676
5391,0.7773776650428772
5392,0.8655076622962952
5393,0.7694133520126343
5394,0.8244262933731079
5395,0.844751238822937
5396,0.9011671543121338
5397,0.8299936056137085
5398,0.8426485657691956
5399,0.8826602697372437
5400,0.8052539229393005
5401,0.8346646428108215
5402,0.8100721836090088
5403,0.807232141494751
5404,0.8660398125648499
5405,0.8807638883590698
5406,0.8289560675621033
5407,0.822523832321167
5408,0.8407281637191772
5409,0.8274778127670288
5410,0.8422518968582153
5411,0.8506587743759155
5412,0.8723783493041992
5413,0.8590010404586792
5414,0.7891534566879272
5415,0.8031895160675049
5416,0.888595700263977
5417,0.8862756490707397
5418,0.8467832803726196
5419,0.8471704721450806
5420,0.8901727795600891
5421,0.8293846845626831
5422,0.8724549412727356
5423,0.7782227993011475
5424,0.8533432483673096
5425,0.8913137912750244
5426,0.831449568271637
5427,0.8613415956497192
5428,0.8808083534240723
5429,0.830502986907959
5430,0.8350574970245361
5431,0.9012014865875244
5432,0.8906661868095398
5433,0.849078357219696
5434,0.8966083526611328
5435,0.8373732566833496
5436,0.9071140289306641
5437,0.8280214071273804
5438,0.9328189492225647
5439,0.8138913512229919
5440,0.8314974308013916
5441,0.8102748394012451
5442,0.8072139024734497
5443,0.8567823171615601
5444,0.7925180196762085
5445,0.8196454048156738
5446,0.8633869290351868
5447,0.8730113506317139
5448,0.7966302633285522
5449,0.8112788796424866
5450,0.8705204725265503
5451,0.8237928152084351
5452,0.8614587783813477
5453,0.8422741293907166
5454,0.8716553449630737
5455,0.8332343101501465
5456,0.8625431060791016
5457,0.875820517539978
5458,0.8748995065689087
5459,0.7986048460006714
5460,0.8225491046905518
5461,0.8945184350013733
5462,0.822806715965271
5463,0.726205050945282
5464,0.7574717998504639
5465,0.8111765384674072
5466,0.8666971921920776
5467,0.8115421533584595
5468,0.8324838280677795
5469,0.7967637777328491
5470,0.8480792045593262
5471,0.8858309388160706
5472,0.8386606574058533
5473,0.8225569128990173
5474,0.8386993408203125
5475,0.8766027092933655
5476,0.8580591678619385
5477,0.8603029251098633
5478,0.8302081823348999
5479,0.7698054909706116
5480,0.8479013442993164
5481,0.8709516525268555
5482,0.8127835988998413
5483,0.7963369488716125
5484,0.8362504243850708
5485,0.8673056364059448
5486,0.8311026096343994
5487,0.9097798466682434
5488,0.8400909304618835
5489,0.808556854724884
5490,0.8711055517196655
5491,0.8419699668884277
5492,0.7944340705871582
5493,0.8047146797180176
5494,0.8981940746307373
5495,0.8664016723632812
5496,0.8427116870880127
5497,0.8119429349899292
5498,0.8188168406486511
5499,0.8660191297531128
5500,0.8185206651687622
5501,0.8131728172302246
5502,0.8550909757614136
5503,0.8519168496131897
5504,0.8079275488853455
5505,0.8046709299087524
5506,0.8198993802070618
5507,0.8475388288497925
5508,0.8668704032897949
5509,0.7881082892417908
5510,0.8461605906486511
5511,0.8595220446586609
5512,0.8359279632568359
5513,0.8305703401565552
5514,0.8752778768539429
5515,0.8754943013191223
5516,0.8505252599716187
5517,0.8792662620544434
5518,0.8168150782585144
5519,0.9200852513313293
5520,0.8312972784042358
5521,0.8462744951248169
5522,0.7744688987731934
5523,0.7531651258468628
5524,0.8100652694702148
5525,0.8032008409500122
5526,0.8896026611328125
5527,0.8121708631515503
5528,0.8781008720397949
5529,0.8572783470153809
5530,0.8741803169250488
5531,0.8629708290100098
5532,0.8802509307861328
5533,0.8423223495483398
5534,0.8652911186218262
5535,0.849934995174408
5536,0.8671776056289673
5537,0.8559672832489014
5538,0.8232797384262085
5539,0.8641180992126465
5540,0.8491541147232056
5541,0.8894100189208984
5542,0.8482805490493774
5543,0.81395423412323
5544,0.8407186269760132
5545,0.8703031539916992
5546,0.8820725679397583
5547,0.8805488348007202
5548,0.8431761264801025
5549,0.804779589176178
5550,0.873786449432373
5551,0.849044144153595
5552,0.8854624032974243
5553,0.8152130842208862
5554,0.854617714881897
5555,0.8263306021690369
5556,0.7979246377944946
5557,0.815055251121521
5558,0.8525488972663879
5559,0.8136699199676514
5560,0.859464168548584
5561,0.7899545431137085
5562,0.8238686323165894
5563,0.8042600750923157
5564,0.91013503074646
5565,0.8122389316558838
5566,0.7940797805786133
5567,0.8213697671890259
5568,0.8318825364112854
5569,0.8481040000915527
5570,0.8188537955284119
5571,0.8696372509002686
5572,0.8017235398292542
5573,0.8431485891342163
5574,0.8450707197189331
5575,0.8092203140258789
5576,0.9653006792068481
5577,0.8314064741134644
5578,0.9192028045654297
5579,0.781298041343689
5580,0.8723500370979309
5581,0.8207111358642578
5582,0.9682807922363281
5583,0.8151845932006836
5584,0.8510593175888062
5585,0.7865020036697388
5586,0.8440739512443542
5587,0.8192741870880127
5588,0.8116512298583984
5589,0.8488577008247375
5590,0.8929107189178467
5591,0.851326584815979
5592,0.8348364233970642
5593,0.8003013134002686
5594,0.8001081943511963
5595,0.8554003238677979
5596,0.8561892509460449
5597,0.8418021202087402
5598,0.8713697195053101
5599,0.8636997938156128
5600,0.8130669593811035
5601,0.8387412428855896
5602,0.8258477449417114
5603,0.797343909740448
5604,0.8398258686065674
5605,0.7954554557800293
5606,0.8662222623825073
5607,0.8614109754562378
5608,0.8330516219139099
5609,0.8353402018547058
5610,0.8567869067192078
5611,0.828742265701294
5612,0.8050371408462524
5613,0.821805477142334
5614,0.8283563852310181
5615,0.8821537494659424
5616,0.8353007435798645
5617,0.7732042074203491
5618,0.8704004287719727
5619,0.7899999618530273
5620,0.8016030788421631
5621,0.8489342927932739
5622,0.8353284597396851
5623,0.8286711573600769
5624,0.8592519760131836
5625,0.8213167190551758
5626,0.8702779412269592
5627,0.8677745461463928
5628,0.7801094055175781
5629,0.8060401082038879
5630,0.812757134437561
5631,0.7582863569259644
5632,0.8173581957817078
5633,0.8906986117362976
5634,0.9042525887489319
5635,0.7561338543891907
5636,0.8315302133560181
5637,0.8353263139724731
5638,0.8278311491012573
5639,0.8376226425170898
5640,0.855355978012085
5641,0.8979552388191223
5642,0.8724473714828491
5643,0.8171905279159546
5644,0.8369803428649902
5645,0.7933777570724487
5646,0.7954394817352295
5647,0.8151464462280273
5648,0.8067514896392822
5649,0.8546066284179688
5650,0.9175122976303101
5651,0.8291566967964172
5652,0.8125073909759521
5653,0.8949663043022156
5654,0.9042405486106873
5655,0.8067660331726074
5656,0.8580127954483032
5657,0.7967469692230225
5658,0.9184395670890808
5659,0.9377151727676392
5660,0.7750797867774963
5661,0.8705310225486755
5662,0.8267385959625244
5663,0.8895186185836792
5664,0.8784796595573425
5665,0.8402140140533447
5666,0.8276852369308472
5667,0.7417458891868591
5668,0.7734626531600952
5669,0.8502355217933655
5670,0.7896992564201355
5671,0.8453049659729004
5672,0.8479644656181335
5673,0.7986475229263306
5674,0.7235581874847412
5675,0.8493809700012207
5676,0.8420277833938599
5677,0.8177832961082458
5678,0.8604317307472229
5679,0.8261537551879883
5680,0.8090146780014038
5681,0.7974390983581543
5682,0.826351523399353
5683,0.84278404712677
5684,0.8133202195167542
5685,0.8792166709899902
5686,0.8536438345909119
5687,0.8807260394096375
5688,0.7999159693717957
5689,0.7971904277801514
5690,0.8527626991271973
5691,0.8321086764335632
5692,0.814477801322937
5693,0.8222321271896362
5694,0.8660559058189392
5695,0.832772970199585
5696,0.7715069651603699
5697,0.824680745601654
5698,0.8268193006515503
5699,0.8503138422966003
5700,0.83402019739151
5701,0.813654899597168
5702,0.8475490212440491
5703,0.8427358865737915
5704,0.8896771669387817
5705,0.8584423661231995
5706,0.8359266519546509
5707,0.7560467720031738
5708,0.8038651347160339
5709,0.9024593234062195
5710,0.8242818117141724
5711,0.8856935501098633
5712,0.8784210085868835
5713,0.8516705632209778
5714,0.8384438157081604
5715,0.8291558027267456
5716,0.8014684319496155
5717,0.7652021050453186
5718,0.8529645800590515
5719,0.8518121242523193
5720,0.8308454751968384
5721,0.8007982969284058
5722,0.8247411251068115
5723,0.8464484214782715
5724,0.8029743432998657
5725,0.9140872955322266
5726,0.8886052966117859
5727,0.8427334427833557
5728,0.8195873498916626
5729,0.8475899696350098
5730,0.8354843258857727
5731,0.8492492437362671
5732,0.9376829862594604
5733,0.7797707915306091
5734,0.8540024757385254
5735,0.7941116094589233
5736,0.8749219179153442
5737,0.8234921097755432
5738,0.8567829728126526
5739,0.8390146493911743
5740,0.7959790229797363
5741,0.8779182434082031
5742,0.8082716464996338
5743,0.7832226753234863
5744,0.8018532991409302
5745,0.8239297270774841
5746,0.8451207876205444
5747,0.7946217060089111
5748,0.7514311671257019
5749,0.7965757250785828
5750,0.8456191420555115
5751,0.8635057210922241
5752,0.8730716705322266
5753,0.8118366003036499
5754,0.87537682056427
5755,0.8489378690719604
5756,0.8642668724060059
5757,0.8381688594818115
5758,0.8719637393951416
5759,0.7659202218055725
5760,0.9102010726928711
5761,0.7732248306274414
5762,0.8177238702774048
5763,0.8440950512886047
5764,0.7575315833091736
5765,0.7782135009765625
5766,0.8925466537475586
5767,0.8600249290466309
5768,0.8205552101135254
5769,0.8584299087524414
5770,0.8371315002441406
5771,0.8518023490905762
5772,0.8723388910293579
5773,0.7168722152709961
5774,0.8626086711883545
5775,0.8681764602661133
5776,0.8286297917366028
5777,0.875255823135376
5778,0.856951117515564
5779,0.8398663997650146
5780,0.8750989437103271
5781,0.8354633450508118
5782,0.8587019443511963
5783,0.8823100328445435
5784,0.8869919776916504
5785,0.8405165076255798
5786,0.8523678779602051
5787,0.848296046257019
5788,0.7319623231887817
5789,0.8755818605422974
5790,0.8644441962242126
5791,0.861473560333252
5792,0.8217688798904419
5793,0.8755142688751221
5794,0.8408606052398682
5795,0.8512859344482422
5796,0.8963996767997742
5797,0.8619649410247803
5798,0.8743945956230164
5799,0.9010368585586548
5800,0.779691219329834
5801,0.8689958453178406
5802,0.8128689527511597
5803,0.811780571937561
5804,0.8179097175598145
5805,0.8437784910202026
5806,0.81325364112854
5807,0.7624378204345703
5808,0.89683997631073
5809,0.8899416327476501
5810,0.7975385189056396
5811,0.8319512605667114
5812,0.8100935220718384
5813,0.8371068239212036
5814,0.8343703746795654
5815,0.8168668746948242
5816,0.804619312286377
5817,0.8180283308029175
5818,0.7829744815826416
5819,0.81935715675354
5820,0.8273255825042725
5821,0.8417964577674866
5822,0.8728516101837158
5823,0.8844401836395264
5824,0.7543153762817383
5825,0.8734186887741089
5826,0.8241255879402161
5827,0.8095701932907104
5828,0.8070110082626343
5829,0.8430638313293457
5830,0.7465965151786804
5831,0.7907140254974365
5832,0.7981827259063721
5833,0.8645543456077576
5834,0.8575969338417053
5835,0.7861886024475098
5836,0.8232232928276062
5837,0.8804689049720764
5838,0.8664471507072449
5839,0.8471803665161133
5840,0.7931634187698364
5841,0.9088135957717896
5842,0.8803085088729858
5843,0.8379587531089783
5844,0.7445389032363892
5845,0.880943775177002
5846,0.8838924765586853
5847,0.8194789886474609
5848,0.8647341728210449
5849,0.8486957550048828
5850,0.9165481328964233
5851,0.8521655797958374
5852,0.8423771858215332
5853,0.889672040939331
5854,0.8076400756835938
5855,0.8558163642883301
5856,0.8061363697052002
5857,0.8819010257720947
5858,0.8772041201591492
5859,0.8409519195556641
5860,0.856070339679718
5861,0.8844257593154907
5862,0.7896643877029419
5863,0.800053596496582
5864,0.8855738639831543
5865,0.8046633005142212
5866,0.8443238139152527
5867,0.8175977468490601
5868,0.8428149223327637
5869,0.8375197649002075
5870,0.9084513187408447
5871,0.8222490549087524
5872,0.7975790500640869
5873,0.833655059337616
5874,0.8436864614486694
5875,0.8648734092712402
5876,0.8644406795501709
5877,0.876009464263916
5878,0.846269965171814
5879,0.8415710926055908
5880,0.7873148322105408
5881,0.7427176237106323
5882,0.7953243255615234
5883,0.7640589475631714
5884,0.8054426312446594
5885,0.8724434971809387
5886,0.8097310066223145
5887,0.8065675497055054
5888,0.927675724029541
5889,0.8895900845527649
5890,0.7913786172866821
5891,0.8683608770370483
5892,0.821984052658081
5893,0.8450973033905029
5894,0.8155226707458496
5895,0.8730649352073669
5896,0.8594264984130859
5897,0.9173228144645691
5898,0.9315821528434753
5899,0.7989778518676758
5900,0.7706723213195801
5901,0.8603371381759644
5902,0.8340247869491577
5903,0.8097989559173584
5904,0.8400209546089172
5905,0.8792179822921753
5906,0.8375101685523987
5907,0.8298966288566589
5908,0.7852823734283447
5909,0.8585034012794495
5910,0.8327202796936035
5911,0.8530195951461792
5912,0.7438942790031433
5913,0.8923264741897583
5914,0.9214215278625488
5915,0.7750749588012695
5916,0.874611496925354
5917,0.8195012807846069
5918,0.8054119348526001
5919,0.8527982234954834
5920,0.877011239528656
5921,0.8589272499084473
5922,0.9101004600524902
5923,0.8362495303153992
5924,0.8038115501403809
5925,0.8153061866760254
5926,0.8137099146842957
5927,0.8865466117858887
5928,0.825446605682373
5929,0.8240939378738403
5930,0.8300774097442627
5931,0.8376117944717407
5932,0.848020076751709
5933,0.8186231851577759
5934,0.8005735874176025
5935,0.7899590730667114
5936,0.7558417320251465
5937,0.9049686789512634
5938,0.8010147213935852
5939,0.8393699526786804
5940,0.8888779878616333
5941,0.8320665955543518
5942,0.8851643800735474
5943,0.8415759801864624
5944,0.8182097673416138
5945,0.94969642162323
5946,0.7785927653312683
5947,0.8631309270858765
5948,0.9094358682632446
5949,0.8107403516769409
5950,0.8045358061790466
5951,0.8975733518600464
5952,0.8434550762176514
5953,0.8397818803787231
5954,0.831856906414032
5955,0.864457368850708
5956,0.828170895576477
5957,0.7832973003387451
5958,0.8581567406654358
5959,0.8274648785591125
5960,0.8508986830711365
5961,0.9212014079093933
5962,0.8532521724700928
5963,0.8121439218521118
5964,0.8170255422592163
5965,0.8461991548538208
5966,0.8708047866821289
5967,0.8193215727806091
5968,0.84205162525177
5969,0.9113197326660156
5970,0.8543933629989624
5971,0.840373158454895
5972,0.8543438911437988
5973,0.8557291626930237
5974,0.8641296625137329
5975,0.8995388746261597
5976,0.8283939957618713
5977,0.8276787996292114
5978,0.8583516478538513
5979,0.8256896138191223
5980,0.8552367687225342
5981,0.8569681644439697
5982,0.7910048961639404
5983,0.8206884860992432
5984,0.8264592289924622
5985,0.8734027743339539
5986,0.8231513500213623
5987,0.8287841081619263
5988,0.8367897272109985
5989,0.888757586479187
5990,0.8702929615974426
5991,0.8815398216247559
5992,0.7874792814254761
5993,0.8229527473449707
5994,0.8959363698959351
5995,0.783839225769043
5996,0.9082889556884766
5997,0.8790789842605591
5998,0.8374199867248535
5999,0.8245259523391724
